ProductID,URL,Title,Selling Price,MRP,Discount,Rating,Rating_Count,Category,Subcategory
B0D6NMXQ2V,https://www.amazon.in/dp/B0D6NMXQ2V?th=1&psc=1&language=en_IN,"HP H150 Wireless in Ear Earbuds, Compatible with Tablets, Smartphones, Pcs, and Other Devices with Bluetooth,Noise-Reduction,Water Resistant Design,Black,0.036Kg",499.0,2499.0,0.8,2.8,1037.0,"Electronics > Headphones, Earbuds & Accessories > Headphones > In-Ear",In-Ear
B0CZ3ZPD8B,https://www.amazon.in/dp/B0CZ3ZPD8B?th=1&psc=1&language=en_IN,"boAt Airdopes 311 Pro, 50HRS Battery, Fast Charge, Dual Mics ENx Tech, Transparent LID, Low Latency, IPX4, IWP Tech, v5.3 Bluetooth Earbuds, TWS Ear Buds Wireless Earphones with mic (Active Black)",799.0,4990.0,0.84,3.4,4246.0,"Electronics > Headphones, Earbuds & Accessories > Headphones > In-Ear",In-Ear
B07PR1CL3S,https://www.amazon.in/dp/B07PR1CL3S?th=1&psc=1&language=en_IN,"Boat Rockerz 450/450R, 15 HRS Battery, 40mm Drivers, Padded Ear Cushions, Integrated Controls, Dual Modes, Bluetooth Headphones, Wireless Headphone with Mic (Luscious Black)",1399.0,3990.0,0.65,4.0,117423.0,"Electronics > Headphones, Earbuds & Accessories > Headphones > On-Ear",On-Ear
B0C8JB3G5W,https://www.amazon.in/dp/B0C8JB3G5W?th=1&psc=1&language=en_IN,"OnePlus Nord Buds 2r True Wireless in Ear Earbuds with Mic, 12.4mm Drivers, Playback:Upto 38hr case,4-Mic Design, IP55 Rating [Deep Grey]",1799.0,2299.0,0.22,4.2,25468.0,"Electronics > Headphones, Earbuds & Accessories > Headphones > In-Ear",In-Ear
B07YNV41FT,https://www.amazon.in/dp/B07YNV41FT?th=1&psc=1&language=en_IN,"Zebronics ZEB-COUNTY 3W Wireless Bluetooth Portable Speaker With Supporting Carry Handle, USB, SD Card, AUX, FM & Call Function. (Black)",499.0,999.0,0.5,3.8,30844.0,Electronics > Home Audio > Speakers > Bluetooth Speakers,Bluetooth Speakers
B0DGJLL7V1,https://www.amazon.in/dp/B0DGJLL7V1?th=1&psc=1&language=en_IN,"Apple AirPods 4 Wireless Earbuds, Bluetooth Headphones, Personalised Spatial Audio, Sweat and Water Resistant, USB-C Charging Case, H2 Chip, Up to 30 Hours of Battery Life, Effortless Setup for iPhone",11999.0,12900.0,0.07,4.0,394.0,"Electronics > Headphones, Earbuds & Accessories > Headphones > In-Ear",In-Ear
B0D6NMXQ2V,https://www.amazon.in/dp/B0D6NMXQ2V?th=1&psc=1&language=en_IN,"HP H150 Wireless in Ear Earbuds, Compatible with Tablets, Smartphones, Pcs, and Other Devices with Bluetooth,Noise-Reduction,Water Resistant Design,Black,0.036Kg",499.0,2499.0,0.8,2.8,1037.0,"Electronics > Headphones, Earbuds & Accessories > Headphones > In-Ear",In-Ear
B09TVVGXWS,https://www.amazon.in/dp/B09TVVGXWS?th=1&psc=1&language=en_IN,"Oneplus Bullets Z2 Bluetooth Wireless in Ear Earphones with Mic, Bombastic Bass - 12.4 mm Drivers, 10 Mins Charge - 20 Hrs Music, 30 Hrs Battery Life, IP55 Dust and Water Resistant (Magico Black)",1399.0,2299.0,0.39,4.1,193526.0,"Electronics > Headphones, Earbuds & Accessories > Headphones > In-Ear",In-Ear
B07PR1CL3S,https://www.amazon.in/dp/B07PR1CL3S?th=1&psc=1&language=en_IN,"Boat Rockerz 450/450R, 15 HRS Battery, 40mm Drivers, Padded Ear Cushions, Integrated Controls, Dual Modes, Bluetooth Headphones, Wireless Headphone with Mic (Luscious Black)",1399.0,3990.0,0.65,4.0,117423.0,"Electronics > Headphones, Earbuds & Accessories > Headphones > On-Ear",On-Ear
B0DK96DPY6,https://www.amazon.in/dp/B0DK96DPY6?th=1&psc=1&language=en_IN,"Noise Master Buds, Sound by Bose in-Ear Bluetooth Earbuds, Up to 49dB Adaptive ANC, LHDC 5.0, Immersive Spatial Audio, 44H Playtime with 6 mic ENC, Dual Pairing, IPX5 Ear Buds TWS (Titanium)",7999.0,5360.055396825397,0.5959722222222222,3.8,658.0,"Electronics > Headphones, Earbuds & Accessories > Headphones > In-Ear",In-Ear
B07PR1CL3S,https://www.amazon.in/dp/B07PR1CL3S?th=1&psc=1&language=en_IN,"Boat Rockerz 450/450R, 15 HRS Battery, 40mm Drivers, Padded Ear Cushions, Integrated Controls, Dual Modes, Bluetooth Headphones, Wireless Headphone with Mic (Luscious Black)",1399.0,3990.0,0.65,4.0,117423.0,"Electronics > Headphones, Earbuds & Accessories > Headphones > On-Ear",On-Ear
B09TVVGXWS,https://www.amazon.in/dp/B09TVVGXWS?th=1&psc=1&language=en_IN,"Oneplus Bullets Z2 Bluetooth Wireless in Ear Earphones with Mic, Bombastic Bass - 12.4 mm Drivers, 10 Mins Charge - 20 Hrs Music, 30 Hrs Battery Life, IP55 Dust and Water Resistant (Magico Black)",1399.0,2299.0,0.39,4.1,193526.0,"Electronics > Headphones, Earbuds & Accessories > Headphones > In-Ear",In-Ear
B07PR1CL3S,https://www.amazon.in/dp/B07PR1CL3S?th=1&psc=1&language=en_IN,"Boat Rockerz 450/450R, 15 HRS Battery, 40mm Drivers, Padded Ear Cushions, Integrated Controls, Dual Modes, Bluetooth Headphones, Wireless Headphone with Mic (Luscious Black)",1399.0,3990.0,0.65,4.0,117427.0,"Electronics > Headphones, Earbuds & Accessories > Headphones > On-Ear",On-Ear
B0CVLB99YR,https://www.amazon.in/dp/B0CVLB99YR?th=1&psc=1&language=en_IN,"Boult Audio UFO Truly Wireless in Ear Earbuds with 48H Playtime, Built-in App Support, 45ms Low Latency Gaming, 4 Mics ENC, Breathing LEDs, 13mm Bass Drivers Ear Buds TWS, Made in India (Black Gloss)",1299.0,3499.0,0.63,3.9,5521.0,"Electronics > Headphones, Earbuds & Accessories > Headphones > In-Ear",In-Ear
B071Z8M4KX,https://www.amazon.in/dp/B071Z8M4KX?th=1&psc=1&language=en_IN,Boat BassHeads 100 in-Ear Headphones with Mic (Black),349.0,999.0,0.65,4.1,419495.0,"Electronics > Headphones, Earbuds & Accessories > Headphones > In-Ear",In-Ear
B0DHL63KWK,https://www.amazon.in/dp/B0DHL63KWK?th=1&psc=1&language=en_IN,"JBL Wave Buds 2 Ear Buds Wireless BluetoothV5.3, Active Noise Cancellation EarBuds,Multi Connect, App for Customized Extra Bass Eq, Relax Mode,Speed Charge, 40H Playback, Fast Pair, 4 Mics,IP54(Black)",2999.0,6999.0,0.57,3.6,21332.0,"Electronics > Headphones, Earbuds & Accessories > Headphones > In-Ear",In-Ear
B07PR1CL3S,https://www.amazon.in/dp/B07PR1CL3S?th=1&psc=1&language=en_IN,"Boat Rockerz 450/450R, 15 HRS Battery, 40mm Drivers, Padded Ear Cushions, Integrated Controls, Dual Modes, Bluetooth Headphones, Wireless Headphone with Mic (Luscious Black)",1399.0,3990.0,0.65,4.0,117427.0,"Electronics > Headphones, Earbuds & Accessories > Headphones > On-Ear",On-Ear
B0D6W7F7WH,https://www.amazon.in/dp/B0D6W7F7WH?th=1&psc=1&language=en_IN,"boAt Stone 352 Pro/Stone 358 Pro w/ 14W Signature Sound, Up to 12 Hours Playback, RGB LEDs, TWS Feature, Built-in Mic, BTv5.3, AUX Port, IPX5 & Type-C Interface Bluetooth Speaker (Raging Black)",1699.0,4990.0,0.66,4.0,12594.0,Electronics > Home Audio > Speakers > Bluetooth Speakers,Bluetooth Speakers
B0F94DRFCC,https://www.amazon.in/dp/B0F94DRFCC?th=1&psc=1&language=en_IN,Buds 2 Wired in Ear Earphones with Mic (Black),469.0,1999.0,0.77,1.0,3.0,"Electronics > Headphones, Earbuds & Accessories > Headphones > In-Ear",In-Ear
B071Z8M4KX,https://www.amazon.in/dp/B071Z8M4KX?th=1&psc=1&language=en_IN,Boat BassHeads 100 in-Ear Headphones with Mic (Black),349.0,999.0,0.65,4.1,419495.0,"Electronics > Headphones, Earbuds & Accessories > Headphones > In-Ear",In-Ear
B0D6NMXQ2V,https://www.amazon.in/dp/B0D6NMXQ2V?th=1&psc=1&language=en_IN,"HP H150 Wireless in Ear Earbuds, Compatible with Tablets, Smartphones, Pcs, and Other Devices with Bluetooth,Noise-Reduction,Water Resistant Design,Black,0.036Kg",499.0,2499.0,0.8,2.8,1039.0,"Electronics > Headphones, Earbuds & Accessories > Headphones > In-Ear",In-Ear
B0D6W7F7WH,https://www.amazon.in/dp/B0D6W7F7WH?th=1&psc=1&language=en_IN,"boAt Stone 352 Pro/Stone 358 Pro w/ 14W Signature Sound, Up to 12 Hours Playback, RGB LEDs, TWS Feature, Built-in Mic, BTv5.3, AUX Port, IPX5 & Type-C Interface Bluetooth Speaker (Raging Black)",1699.0,4990.0,0.66,4.0,12594.0,Electronics > Home Audio > Speakers > Bluetooth Speakers,Bluetooth Speakers
B0BS1PRC4L,https://www.amazon.in/dp/B0BS1PRC4L?th=1&psc=1&language=en_IN,"Sony WH-CH520 Wireless Bluetooth Headphones with Mic, Up to 50Hrs Battery, Quick Charge, DSEE Upscale, Multipoint Connectivity, Voice Assistant, Customized EQ-Black",4379.0,5990.0,0.27,4.1,20657.0,"Electronics > Headphones, Earbuds & Accessories > Headphones > On-Ear",On-Ear
B08TV2P1N8,https://www.amazon.in/dp/B08TV2P1N8?th=1&psc=1&language=en_IN,"Boat Rockerz 255 Pro+, 60HRS Battery, Fast Charge, IPX7, Dual Pairing, Low Latency, Magnetic Earbuds, Bluetooth Neckband, Wireless with Mic Earphones (Active Black)",1099.0,3990.0,0.72,3.9,227795.0,"Electronics > Headphones, Earbuds & Accessories > Headphones > In-Ear",In-Ear
B084685MT1,https://www.amazon.in/dp/B084685MT1?th=1&psc=1&language=en_IN,"Sony HT-S20R Real 5.1ch Dolby Digital Soundbar for TV with subwoofer and Compact Rear Speakers, 5.1ch Home Theatre System (400W,Bluetooth & USB Connectivity, HDMI & Optical connectivity)",17930.0,23990.0,0.25,4.6,18537.0,Electronics > Home Audio > Speakers > Soundbar Speakers,Soundbar Speakers
B09V7WS4PP,https://www.amazon.in/dp/B09V7WS4PP?th=1&psc=1&language=en_IN,"JBL Flip 6 Wireless Portable Bluetooth Speaker Pro Sound, Upto 12 Hours Playtime, IP67 Water & Dustproof, PartyBoost & Personalization App (Without Mic, Black)",7999.0,13999.0,0.43,4.4,38380.0,Electronics > Home Audio > Speakers > Bluetooth Speakers,Bluetooth Speakers
B09TVVGXWS,https://www.amazon.in/dp/B09TVVGXWS?th=1&psc=1&language=en_IN,"Oneplus Bullets Z2 Bluetooth Wireless in Ear Earphones with Mic, Bombastic Bass - 12.4 mm Drivers, 10 Mins Charge - 20 Hrs Music, 30 Hrs Battery Life, IP55 Dust and Water Resistant (Magico Black)",1399.0,2299.0,0.39,4.1,193569.0,"Electronics > Headphones, Earbuds & Accessories > Headphones > In-Ear",In-Ear
B0DFPYLRNY,https://www.amazon.in/dp/B0DFPYLRNY?th=1&psc=1&language=en_IN,"Mivi Fort Q48 Soundbar with subwoofer, 48 Watts, 2.1 Channel with 2 in-Build Full-Range Speakers and an External subwoofer, Multiple Input Modes, Made in India soundbar for TV",2499.0,19999.0,0.88,3.7,1714.0,Electronics > Home Audio > Speakers > Soundbar Speakers,Soundbar Speakers
B0D6NMXQ2V,https://www.amazon.in/dp/B0D6NMXQ2V?th=1&psc=1&language=en_IN,"HP H150 Wireless in Ear Earbuds, Compatible with Tablets, Smartphones, Pcs, and Other Devices with Bluetooth,Noise-Reduction,Water Resistant Design,Black,0.036Kg",499.0,2499.0,0.8,2.8,1039.0,"Electronics > Headphones, Earbuds & Accessories > Headphones > In-Ear",In-Ear
B071Z8M4KX,https://www.amazon.in/dp/B071Z8M4KX?th=1&psc=1&language=en_IN,Boat BassHeads 100 in-Ear Headphones with Mic (Black),349.0,999.0,0.65,4.1,419495.0,"Electronics > Headphones, Earbuds & Accessories > Headphones > In-Ear",In-Ear
B07PR1CL3S,https://www.amazon.in/dp/B07PR1CL3S?th=1&psc=1&language=en_IN,"Boat Rockerz 450/450R, 15 HRS Battery, 40mm Drivers, Padded Ear Cushions, Integrated Controls, Dual Modes, Bluetooth Headphones, Wireless Headphone with Mic (Luscious Black)",1399.0,3990.0,0.65,4.0,117427.0,"Electronics > Headphones, Earbuds & Accessories > Headphones > On-Ear",On-Ear
B0DJ3FFC8R,https://www.amazon.in/dp/B0DJ3FFC8R?th=1&psc=1&language=en_IN,"ZEBRONICS Astra 35, Portable Bluetooth Speaker, 16 Watts, Upto 24h Backup, Dual Drivers + Dual Passive Radiators, Call Function, Bluetooth v5.3 | USB | mSD| AUX, TWS, RGB LED",799.0,1899.0,0.58,3.8,2975.0,Electronics > Home Audio > Speakers > Soundbar Speakers,Soundbar Speakers
B0DGTVRH97,https://www.amazon.in/dp/B0DGTVRH97?th=1&psc=1&language=en_IN,"boAt Nirvana Crystl (2025 Launch), Transparent Case,Spatial Audio, ANC(~32dB), 100Hrs Battery,4Mics ENx,App Support, Bluetooth Earbuds, TWS Ear Buds Wireless Earphones with mic (Quantum Black)",2199.0,10990.0,0.8,4.4,507.0,"Electronics > Headphones, Earbuds & Accessories > Headphones > In-Ear",In-Ear
B0D6W7F7WH,https://www.amazon.in/dp/B0D6W7F7WH?th=1&psc=1&language=en_IN,"boAt Stone 352 Pro/Stone 358 Pro w/ 14W Signature Sound, Up to 12 Hours Playback, RGB LEDs, TWS Feature, Built-in Mic, BTv5.3, AUX Port, IPX5 & Type-C Interface Bluetooth Speaker (Raging Black)",1699.0,4990.0,0.66,4.0,12594.0,Electronics > Home Audio > Speakers > Bluetooth Speakers,Bluetooth Speakers
B071Z8M4KX,https://www.amazon.in/dp/B071Z8M4KX?th=1&psc=1&language=en_IN,Boat BassHeads 100 in-Ear Headphones with Mic (Black),349.0,999.0,0.65,4.1,419495.0,"Electronics > Headphones, Earbuds & Accessories > Headphones > In-Ear",In-Ear
B0DDSPV7YB,https://www.amazon.in/dp/B0DDSPV7YB?th=1&psc=1&language=en_IN,Sony New SA-D40M2 4.1ch Home Theatre/PC Speaker System with 100W Power Output and Powerful Subwoofer - Black,9990.0,13990.0,0.29,4.3,12466.0,Electronics > Home Audio > Speakers > Multimedia Speaker Systems,Multimedia Speaker Systems
B0DHDDF5J2,https://www.amazon.in/dp/B0DHDDF5J2?th=1&psc=1&language=en_IN,"boAt Bassheads 900 Pro Wired Headphones with 40Mm Drivers, Lightweight Foldable Design, Over Ear, Remote Control, Unidirectional Retractable Mic, Adjustable Headband & USB Type-A Compatibility(Black)",899.0,4990.0,0.82,4.2,98534.0,"Electronics > Headphones, Earbuds & Accessories > Headphones",Headphones
B09XXW54QG,https://www.amazon.in/dp/B09XXW54QG?th=1&psc=1&language=en_IN,"Marshall Emberton II Compact Portable Bluetooth Speaker with 30+ Hours of Playtime, (360° Sound), Dust & Waterproof (IP67) Black & Brass.",14999.0,19999.0,0.25,4.4,3904.0,Electronics > Home Audio > Speakers > Bluetooth Speakers,Bluetooth Speakers
B0D7PXB3SH,https://www.amazon.in/dp/B0D7PXB3SH?th=1&psc=1&language=en_IN,"boAt Bassheads 100 C Wired Headphones Earphones with Type-C Jack, in-Line Microphone, in Ear, 10Mm Drivers, Signature Sound, Integrated Controls & Multi-Os Compatibility (Black)",549.0,1990.0,0.72,4.1,419495.0,"Electronics > Headphones, Earbuds & Accessories > Headphones > In-Ear",In-Ear
B0BW8TXJJ2,https://www.amazon.in/dp/B0BW8TXJJ2?th=1&psc=1&language=en_IN,"boAt Nirvana Ion, 120HRS Battery, Crystal Bionic Sound w/Dual EQ Modes, 4Mics ENx, App Support, Low Latency, IPX4, v.5.2 Bluetooth Earbuds, TWS Ear Buds Wireless Earphones with mic (Charcoal Black)",1698.0,7990.0,0.79,4.0,17573.0,"Electronics > Headphones, Earbuds & Accessories > Headphones > In-Ear",In-Ear
B084685MT1,https://www.amazon.in/dp/B084685MT1?th=1&psc=1&language=en_IN,"Sony HT-S20R Real 5.1ch Dolby Digital Soundbar for TV with subwoofer and Compact Rear Speakers, 5.1ch Home Theatre System (400W,Bluetooth & USB Connectivity, HDMI & Optical connectivity)",17930.0,23990.0,0.25,4.6,18537.0,Electronics > Home Audio > Speakers > Soundbar Speakers,Soundbar Speakers
B0B2WQFHB2,https://www.amazon.in/dp/B0B2WQFHB2?th=1&psc=1&language=en_IN,"Portronics Power Plate 10 Extension Board with 4 Universal Sockets, 3 Meter Long Cord, 1500 Watts, 6 Amp Multi Plug for Office & Home Appliances (Black)",398.0,698.0,0.43,4.2,28170.0,Home Improvement > Electrical > Power Strips,Power Strips
B09TVVGXWS,https://www.amazon.in/dp/B09TVVGXWS?th=1&psc=1&language=en_IN,"Oneplus Bullets Z2 Bluetooth Wireless in Ear Earphones with Mic, Bombastic Bass - 12.4 mm Drivers, 10 Mins Charge - 20 Hrs Music, 30 Hrs Battery Life, IP55 Dust and Water Resistant (Magico Black)",1399.0,2299.0,0.39,4.1,193569.0,"Electronics > Headphones, Earbuds & Accessories > Headphones > In-Ear",In-Ear
B0DDSPV7YB,https://www.amazon.in/dp/B0DDSPV7YB?th=1&psc=1&language=en_IN,Sony New SA-D40M2 4.1ch Home Theatre/PC Speaker System with 100W Power Output and Powerful Subwoofer - Black,9990.0,13990.0,0.29,4.3,12466.0,Electronics > Home Audio > Speakers > Multimedia Speaker Systems,Multimedia Speaker Systems
B0BZ4DJ7GZ,https://www.amazon.in/dp/B0BZ4DJ7GZ?th=1&psc=1&language=en_IN,"Boat Aavante Bar 610 Bluetooth Soundbar with 25W RMS Signature Sound, 2.0 Channel with Dual Passive Radiators, Upto 7 Hours Playback & Multi Connectivity(Charcoal Black)",1599.0,5990.0,0.73,3.7,4637.0,Electronics > Home Audio > Speakers > Soundbar Speakers,Soundbar Speakers
B0DV3R2QM6,https://www.amazon.in/dp/B0DV3R2QM6?th=1&psc=1&language=en_IN,"ZEBRONICS 1100 Watts Powerful Soundbar,7.2.4 Home Theatre,Wireless (Dual Satellites + Dual Driver Subwoofer) Dual Radiators,DTS X,Dolby Atmos,Karaoke UHF Mic,HDMI Earc,Optical (Juke BAR 10000),Black",44999.0,129999.0,0.65,4.1,543.0,Electronics > Home Audio > Speakers > Soundbar Speakers,Soundbar Speakers
B0D45Y8313,https://www.amazon.in/dp/B0D45Y8313?th=1&psc=1&language=en_IN,"JBL Cinema SB510, Dolby Audio Soundbar with Built-in Subwoofer, 3.1 Channel, Center Channel for Superior Voice Clarity, HDMI eARC, Bluetooth & Optical Connectivity (200W)",9999.0,18999.0,0.47,4.0,122.0,Electronics > Home Audio > Speakers > Soundbar Speakers,Soundbar Speakers
B0D7PXB3SH,https://www.amazon.in/dp/B0D7PXB3SH?th=1&psc=1&language=en_IN,"boAt Bassheads 100 C Wired Headphones Earphones with Type-C Jack, in-Line Microphone, in Ear, 10Mm Drivers, Signature Sound, Integrated Controls & Multi-Os Compatibility (Black)",549.0,1990.0,0.72,4.1,419495.0,"Electronics > Headphones, Earbuds & Accessories > Headphones > In-Ear",In-Ear
B071Z8M4KX,https://www.amazon.in/dp/B071Z8M4KX?th=1&psc=1&language=en_IN,Boat BassHeads 100 in-Ear Headphones with Mic (Black),349.0,999.0,0.65,4.1,419495.0,"Electronics > Headphones, Earbuds & Accessories > Headphones > In-Ear",In-Ear
B09R24JBYV,https://www.amazon.in/dp/B09R24JBYV?th=1&psc=1&language=en_IN,"ZEBRONICS Bro in Ear Wired Earphones with Mic, 3.5mm Audio Jack, 10mm Drivers, Phone/Tablet Compatible (Green)",139.0,399.0,0.65,3.4,59596.0,"Electronics > Headphones, Earbuds & Accessories > Headphones > In-Ear",In-Ear
B0F7Y424QK,https://www.amazon.in/dp/B0F7Y424QK?th=1&psc=1&language=en_IN,"TECH XPERT CMF Buds Wireless Headphones Compatible with Nothing and All Smartphones 55 Hours Battery Life, 11mm PMI Driver, 6 HD Microphones and Space Audio",2618.412331406551,5360.055396825397,0.5959722222222222,2.4,6.0,"Electronics > Headphones, Earbuds & Accessories > Headphones > In-Ear",In-Ear
B07PR1CL3S,https://www.amazon.in/dp/B07PR1CL3S?th=1&psc=1&language=en_IN,"Boat Rockerz 450/450R, 15 HRS Battery, 40mm Drivers, Padded Ear Cushions, Integrated Controls, Dual Modes, Bluetooth Headphones, Wireless Headphone with Mic (Luscious Black)",1399.0,3990.0,0.65,4.0,117427.0,"Electronics > Headphones, Earbuds & Accessories > Headphones > On-Ear",On-Ear
B0C8JB3G5W,https://www.amazon.in/dp/B0C8JB3G5W?th=1&psc=1&language=en_IN,"OnePlus Nord Buds 2r True Wireless in Ear Earbuds with Mic, 12.4mm Drivers, Playback:Upto 38hr case,4-Mic Design, IP55 Rating [Deep Grey]",1799.0,2299.0,0.22,4.2,25485.0,"Electronics > Headphones, Earbuds & Accessories > Headphones > In-Ear",In-Ear
B0C8JB3G5W,https://www.amazon.in/dp/B0C8JB3G5W?th=1&psc=1&language=en_IN,"OnePlus Nord Buds 2r True Wireless in Ear Earbuds with Mic, 12.4mm Drivers, Playback:Upto 38hr case,4-Mic Design, IP55 Rating [Deep Grey]",1799.0,2299.0,0.22,4.2,25485.0,"Electronics > Headphones, Earbuds & Accessories > Headphones > In-Ear",In-Ear
B0BS1QCFHX,https://www.amazon.in/dp/B0BS1QCFHX?th=1&psc=1&language=en_IN,"Sony WH-CH720N, Wireless Over-Ear Active Noise Cancellation Headphones with Mic, up to 35 Hours Playtime, Multi-Point Connection, App Support, AUX & Voice Assistant Support for Mobile Phones (Black)",9264.0,14990.0,0.38,4.2,10493.0,"Electronics > Headphones, Earbuds & Accessories > Headphones > Over-Ear",Over-Ear
B0DN1Q4NSJ,https://www.amazon.in/dp/B0DN1Q4NSJ?th=1&psc=1&language=en_IN,"Boult Mustang Newly Launched Torq TWS Earbuds with 60H Playtime, App Support, 4 Mics, ENC, 45ms Low Latency, 13mm Driver, Breathing LEDs,Touch Control, Made in India, IPX5, Ear Buds Wireless (Yellow)",1999.0,5999.0,0.67,4.0,6306.0,"Electronics > Headphones, Earbuds & Accessories > Headphones > In-Ear",In-Ear
B0D63CNLJ9,https://www.amazon.in/dp/B0D63CNLJ9?th=1&psc=1&language=en_IN,"Mustang Torq Wireless in Ear Earbuds with 50H Playtime, App Support, Quad Mic ENC, 45ms Low Latency, Breathing LEDs, 13mm Drivers, Touch Control, Made in India IPX5 Ear Buds TWS Bluetooth 5.4",1799.0,5999.0,0.7,4.0,6306.0,"Electronics > Headphones, Earbuds & Accessories > Headphones > In-Ear",In-Ear
B0D6NMXQ2V,https://www.amazon.in/dp/B0D6NMXQ2V?th=1&psc=1&language=en_IN,"HP H150 Wireless in Ear Earbuds, Compatible with Tablets, Smartphones, Pcs, and Other Devices with Bluetooth,Noise-Reduction,Water Resistant Design,Black,0.036Kg",499.0,2499.0,0.8,2.8,1039.0,"Electronics > Headphones, Earbuds & Accessories > Headphones > In-Ear",In-Ear
B09TVVGXWS,https://www.amazon.in/dp/B09TVVGXWS?th=1&psc=1&language=en_IN,"Oneplus Bullets Z2 Bluetooth Wireless in Ear Earphones with Mic, Bombastic Bass - 12.4 mm Drivers, 10 Mins Charge - 20 Hrs Music, 30 Hrs Battery Life, IP55 Dust and Water Resistant (Magico Black)",1399.0,2299.0,0.39,4.1,193568.0,"Electronics > Headphones, Earbuds & Accessories > Headphones > In-Ear",In-Ear
B0C9NGNBPG,https://www.amazon.in/dp/B0C9NGNBPG?th=1&psc=1&language=en_IN,"Skullcandy Rail ANC in Ear Noise Cancelling Wireless Earbuds, Multipoint Pairing,38 Hr Battery, Microphone, Works with iPhone Android and Bluetooth Devices- Black",6999.0,29999.0,0.77,4.0,2130.0,"Electronics > Headphones, Earbuds & Accessories > Headphones > In-Ear",In-Ear
B078S4P3J9,https://www.amazon.in/dp/B078S4P3J9?th=1&psc=1&language=en_IN,"Tribit Updated Version XSound Go Wireless Bluetooth 5.3 Speakers with Loud Stereo Sound & Rich Bass 16W,24H Playtime,150 ft Bluetooth Range,Outdoor Lightweight IPX7 Waterproof,Built-in Mic (Black)",2799.0,3499.0,0.2,4.4,15721.0,Electronics > Home Audio > Speakers > Bluetooth Speakers,Bluetooth Speakers
B0DHV38WWD,https://www.amazon.in/dp/B0DHV38WWD?th=1&psc=1&language=en_IN,"KZ EDC PRO IEM Wired Earphone, HiFi Dynamic Driver (DD) IEM, High-Functioning Silver-Plated OFC Cable, 0.75mm Detachable Cable, 3.5mm Plug for Audiophiles & Musicians. (Black)",788.0,1399.0,0.44,4.0,225.0,"Electronics > Headphones, Earbuds & Accessories > Headphones > In-Ear",In-Ear
B0B6441RNK,https://www.amazon.in/dp/B0B6441RNK?th=1&psc=1&language=en_IN,"JBL Cinema SB271, Dolby Digital Soundbar with Wireless Subwoofer for Extra Deep Bass, 2.1 Channel Home Theatre with Remote, HDMI ARC, Bluetooth & Optical Connectivity (220W)",10999.0,18999.0,0.42,4.0,2901.0,Electronics > Home Audio > Speakers > Soundbar Speakers,Soundbar Speakers
B09JVCT78G,https://www.amazon.in/dp/B09JVCT78G?th=1&psc=1&language=en_IN,"JBL Partybox 110, Wireless Bluetooth Party Speaker, 160W Monstrous Pro Sound, Dynamic Light Show, Upto 12Hrs Playtime, Built-in Powerbank, Guitar & Mic Input, PartyBox App, Splashproof (Black)",22999.0,35999.0,0.36,4.6,1222.0,Electronics > Home Audio > Speakers > Bluetooth Speakers,Bluetooth Speakers
B09CYX92NB,https://www.amazon.in/dp/B09CYX92NB?th=1&psc=1&language=en_IN,"JBL Tune 770NC Wireless Over Ear ANC Headphones with Mic, Upto 70 Hrs Playtime, Speedcharge, Google Fast Pair, Dual Pairing, BT 5.3 LE Audio, Customize on JBL Headphones App (Black)",5999.0,9999.0,0.4,4.0,21522.0,"Electronics > Headphones, Earbuds & Accessories > Headphones > Over-Ear",Over-Ear
B0DMT3L9QW,https://www.amazon.in/dp/B0DMT3L9QW?th=1&psc=1&language=en_IN,"Mivi Fort H550 Soundbar, 5.1 Channel HomeTheatre, 3 in-Build Speakers, 2 Satellite Speakers and 1 External Subwoofer, Multiple EQ & Input Modes, Made in India Sound bar",18077.130952380954,25923.78947368421,0.5797368421052632,3.9,476.0,Electronics > Home Audio > Speakers > Soundbar Speakers,Soundbar Speakers
B0D9R4GYTN,https://www.amazon.in/dp/B0D9R4GYTN?th=1&psc=1&language=en_IN,"Sony WF-C510 Wireless Bluetooth Earbuds with Mic, TWS, in Ear, Ambient Sound Mode, Small and Comfortable, IPX4, Quick Charge, Multipoint Connectivity, Customized EQ, Up to 22 Hours Battery- Black",4290.0,8990.0,0.52,3.8,1344.0,"Electronics > Headphones, Earbuds & Accessories > Headphones > In-Ear",In-Ear
B0DG92TB1B,https://www.amazon.in/dp/B0DG92TB1B?th=1&psc=1&language=en_IN,"amazon basics True Wireless in-Ear Earbuds with Mic, Low-Latency Gaming Mode, Touch Control, IPX5 Water-Resistance, Bluetooth 5.3, Up to 60 Hours Play Time, Voice Assistance and Fast Charging (White)",659.0,2499.0,0.74,3.3,487.0,"Electronics > Headphones, Earbuds & Accessories > Headphones > In-Ear",In-Ear
B0CG4CGRKL,https://www.amazon.in/dp/B0CG4CGRKL?th=1&psc=1&language=en_IN,NEWTECHNO Antilost Lid Case Cover Shell for Airpods pro 2| Full Protection Case Cover with Lanyard Compatible for Airpods pro Gen-2 with carabaner-Yellow-Black,299.0,999.0,0.7,4.5,679.0,"Electronics > Headphones, Earbuds & Accessories > Cases",Cases
B0D8BZDPXB,https://www.amazon.in/dp/B0D8BZDPXB?th=1&psc=1&language=en_IN,"Bose New QuietComfort Wireless Noise Cancelling Earbuds, Lifestyle Bluetooth Earbuds with Active Noise Cancellation, Up to 8.5 Hours of Battery Life, Black",16900.0,5360.055396825397,0.5959722222222222,3.8,2841.0,"Electronics > Headphones, Earbuds & Accessories > Headphones > In-Ear",In-Ear
B01DEWVZ2C,https://www.amazon.in/dp/B01DEWVZ2C?th=1&psc=1&language=en_IN,"JBL C100SI Wired In aEar Headphones with Mic, JBL Pure Bass Sound, One Button Multi-function Remote, Premium Metallic Finish, Angled Buds for Comfort fit (Black)",549.0,1299.0,0.58,4.0,199654.0,"Electronics > Headphones, Earbuds & Accessories > Headphones > In-Ear",In-Ear
B0F88D53CR,https://www.amazon.in/dp/B0F88D53CR?th=1&psc=1&language=en_IN,ELI2TE 3D Virtual Reality Headset for All Smartphones – Immersive VR Gaming & Movie Experience | Lightweight & Adjustable Design | Compatible with iOS & Android Devices,849.0,1999.0,0.58,1.0,2048.25,Electronics > Mobiles & Accessories > Mobile Accessories > Virtual Reality (VR) Headsets,Virtual Reality (VR) Headsets
B08QTYYNDN,https://www.amazon.in/dp/B08QTYYNDN?th=1&psc=1&language=en_IN,"JBL Tune 510BT, On Ear Wireless Headphones with Mic, up to 40 Hours Playtime, Pure Bass, Quick Charging, Dual Pairing, Bluetooth 5.0 & Voice Assistant Support for Mobile Phones (Black)",2299.0,4449.0,0.48,4.1,20173.0,"Electronics > Headphones, Earbuds & Accessories > Headphones > On-Ear",On-Ear
B0B1PXM75C,https://www.amazon.in/dp/B0B1PXM75C?th=1&psc=1&language=en_IN,"Noise Two Wireless On-Ear Headphones with 50 Hours Playtime, Low Latency(up to 40ms), 4 Play Modes, Dual Pairing, BT v5.3 (Serene Blue)",1699.0,4999.0,0.66,3.5,3349.0,"Electronics > Headphones, Earbuds & Accessories > Headphones > On-Ear",On-Ear
B0DPWL48Z5,https://www.amazon.in/dp/B0DPWL48Z5?th=1&psc=1&language=en_IN,"boAt Airdopes 91 Prime, 45HRS Battery, 13mm Drivers, Metallic Finish, Low Latency,ENx Tech, Fast Charge, v5.3 Bluetooth TWS in Ear Earbuds Wireless Earphones with mic (Midnight Black)",699.0,3990.0,0.82,3.4,6403.0,"Electronics > Headphones, Earbuds & Accessories > Headphones > In-Ear",In-Ear
B0F88D53CR,https://www.amazon.in/dp/B0F88D53CR?th=1&psc=1&language=en_IN,ELI2TE 3D Virtual Reality Headset for All Smartphones – Immersive VR Gaming & Movie Experience | Lightweight & Adjustable Design | Compatible with iOS & Android Devices,849.0,1999.0,0.58,1.0,2048.25,Electronics > Mobiles & Accessories > Mobile Accessories > Virtual Reality (VR) Headsets,Virtual Reality (VR) Headsets
B0DRPCR5VK,https://www.amazon.in/dp/B0DRPCR5VK?th=1&psc=1&language=en_IN,"Wembley Rechargeable Karaoke Mic with Speaker for Singing | Wireless Mini Portable Bluetooth Speaker with Microphone & LED Lights | Cute Birthday Gift for Kids Musical Toys for Boys, Girls and Adults",548.0,1699.0,0.68,4.2,280.0,Toys & Games > Electronic Toys > Karaoke Machines,Karaoke Machines
B0DPWL48Z5,https://www.amazon.in/dp/B0DPWL48Z5?th=1&psc=1&language=en_IN,"boAt Airdopes 91 Prime, 45HRS Battery, 13mm Drivers, Metallic Finish, Low Latency,ENx Tech, Fast Charge, v5.3 Bluetooth TWS in Ear Earbuds Wireless Earphones with mic (Midnight Black)",699.0,3990.0,0.82,3.4,6403.0,"Electronics > Headphones, Earbuds & Accessories > Headphones > In-Ear",In-Ear
B09SHWXWR8,https://www.amazon.in/dp/B09SHWXWR8?th=1&psc=1&language=en_IN,"iBELL FM700BT Portable FM Radio with Bluetooth Speaker, USB, SD Slot, MP3 Player & Dynamic Speaker 3 Band (Brown)",1589.0,2790.0,0.43,4.1,1476.0,Electronics > Portable Media Players > Radios > AM/FM Radios,AM/FM Radios
B07VM8N32R,https://www.amazon.in/dp/B07VM8N32R?th=1&psc=1&language=en_IN,"Dulcet DC-A50X 2 Channel Stereo Amplifier with Big LED Display/Bluetooth/MIC Input/USB/SD Card Slot/FM Radio/AUX Input/Remote Control & Built-in Equalizer with Bass, Treble & Balance Control",1890.0,4390.0,0.57,3.4,1033.0,Electronics > Home Audio > Receivers & Separates > Amplifiers,Amplifiers
B07DXBHC9V,https://www.amazon.in/dp/B07DXBHC9V?th=1&psc=1&language=en_IN,"Turtleback Carry Holder Made for TAIT TP8100 Fire and Police Security Two Way Radio Belt Clip Holster Case, Black Leather Pouch with Heavy Duty Rotating Ratcheting 2.25"" Belt Loop",10564.0,1399.0,0.61,4.033333333333333,663.6666666666666,Electronics > Mobiles & Accessories > Mobile Accessories > Cases & Covers > Holsters,Holsters
B07L8KNP5F,https://www.amazon.in/dp/B07L8KNP5F?th=1&psc=1&language=en_IN,"ZEBRONICS THUNDER Bluetooth 5.3 Wireless Headphones with 60H Backup, Gaming Mode, Dual Pairing, ENC, AUX, Micro SD, Voice assistant, Comfortable Earcups, Call Function(Black)",699.0,1199.0,0.42,3.7,24811.0,"Electronics > Headphones, Earbuds & Accessories > Headphones > On-Ear",On-Ear
B08KHT2HDT,https://www.amazon.in/dp/B08KHT2HDT?th=1&psc=1&language=en_IN,"Marshall Major IV Wireless On-Ear Headphones with 80+ Hours of Playtime, Multi-Dimensional Control Knob, Wireless Charging- Black",9999.0,14999.0,0.33,4.3,13023.0,"Electronics > Headphones, Earbuds & Accessories > Headphones > On-Ear",On-Ear
B0D6WD2QSQ,https://www.amazon.in/dp/B0D6WD2QSQ?th=1&psc=1&language=en_IN,"Bose New SoundLink Flex Portable Bluetooth Speaker (2nd Gen), Portable Outdoor Speaker with Hi-Fi Audio, Up to 12 Hours Battery Life, Waterproof and Dustproof, Black",16900.0,16798.04651162791,0.4441860465116279,4.7,3344.0,Electronics > Home Audio > Speakers > Bluetooth Speakers,Bluetooth Speakers
B0DL9YD8L7,https://www.amazon.in/dp/B0DL9YD8L7?th=1&psc=1&language=en_IN,C 9 GPS-Tracking Device Smart Key Finder Locator GPS Tracking Device for Kids Boys Girls Pets Cat Dog Keychain Wallet Luggage Anti-Lost Tag Alarm Reminder Selfie Shutter (1-Piece),129.0,699.0,0.82,3.4,16.0,Electronics > GPS & Accessories > GPS Trackers,GPS Trackers
B0DL3CH93D,https://www.amazon.in/dp/B0DL3CH93D?th=1&psc=1&language=en_IN,"Portronics Tune, 2-in-1 Wireless Car Receiver, Converts Wired Auto Android & CarPlay to Wireless, Bluetooth Connectivity, Only for Cars with OEM Installed Wired Android Auto/CarPlay (Black)",2699.0,4999.0,0.46,4.1,335.0,Electronics > Car & Vehicle Electronics > Car Electronics > Car Audio > Car Digital Media Receivers,Car Digital Media Receivers
B0CBTXJJZH,https://www.amazon.in/dp/B0CBTXJJZH?th=1&psc=1&language=en_IN,"Boult Z60 Truly Wireless in Ear Earbuds with 60H Playtime, Zen™ ENC Mic, 50ms Low Latency, 13mm Bass Drivers, Type-C Fast Charging, Made in India, BT V5.3, Touch Control, IPX5 Ear Buds (Powder Blue)",799.0,2999.0,0.73,3.8,10961.0,"Electronics > Headphones, Earbuds & Accessories > Headphones > In-Ear",In-Ear
B09SHWXWR8,https://www.amazon.in/dp/B09SHWXWR8?th=1&psc=1&language=en_IN,"iBELL FM700BT Portable FM Radio with Bluetooth Speaker, USB, SD Slot, MP3 Player & Dynamic Speaker 3 Band (Brown)",1589.0,2790.0,0.43,4.1,1476.0,Electronics > Portable Media Players > Radios > AM/FM Radios,AM/FM Radios
B0DPQXTSG8,https://www.amazon.in/dp/B0DPQXTSG8?th=1&psc=1&language=en_IN,"Cason 16GB Mini MP3 Music Player with Bluetooth 5.4, Video Playback,Pocket-Sized MP3 Player for Music,Voice Recording,FM Radio -Expanded Up to 128GB (Black)",1699.0,2995.0,0.43,4.0,40.0,Electronics > Portable Media Players > MP3/MP4 Players,MP3/MP4 Players
B0DPWL48Z5,https://www.amazon.in/dp/B0DPWL48Z5?th=1&psc=1&language=en_IN,"boAt Airdopes 91 Prime, 45HRS Battery, 13mm Drivers, Metallic Finish, Low Latency,ENx Tech, Fast Charge, v5.3 Bluetooth TWS in Ear Earbuds Wireless Earphones with mic (Midnight Black)",699.0,3990.0,0.82,3.4,6403.0,"Electronics > Headphones, Earbuds & Accessories > Headphones > In-Ear",In-Ear
B09N3ZNHTY,https://www.amazon.in/dp/B09N3ZNHTY?th=1&psc=1&language=en_IN,"Boat Airdopes 141, Low Latency, ENx Tech, 42HRS Battery, Fast Charge, IWP, IPX4, v5.1 Bluetooth Earbuds, TWS Ear Buds Wireless Earphones with mic (Bold Black)",799.0,4490.0,0.82,3.8,78814.0,"Electronics > Headphones, Earbuds & Accessories > Headphones > In-Ear",In-Ear
B0DFQ1R3W4,https://www.amazon.in/dp/B0DFQ1R3W4?th=1&psc=1&language=en_IN,"OnePlus Nord Buds 3 Truly Wireless Bluetooth in Ear Earbuds with Up to 32Db Active Noise Cancellation,10Mins for 11Hours Fast Charging with Up to 43H Music Playback -Harmonic Gray",2099.0,2799.0,0.25,4.1,4857.0,"Electronics > Headphones, Earbuds & Accessories > Headphones > In-Ear",In-Ear
B0CQJZD55X,https://www.amazon.in/dp/B0CQJZD55X?th=1&psc=1&language=en_IN,"Noise Buds N1 in-Ear True Wireless Earbuds with Chrome Finish, 40H of Playtime, Quad Mic with ENC, Ultra Low Latency (Up to 40 Ms), Instacharge (10 Min=120 Min), BT V5.3 (Ice Blue)",899.0,3499.0,0.74,4.0,9607.0,"Electronics > Headphones, Earbuds & Accessories > Headphones > In-Ear",In-Ear
B0CPHYXR3G,https://www.amazon.in/dp/B0CPHYXR3G?th=1&psc=1&language=en_IN,"Mivi Fort Q80 Soundbar- 80W Surround Sound, 2.2 Channel Sound bar with 2 in-Built subwoofers, Multiple EQ and Input Modes, Remote Accessibility, Bluetooth v5.1, Made in India Soundbar for TV",2999.0,10999.0,0.73,4.0,727.0,Electronics > Home Audio > Speakers > Soundbar Speakers,Soundbar Speakers
B0DG9ZXWMK,https://www.amazon.in/dp/B0DG9ZXWMK?th=1&psc=1&language=en_IN,reMarkable Paper Pro Bundle Premium Leather Includes 11.8'' Paper Tablet Marker Plus Pen with Eraser and A Book Folio Cover in Leather Black,74999.0,,,4.2,624.0,"Office Products > Office Paper Products > Paper > Stationery > Notebooks, Writing Pads & Diaries > Notepads & Memo Books",Notepads & Memo Books
B0CX968SNZ,https://www.amazon.in/dp/B0CX968SNZ?th=1&psc=1&language=en_IN,amazon basics TWS in-Ear Earbuds (AB-A8) with Fast Charging up to 50 Hours of Playtime | Dual 10mm Driver | IPX4 Water-Resistance | Bluetooth 5.3 | Charging Case with Mic | Touch Control (Beige),549.0,2499.0,0.78,3.4,390.0,"Electronics > Headphones, Earbuds & Accessories > Headphones > In-Ear",In-Ear
B0BQ6KSXJW,https://www.amazon.in/dp/B0BQ6KSXJW?th=1&psc=1&language=en_IN,"Sounce 1.5 Meter High-Speed HDMI Cable - Hdmi Arc Enabled | 64 Gbps | 4K 120Hz | 1080P 240Hz | Strong & Durable | Supports Up To 32 Audio Channels | Gold Plated | 1.5 Meter, Black (Pack of 1)",149.0,999.0,0.85,4.0,2168.0,"Electronics > Home Theater, TV & Video > Accessories > Cables > HDMI Cables",HDMI Cables
B0CRTYZG5C,https://www.amazon.in/dp/B0CRTYZG5C?th=1&psc=1&language=en_IN,"soundcore R50I NC by Anker Noise Cancelling in Ear Earbuds,Strong 42Db Adaptive Noise Cancelling,Powerful Bass,45H Playtime,2-in-1 Case and Phone Stand,Ip54,Fast Charge 10Min=120 Min,Bluetooth 5.4",1899.0,5598.0,0.66,3.9,7205.0,"Electronics > Headphones, Earbuds & Accessories > Headphones > In-Ear",In-Ear
B07GZRR6NP,https://www.amazon.in/dp/B07GZRR6NP?th=1&psc=1&language=en_IN,Saregama Carvaan Mini Hindi 2.0- Music Player with Bluetooth/FM/AM/AUX (Moonlight Black),2490.0,2990.0,0.17,4.0,22818.0,Electronics > Portable Media Players > Radios,Radios
B0DXBZYF1K,https://www.amazon.in/dp/B0DXBZYF1K?th=1&psc=1&language=en_IN,Orignal Voice Remote Control Compatible with Mi tv Remote,575.0,999.0,0.42,4.0,7893.0,"Electronics > Home Theater, TV & Video > Accessories > Remote Controls",Remote Controls
B0DPWL48Z5,https://www.amazon.in/dp/B0DPWL48Z5?th=1&psc=1&language=en_IN,"boAt Airdopes 91 Prime, 45HRS Battery, 13mm Drivers, Metallic Finish, Low Latency,ENx Tech, Fast Charge, v5.3 Bluetooth TWS in Ear Earbuds Wireless Earphones with mic (Midnight Black)",699.0,3990.0,0.82,3.4,6403.0,"Electronics > Headphones, Earbuds & Accessories > Headphones > In-Ear",In-Ear
B0BSPWH6LL,https://www.amazon.in/dp/B0BSPWH6LL?th=1&psc=1&language=en_IN,Luxntek Solar CFL UPS Mini Inverter | 55 Watt | Inbult Lithium Batterry | 5 Year Battery Life | Solar Home Lightning Mini UPS,3400.0,5000.0,0.32,5.0,,Computers & Accessories > Accessories & Peripherals > Uninterrupted Power Supplies,Uninterrupted Power Supplies
B0DPQXTSG8,https://www.amazon.in/dp/B0DPQXTSG8?th=1&psc=1&language=en_IN,"Cason 16GB Mini MP3 Music Player with Bluetooth 5.4, Video Playback,Pocket-Sized MP3 Player for Music,Voice Recording,FM Radio -Expanded Up to 128GB (Black)",1699.0,2995.0,0.43,4.0,40.0,Electronics > Portable Media Players > MP3/MP4 Players,MP3/MP4 Players
B0CHVTF8M7,https://www.amazon.in/dp/B0CHVTF8M7?th=1&psc=1&language=en_IN,"Boult Audio Z40 Pro with 100H Playtime, Quad Mic ENC, 45ms Low Latency Gaming, Premium Rubber Grip Case, 13mm Bass Drivers, Made in India TWS Bluetooth 5.3 Truly Wireless in Ear Earbuds (Jungle)",1299.0,5499.0,0.76,3.8,34544.0,"Electronics > Headphones, Earbuds & Accessories > Headphones > In-Ear",In-Ear
B09V2J596T,https://www.amazon.in/dp/B09V2J596T?th=1&psc=1&language=en_IN,"Portronics SoundDrum P 20W Portable Bluetooth Speaker with 6-7 hrs Playback Time, Handsfree Calling, USB Slot, Aux-in Port, Type C Charging (Black)",1999.0,3499.0,0.43,4.2,1380.0,Electronics > Home Audio > Speakers > Bluetooth Speakers,Bluetooth Speakers
B0CW5ZBSS5,https://www.amazon.in/dp/B0CW5ZBSS5?th=1&psc=1&language=en_IN,Paril® Remote+Cover Remote Compatible DD National Free Dish Remote DVB-DTHC-27 New TvR-101 Remote with Cover(NO Voice Command)(Same Remote Only Will Work)(Before Buy Check All Images),495.39864864864865,1239.0067567567567,0.5502027027027028,3.8813253012048192,2095.7256097560976,"Electronics > Home Theater, TV & Video > Accessories > Remote Controls",Remote Controls
B00KGZZ824,https://www.amazon.in/dp/B00KGZZ824?th=1&psc=1&language=en_IN,"Sony MDR-ZX110A On-Ear Stereo Headphones (White), without mic",799.0,1390.0,0.43,4.0,66820.0,"Electronics > Headphones, Earbuds & Accessories > Headphones > On-Ear",On-Ear
B0DXBZYF1K,https://www.amazon.in/dp/B0DXBZYF1K?th=1&psc=1&language=en_IN,Orignal Voice Remote Control Compatible with Mi tv Remote,575.0,999.0,0.42,4.0,7893.0,"Electronics > Home Theater, TV & Video > Accessories > Remote Controls",Remote Controls
B0CPY4SLVR,https://www.amazon.in/dp/B0CPY4SLVR?th=1&psc=1&language=en_IN,"Portronics Konnect Sync 4K@60Hz HDMI to HDMI Cable, 3M Length with Support eARC and Compatible with Smart HDTV, Laptop, Monitor, Projector, eARC enable Soundbar(Black)",239.0,899.0,0.73,4.2,800.0,"Electronics > Home Theater, TV & Video > Accessories > Cables > HDMI Cables",HDMI Cables
B0CCZ1L489,https://www.amazon.in/dp/B0CCZ1L489?th=1&psc=1&language=en_IN,"Bose New QuietComfort Ultra Wireless Noise Cancelling Headphones with Spatial Audio, Over-The-Ear Headphones with Mic, Up to 24 Hours of Battery Life, Black",35900.0,12721.32558139535,0.493139534883721,4.3,6498.0,"Electronics > Headphones, Earbuds & Accessories > Headphones > Over-Ear",Over-Ear
B0856HY85J,https://www.amazon.in/dp/B0856HY85J?th=1&psc=1&language=en_IN,"boAt Rockerz 550/Rockerz 558 Over Ear Bluetooth Headphones with Upto 20 Hours Playback, 50MM Drivers, Soft Padded Ear Cushions and Physical Noise Isolation(Black)",1599.0,4999.0,0.68,4.0,67377.0,"Electronics > Headphones, Earbuds & Accessories > Headphones > Over-Ear",Over-Ear
B0F9LCM2DH,https://www.amazon.in/dp/B0F9LCM2DH?th=1&psc=1&language=en_IN,"CMF Buds with 45 dB ANC, Ultra Bass Technology & Upto 59 Hours of Battery Life Bluetooth Headset,Water Resistant,USB-C Charging Case,13mm Drivers,4HD Mics,Easy Use for iPhone,Apple Compatible (Orange)",2618.412331406551,5360.055396825397,0.5959722222222222,3.7452631578947373,29798.275310834815,"Electronics > Headphones, Earbuds & Accessories > Headphones > In-Ear",In-Ear
B0DY89117M,https://www.amazon.in/dp/B0DY89117M?th=1&psc=1&language=en_IN,"Onelap Micro GPS (with 4G SIM) - Wired Hidden GPS Tracker for Bike, Car, EV, Trucks | Live Location | Remote Engine Stop Compatible | Engine ON/Off Alerts | Anti Theft Alarm | 1 Year Android & iOS App",1890.0,5999.0,0.68,4.4,15453.0,Electronics > GPS & Accessories > GPS Trackers,GPS Trackers
B099S7MRFH,https://www.amazon.in/dp/B099S7MRFH?th=1&psc=1&language=en_IN,"AKAI HA-TS50 Bluetooth Tower Speaker 50 Watts, Home Theater Music System, Deep Bass Subwoofer, Remote Control LED Display, FM, AUX, USB, Mic Input, Karaoke, TV, PC & Smartphone Compatible",3789.0,10990.0,0.66,3.8,2477.0,Electronics > Home Audio > Speakers > Tower Speakers,Tower Speakers
B0856HY85J,https://www.amazon.in/dp/B0856HY85J?th=1&psc=1&language=en_IN,"boAt Rockerz 550/Rockerz 558 Over Ear Bluetooth Headphones with Upto 20 Hours Playback, 50MM Drivers, Soft Padded Ear Cushions and Physical Noise Isolation(Black)",1599.0,4999.0,0.68,4.0,67377.0,"Electronics > Headphones, Earbuds & Accessories > Headphones > Over-Ear",Over-Ear
B09SHWXWR8,https://www.amazon.in/dp/B09SHWXWR8?th=1&psc=1&language=en_IN,"iBELL FM700BT Portable FM Radio with Bluetooth Speaker, USB, SD Slot, MP3 Player & Dynamic Speaker 3 Band (Brown)",1589.0,2790.0,0.43,4.1,1477.0,Electronics > Portable Media Players > Radios > AM/FM Radios,AM/FM Radios
B0CD1JTBSC,https://www.amazon.in/dp/B0CD1JTBSC?th=1&psc=1&language=en_IN,Meta Quest 3 512GB - Breakthrough Mixed Reality - Powerful Performance — Asgard’s Wrath 2 and Meta Quest + Bundle,54460.0,59990.0,0.09,4.4,3432.0,Electronics > Mobiles & Accessories > Mobile Accessories > Virtual Reality (VR) Headsets,Virtual Reality (VR) Headsets
B0CBKRNNWD,https://www.amazon.in/dp/B0CBKRNNWD?th=1&psc=1&language=en_IN,Jabra Evolve2 30 Se On Ear Wired Stereo Noise-Cancelling Headset-Features 2-Mic Call Technology & Usb-C Cable-Works With All Leading Unified Communications Platforms Such As Zoom & Google Meet-Black,7600.0,17077.0,0.55,4.0,184.0,Computers & Accessories > Accessories & Peripherals > Audio & Video Accessories > PC Headsets,PC Headsets
B0D96FZ2B4,https://www.amazon.in/dp/B0D96FZ2B4?th=1&psc=1&language=en_IN,"ZEBRONICS Juke BAR 9775, Dolby Soundbar, 650 Watts, 5.2.2 Surround, Dolby Atmos, Dual Wireless Subwoofer & Rear Satellites, 5 Driver Soundbar, Bluetooth | HDMI (eARC) | Optical | USB | AUX",18999.0,61999.0,0.69,4.0,10975.0,Electronics > Home Audio > Speakers > Soundbar Speakers,Soundbar Speakers
B0D7JJDC9M,https://www.amazon.in/dp/B0D7JJDC9M?th=1&psc=1&language=en_IN,"Leaf Buds X121 True Wireless in Ear Earbuds Ai Sound App, 30H Playtime, Quad Mic with Enc, 50Ms Low Latency, Fast Charging(10Min=200Min), 10Mm Driver, Ipx5, Bluetooth V5.4 TWS (Carbon Black)",699.0,2499.0,0.72,4.2,391.0,"Electronics > Headphones, Earbuds & Accessories > Headphones > In-Ear",In-Ear
B0CF9NVXW5,https://www.amazon.in/dp/B0CF9NVXW5?th=1&psc=1&language=en_IN,"GOVO GOSURROUND 945 | 120W Sound bar, 5.1 Channel Home Theatre with Mega subwoofer, Dual Rear Satellites, AUX, USB & Bluetooth, 3 Equalizer Modes, Stylish Remote & LED Display (Platinum Black)",4999.0,16999.0,0.71,3.9,1488.0,Electronics > Home Audio > Speakers > Soundbar Speakers,Soundbar Speakers
B0D9R4GYTN,https://www.amazon.in/dp/B0D9R4GYTN?th=1&psc=1&language=en_IN,"Sony WF-C510 Wireless Bluetooth Earbuds with Mic, TWS, in Ear, Ambient Sound Mode, Small and Comfortable, IPX4, Quick Charge, Multipoint Connectivity, Customized EQ, Up to 22 Hours Battery- Black",4290.0,8990.0,0.52,3.8,1344.0,"Electronics > Headphones, Earbuds & Accessories > Headphones > In-Ear",In-Ear
B0C6KKQ7ND,https://www.amazon.in/dp/B0C6KKQ7ND?th=1&psc=1&language=en_IN,"soundcore by Anker,Space One,Active Noise Cancelling in Ear Headphones,2X Stronger Voice Reduction,40H ANC Playtime,App Control,Ldac Hi-Res Wireless Audio,Comfortable Fit,Clear Calls,Bluetooth 5.3",7998.0,19998.0,0.6,4.2,3578.0,"Electronics > Headphones, Earbuds & Accessories > Headphones > In-Ear",In-Ear
B07T5DKR5D,https://www.amazon.in/dp/B07T5DKR5D?th=1&psc=1&language=en_IN,"ZEBRONICS Bro in Ear Wired Earphones with Mic, 3.5mm Audio Jack, 10mm Drivers, Phone/Tablet Compatible (Black)",139.0,299.0,0.54,3.4,59599.0,"Electronics > Headphones, Earbuds & Accessories > Headphones > In-Ear",In-Ear
B07L3NDN24,https://www.amazon.in/dp/B07L3NDN24?th=1&psc=1&language=en_IN,"ZEBRONICS Zeb-Fame 5watts 2.0 Multi Media Speakers with AUX, USB and Volume Control (Black)",398.0,849.0,0.53,3.9,10425.0,Computers & Accessories > Accessories & Peripherals > Audio & Video Accessories > PC Speakers,PC Speakers
B0CG6N53DP,https://www.amazon.in/dp/B0CG6N53DP?th=1&psc=1&language=en_IN,"Boat Aavante Bar 3600 Bluetooth Soundbar w/ 500W RMS Signature Sound,5.1 Channel Surround Sound,BTv5.3, Wall Mountable Design,Bass&Treble Controls&Master Remote Control(Premium Black)",9999.0,44990.0,0.78,4.0,4341.0,Electronics > Home Audio > Speakers > Soundbar Speakers,Soundbar Speakers
B0BQ6KSXJW,https://www.amazon.in/dp/B0BQ6KSXJW?th=1&psc=1&language=en_IN,"Sounce 1.5 Meter High-Speed HDMI Cable - Hdmi Arc Enabled | 64 Gbps | 4K 120Hz | 1080P 240Hz | Strong & Durable | Supports Up To 32 Audio Channels | Gold Plated | 1.5 Meter, Black (Pack of 1)",149.0,999.0,0.85,4.0,2168.0,"Electronics > Home Theater, TV & Video > Accessories > Cables > HDMI Cables",HDMI Cables
B0DH2158PJ,https://www.amazon.in/dp/B0DH2158PJ?th=1&psc=1&language=en_IN,Sounce Earphone Case Cover for Boat Airdopes 300 Premium TWS Soft Silicone Skin Case Cover Shock Absorbing Protective Case with Keychain [Front LED Visible] - Black,209.0,499.0,0.58,3.9,3043.0,"Electronics > Headphones, Earbuds & Accessories > Cases",Cases
B0DWSVD579,https://www.amazon.in/dp/B0DWSVD579?th=1&psc=1&language=en_IN,"ZEBRONICS 160W Party DJ Speaker, 12h Playback, Wireless UHF Mic, Karaoke & Recording, Dual 20.32cm High-Fidelity Drivers, TWS, 6.3mm Mic Input, Bluetooth, USB, RGB, Carry Handle (Glow Box 8B)",12999.0,29999.0,0.57,2.8,7.0,Electronics > Home Audio > Speakers > Outdoor Speakers,Outdoor Speakers
B0D3JHB24Q,https://www.amazon.in/dp/B0D3JHB24Q?th=1&psc=1&language=en_IN,Beats Solo Buds — Wireless Bluetooth Earbuds | 18 Hours of Battery Life | Apple & Android Compatibility | Built-in Microphone - Matt Black,12041.263157894737,15646.588823529411,0.17823529411764708,4.1,907.0,,nan
B0CQ26KG43,https://www.amazon.in/dp/B0CQ26KG43?th=1&psc=1&language=en_IN,"CMF by Nothing Buds Pro with 45 dB ANC, Ultra Bass Technology & Upto 39 Hours of Battery Life Bluetooth Headset (Dark Grey, True Wireless), In Ear",2499.0,4499.0,0.44,4.0,1413.0,"Electronics > Headphones, Earbuds & Accessories > Headphones > In-Ear",In-Ear
B0C3HCD34R,https://www.amazon.in/dp/B0C3HCD34R?th=1&psc=1&language=en_IN,"soundcore by Anker Q20i Wireless Bluetooth Over-Ear Headphones with Hybrid Active Noise Cancelling, 40h Playtime in ANC Mode, Hi-Res Audio, Deep Bass, Personalization via App (Black)",8920.576086956522,12721.32558139535,0.493139534883721,4.3,29794.0,"Electronics > Headphones, Earbuds & Accessories > Headphones > Over-Ear",Over-Ear
B0D49ZS9MT,https://www.amazon.in/dp/B0D49ZS9MT?th=1&psc=1&language=en_IN,"boAt Airdopes 121 Pro Plus, 100HRS Battery, 4Mics ENx, 50ms Low Latency, Fast Charge, LED Display, IPX5, v5.3 Bluetooth in Ear Earbuds, TWS Ear Buds Wireless Earphones with mic (Black)",999.0,4990.0,0.8,3.7,23197.0,"Electronics > Headphones, Earbuds & Accessories > Headphones > In-Ear",In-Ear
B0CKHYTT2G,https://www.amazon.in/dp/B0CKHYTT2G?th=1&psc=1&language=en_IN,"JBL Vibe Beam in-Ear Wireless Earbuds (TWS) with Mic,App for Customized Extra Bass Eq,32 Hours Battery&Quick Charge,Ip54 Water&Dust Resistance,Ambient Aware&Talk-Thru,Google Fastpair (Black)",2299.0,5999.0,0.62,3.1,274.0,"Electronics > Headphones, Earbuds & Accessories > Headphones > In-Ear",In-Ear
B0C8J7W6PL,https://www.amazon.in/dp/B0C8J7W6PL?th=1&psc=1&language=en_IN,"OnePlus Nord Buds 2r True Wireless in Ear Earbuds with Mic, 12.4mm Drivers, Playback:Upto 38hr case,4-Mic Design, IP55 Rating [ Misty Grey ]",1599.0,2299.0,0.3,4.2,25485.0,"Electronics > Headphones, Earbuds & Accessories > Headphones > In-Ear",In-Ear
B0F3XJWKPZ,https://www.amazon.in/dp/B0F3XJWKPZ?th=1&psc=1&language=en_IN,"Jarurati Store J.B.L Mini Boost 4D Portable Bluetooth Speaker, Multicolour LED, Wireless Sound System with 4D Audio Technology",11266.564285714287,16798.04651162791,0.4441860465116279,1.0,7215.486301369863,Electronics > Home Audio > Speakers > Bluetooth Speakers,Bluetooth Speakers
B0DHZSW3Y9,https://www.amazon.in/dp/B0DHZSW3Y9?th=1&psc=1&language=en_IN,"Dabeatz DB-995 Professional Power PA Amplifier with 4 Channel Circuit Power AV Amplifier with Bluetooth/MIC Input/USB/SD Card/FM Radio/AUX Input/Remote Control, Equalizer, Bass, Treb (500 watt)",5149.0,7499.0,0.30500000000000005,2.1,7.0,Musical Instruments > PA & Stage > Power-Amplifiers,Power-Amplifiers
B0F289GVTS,https://www.amazon.in/dp/B0F289GVTS?th=1&psc=1&language=en_IN,Remote Control Original Compatible with 3rd Generation tv Stick.,498.0,1999.0,0.75,4.1,3252.0,"Electronics > Home Theater, TV & Video > Accessories > Remote Controls",Remote Controls
B0D7QKT1N2,https://www.amazon.in/dp/B0D7QKT1N2?th=1&psc=1&language=en_IN,M.G.R.J® Portable Carrying Case Cover for Boat Rockerz 450 Bluetooth On Ear Headphones (Hard|EVA|Black),299.0,999.0,0.7,4.2,225.0,"Electronics > Headphones, Earbuds & Accessories > Cases",Cases
B0F289GVTS,https://www.amazon.in/dp/B0F289GVTS?th=1&psc=1&language=en_IN,Remote Control Original Compatible with 3rd Generation tv Stick.,498.0,1999.0,0.75,4.1,3252.0,"Electronics > Home Theater, TV & Video > Accessories > Remote Controls",Remote Controls
B08PGYLCQB,https://www.amazon.in/dp/B08PGYLCQB?th=1&psc=1&language=en_IN,"Mivi Roam 2 Bluetooth Speakers wireless-5W Portable Speaker,24 Hours Playtime,Powerful Bass, Wireless Stereo Speaker with Studio Quality Sound,Waterproof, Bluetooth 5.0 and in-Built Mic, Made In India",799.0,2999.0,0.73,4.2,28293.0,Electronics > Home Audio > Speakers > Bluetooth Speakers,Bluetooth Speakers
B0C3HCD34R,https://www.amazon.in/dp/B0C3HCD34R?th=1&psc=1&language=en_IN,"soundcore by Anker Q20i Wireless Bluetooth Over-Ear Headphones with Hybrid Active Noise Cancelling, 40h Playtime in ANC Mode, Hi-Res Audio, Deep Bass, Personalization via App (Black)",8920.576086956522,12721.32558139535,0.493139534883721,4.3,29797.0,"Electronics > Headphones, Earbuds & Accessories > Headphones > Over-Ear",Over-Ear
B088VYXCKT,https://www.amazon.in/dp/B088VYXCKT?th=1&psc=1&language=en_IN,"Bose TV Speaker- Small Soundbar for TV with Bluetooth and HDMI-ARC Connectivity, Includes Remote Control and Optical Audio Cable, Wall mountable Black,",34400.0,25923.78947368421,0.5797368421052632,4.6,463.0,Electronics > Home Audio > Speakers > Soundbar Speakers,Soundbar Speakers
B0D7MJ2KD1,https://www.amazon.in/dp/B0D7MJ2KD1?th=1&psc=1&language=en_IN,"boAt Airdopes Progear Open-Ear Ear Buds for Outdoor Sports W/Air Conduction Tech, in Ear, 4 Mics W/Ai-Enx, 100Hrs Playback, 15Mm Drivers, Secure Fit,Beast Mode W/ 40Ms Latency, ASAP Charge Green",1499.0,6990.0,0.79,3.4,1480.0,"Electronics > Headphones, Earbuds & Accessories > Headphones > Open-Ear Headphones",Open-Ear Headphones
B0CQJZD55X,https://www.amazon.in/dp/B0CQJZD55X?th=1&psc=1&language=en_IN,"Noise Buds N1 in-Ear True Wireless Earbuds with Chrome Finish, 40H of Playtime, Quad Mic with ENC, Ultra Low Latency (Up to 40 Ms), Instacharge (10 Min=120 Min), BT V5.3 (Ice Blue)",899.0,3499.0,0.74,4.0,9607.0,"Electronics > Headphones, Earbuds & Accessories > Headphones > In-Ear",In-Ear
B0C29CL98P,https://www.amazon.in/dp/B0C29CL98P?th=1&psc=1&language=en_IN,"Sony SRS-XB100 Wireless Bluetooth Portable Lightweight Super-Compact Travel Speaker, Extra-Durable IP67 Waterproof & Dustproof, 16 Hrs Batt, Versatile Strap, Extra Bass & Hands-Free Calling-Black",3504.0,5990.0,0.42,3.8,3642.0,Electronics > Home Audio > Speakers > Bluetooth Speakers,Bluetooth Speakers
B0DQV99KF1,https://www.amazon.in/dp/B0DQV99KF1?th=1&psc=1&language=en_IN,"KZ Castor Pro IEM with HD Mic, Dual 10mm Dynamic Driver, Harman Target Improved Bass for Hi-Res Audio Quality, 4 Tuning Switch, Oxygen Free Copper Flat Cable, 0.78mm 2Pin & 3.5mm Plug Compatible",2089.0,2999.0,0.3,4.0,168.0,"Electronics > Headphones, Earbuds & Accessories > Headphones > In-Ear",In-Ear
B08QTYYNDN,https://www.amazon.in/dp/B08QTYYNDN?th=1&psc=1&language=en_IN,"JBL Tune 510BT, On Ear Wireless Headphones with Mic, up to 40 Hours Playtime, Pure Bass, Quick Charging, Dual Pairing, Bluetooth 5.0 & Voice Assistant Support for Mobile Phones (Black)",2299.0,4449.0,0.48,4.1,20173.0,"Electronics > Headphones, Earbuds & Accessories > Headphones > On-Ear",On-Ear
B075724BVF,https://www.amazon.in/dp/B075724BVF?th=1&psc=1&language=en_IN,"Saregama Carvaan Hindi - Portable Music Player with 5000 Preloaded Songs, FM/BT/AUX (Porcelain White)",6990.0,7190.0,0.03,4.4,5983.0,Electronics > Portable Media Players > Radios > AM/FM Radios,AM/FM Radios
B0DPWL48Z5,https://www.amazon.in/dp/B0DPWL48Z5?th=1&psc=1&language=en_IN,"boAt Airdopes 91 Prime, 45HRS Battery, 13mm Drivers, Metallic Finish, Low Latency,ENx Tech, Fast Charge, v5.3 Bluetooth TWS in Ear Earbuds Wireless Earphones with mic (Midnight Black)",699.0,3990.0,0.82,3.4,6404.0,"Electronics > Headphones, Earbuds & Accessories > Headphones > In-Ear",In-Ear
B0C29CL98P,https://www.amazon.in/dp/B0C29CL98P?th=1&psc=1&language=en_IN,"Sony SRS-XB100 Wireless Bluetooth Portable Lightweight Super-Compact Travel Speaker, Extra-Durable IP67 Waterproof & Dustproof, 16 Hrs Batt, Versatile Strap, Extra Bass & Hands-Free Calling-Black",3504.0,5990.0,0.42,3.8,3642.0,Electronics > Home Audio > Speakers > Bluetooth Speakers,Bluetooth Speakers
B0CDSCVPRP,https://www.amazon.in/dp/B0CDSCVPRP?th=1&psc=1&language=en_IN,"TECHNOVIEW 360 High Definition HD USB Voice Recorder, Clear Audio Recording Pen Drive 8 GB Memory inbuilt for Home,Office,Meetings (USB 8 GB Voice Recorder)",899.0,2999.0,0.7,3.9,686.0,Office Products > Office Electronics > Voice Recorders & Accessories > Digital Voice Recorders,Digital Voice Recorders
B0CJMF9Z56,https://www.amazon.in/dp/B0CJMF9Z56?th=1&psc=1&language=en_IN,"Boat Partypal 390/400 Speaker with 160 W Boat Signature Sound, Karaoke with 2 Mics Input, Up to 6 hrs Playtime, EQ Modes, TWS Mode, Bluetooth v5.3, AUX Port, & USB Type-C Port(Space Black)",11999.0,34990.0,0.66,4.2,649.0,Electronics > Home Audio > Speakers > Bluetooth Speakers,Bluetooth Speakers
B09SHWXWR8,https://www.amazon.in/dp/B09SHWXWR8?th=1&psc=1&language=en_IN,"iBELL FM700BT Portable FM Radio with Bluetooth Speaker, USB, SD Slot, MP3 Player & Dynamic Speaker 3 Band (Brown)",1589.0,2790.0,0.43,4.1,1478.0,Electronics > Portable Media Players > Radios > AM/FM Radios,AM/FM Radios
B0D49ZS9MT,https://www.amazon.in/dp/B0D49ZS9MT?th=1&psc=1&language=en_IN,"boAt Airdopes 121 Pro Plus, 100HRS Battery, 4Mics ENx, 50ms Low Latency, Fast Charge, LED Display, IPX5, v5.3 Bluetooth in Ear Earbuds, TWS Ear Buds Wireless Earphones with mic (Black)",999.0,4990.0,0.8,3.7,23197.0,"Electronics > Headphones, Earbuds & Accessories > Headphones > In-Ear",In-Ear
B0F87F66PG,https://www.amazon.in/dp/B0F87F66PG?th=1&psc=1&language=en_IN,"Original CMF Buds 2 Wireless Headphones ich bass and Clear mids with The 11mm PMI Fully Compatible with All Smartphones, Including Nothing Devices, and Supports Both Android and iOS Platforms",2618.412331406551,5360.055396825397,0.5959722222222222,1.0,6.0,"Electronics > Headphones, Earbuds & Accessories > Headphones > In-Ear",In-Ear
B0CBTXJJZH,https://www.amazon.in/dp/B0CBTXJJZH?th=1&psc=1&language=en_IN,"Boult Z60 Truly Wireless in Ear Earbuds with 60H Playtime, Zen™ ENC Mic, 50ms Low Latency, 13mm Bass Drivers, Type-C Fast Charging, Made in India, BT V5.3, Touch Control, IPX5 Ear Buds (Powder Blue)",799.0,2999.0,0.73,3.8,10961.0,"Electronics > Headphones, Earbuds & Accessories > Headphones > In-Ear",In-Ear
B0DQV99KF1,https://www.amazon.in/dp/B0DQV99KF1?th=1&psc=1&language=en_IN,"KZ Castor Pro IEM with HD Mic, Dual 10mm Dynamic Driver, Harman Target Improved Bass for Hi-Res Audio Quality, 4 Tuning Switch, Oxygen Free Copper Flat Cable, 0.78mm 2Pin & 3.5mm Plug Compatible",2089.0,2999.0,0.3,4.0,168.0,"Electronics > Headphones, Earbuds & Accessories > Headphones > In-Ear",In-Ear
B07L8KNP5F,https://www.amazon.in/dp/B07L8KNP5F?th=1&psc=1&language=en_IN,"ZEBRONICS THUNDER Bluetooth 5.3 Wireless Headphones with 60H Backup, Gaming Mode, Dual Pairing, ENC, AUX, Micro SD, Voice assistant, Comfortable Earcups, Call Function(Black)",699.0,1199.0,0.42,3.7,24811.0,"Electronics > Headphones, Earbuds & Accessories > Headphones > On-Ear",On-Ear
B0DFLV1PKL,https://www.amazon.in/dp/B0DFLV1PKL?th=1&psc=1&language=en_IN,Morpho L1 Fingerprint Biometric Scanner with 3 Year RD Service Free & Latest Version Device | Updated High Secured Technology | Easy to Carry Device | Aadhaar Authentication - Red & Black,5415.0,6999.0,0.23,2.3,10.0,Home Improvement > Safety & Security > Home Security Systems > Biometrics,Biometrics
B0F63Y9SDF,https://www.amazon.in/dp/B0F63Y9SDF?th=1&psc=1&language=en_IN,Remote Control Compatible for Samsung Smart 4K Tv Remote Original Led UHD QLED Television and Monitor Suitable for Frame Ultra 6 7 8 Series with Hot Keys BN59 Model Without Voice Command.,349.0,999.0,0.65,4.4,8044.0,"Electronics > Home Theater, TV & Video > Accessories > Remote Controls",Remote Controls
B0CRZ6KTB4,https://www.amazon.in/dp/B0CRZ6KTB4?th=1&psc=1&language=en_IN,"Boat Rockerz 255 ANC, 100HRS Battery, Spatial Audio, ANC(~32dB), Fast Charge(10Mins=24HRS), 3Mics AIENx, 13mm Drivers, Power Earbuds, Bluetooth Neckband, Wireless with Mic Earphones (Raven Black)",1799.0,6990.0,0.74,3.9,227799.0,"Electronics > Headphones, Earbuds & Accessories > Headphones > In-Ear",In-Ear
B07Z58GD12,https://www.amazon.in/dp/B07Z58GD12?th=1&psc=1&language=en_IN,Edifier T5 Powered Subwoofer - 70w RMS Active Woofer with 8 inch Driver and Low Pass Filter,15490.0,16990.0,0.09,4.4,1265.0,Electronics > Home Audio > Speakers > Subwoofers,Subwoofers
B08KHT2HDT,https://www.amazon.in/dp/B08KHT2HDT?th=1&psc=1&language=en_IN,"Marshall Major IV Wireless On-Ear Headphones with 80+ Hours of Playtime, Multi-Dimensional Control Knob, Wireless Charging- Black",9999.0,14999.0,0.33,4.3,13024.0,"Electronics > Headphones, Earbuds & Accessories > Headphones > On-Ear",On-Ear
B0CNRFJVX5,https://www.amazon.in/dp/B0CNRFJVX5?th=1&psc=1&language=en_IN,"boAt Airdopes 163/ Airdopes 161 Bluetooth in Ear Earbuds with 40 HRS Battery, Fast Charge, 13mm Drivers, IPX5, Quick Touch Response Control (Bold Blue)",899.0,2490.0,0.64,3.8,765.0,"Electronics > Headphones, Earbuds & Accessories > Headphones > In-Ear",In-Ear
B09F6D21BY,https://www.amazon.in/dp/B09F6D21BY?th=1&psc=1&language=en_IN,7SEVEN® Compatible with Lg Tv Magic Smart Remote Model-AKB75855501 AN-MR20GA Without Scroll Mouse Pointer and Non Voice Command - No Pairing Required Plug & Play Remotes,599.0,1999.0,0.7,3.6,631.0,"Electronics > Home Theater, TV & Video > Accessories > Remote Controls",Remote Controls
B0CCZ1L489,https://www.amazon.in/dp/B0CCZ1L489?th=1&psc=1&language=en_IN,"Bose New QuietComfort Ultra Wireless Noise Cancelling Headphones with Spatial Audio, Over-The-Ear Headphones with Mic, Up to 24 Hours of Battery Life, Black",35900.0,12721.32558139535,0.493139534883721,4.3,6498.0,"Electronics > Headphones, Earbuds & Accessories > Headphones > Over-Ear",Over-Ear
B00KGZZ824,https://www.amazon.in/dp/B00KGZZ824?th=1&psc=1&language=en_IN,"Sony MDR-ZX110A On-Ear Stereo Headphones (White), without mic",799.0,1390.0,0.43,4.0,66820.0,"Electronics > Headphones, Earbuds & Accessories > Headphones > On-Ear",On-Ear
B0BKQRF51Z,https://www.amazon.in/dp/B0BKQRF51Z?th=1&psc=1&language=en_IN,"Concept Kart KZ EDX Pro IEM Earphone, HiFi Stereo Special Dual Magnetic Circuit Dynamic Driver Resin Inlay Metal Process in-Ear Monitors Earbuds with 5N OFC 2Pin Detachable Cable (Cyan, with Mic)",1139.0,1999.0,0.43,3.8,1682.0,"Electronics > Headphones, Earbuds & Accessories > Headphones > In-Ear",In-Ear
B08G1ZBKGP,https://www.amazon.in/dp/B08G1ZBKGP?th=1&psc=1&language=en_IN,Skullcandy Hesh ANC Bluetooth Wireless Over-Ear Headphones with Mic (Black),6999.0,29999.0,0.77,3.9,6309.0,"Electronics > Headphones, Earbuds & Accessories > Headphones > Over-Ear",Over-Ear
B0DV5J28LW,https://www.amazon.in/dp/B0DV5J28LW?th=1&psc=1&language=en_IN,"boAt New Launch Rockerz 650 Pro, Touch/Swipe Controls, Dolby Audio, 80Hrs Battery, 2Mics ENx, Fast Charge, App Support, Dual Pair, Bluetooth Over Ear Headphones with Mic (Iris Black)",2799.0,8990.0,0.69,4.0,362.0,"Electronics > Headphones, Earbuds & Accessories > Headphones > Over-Ear",Over-Ear
B0DFHFH16K,https://www.amazon.in/dp/B0DFHFH16K?th=1&psc=1&language=en_IN,"Boult Q Over Ear Bluetooth Headphones with 70H Playtime, 40mm Bass Drivers, Zen™ ENC Mic, Type-C Fast Charging, 4 EQ Modes, BTv 5.4, AUX Option, Easy Control, IPX5 headphones wireless with mic (Black)",1999.0,5999.0,0.67,4.1,2735.0,"Electronics > Headphones, Earbuds & Accessories > Headphones > Over-Ear",Over-Ear
B0F3XJWKPZ,https://www.amazon.in/dp/B0F3XJWKPZ?th=1&psc=1&language=en_IN,"Jarurati Store J.B.L Mini Boost 4D Portable Bluetooth Speaker, Multicolour LED, Wireless Sound System with 4D Audio Technology",11266.564285714287,16798.04651162791,0.4441860465116279,1.0,7215.486301369863,Electronics > Home Audio > Speakers > Bluetooth Speakers,Bluetooth Speakers
B09N3ZNHTY,https://www.amazon.in/dp/B09N3ZNHTY?th=1&psc=1&language=en_IN,"Boat Airdopes 141, Low Latency, ENx Tech, 42HRS Battery, Fast Charge, IWP, IPX4, v5.1 Bluetooth Earbuds, TWS Ear Buds Wireless Earphones with mic (Bold Black)",799.0,4490.0,0.82,3.8,78819.0,"Electronics > Headphones, Earbuds & Accessories > Headphones > In-Ear",In-Ear
B0CH4X2FVM,https://www.amazon.in/dp/B0CH4X2FVM?th=1&psc=1&language=en_IN,"HEYMIX Single Monitor Arm, Ergonomic Monitor Stand VESA Mount, Computer Screen Arm Gas Spring, Vesa Arm, Monitor Mount & 2 Grommet Mounting Base for 13-32'' 2-9 kgs Sceens",2799.0,7999.0,0.65,4.0,901.0,Computers & Accessories > Accessories & Peripherals > Monitor Accessories > Monitor Arms,Monitor Arms
B0CXJBVSBZ,https://www.amazon.in/dp/B0CXJBVSBZ?th=1&psc=1&language=en_IN,"EDYELL Motorcycle Helmet Bluetooth on ear Headset, Connects to 2 Phones at The Same Time Using Music & GPS, IP67 Waterproof, Supports Android & iOS, Compatible with All Helmets, Gift for Motorcycle",1800.0,5999.0,0.7,4.2,718.0,Electronics > Car & Vehicle Electronics > Car & Vehicle Electronics Accessories > Audio & Video Accessories > Motorcycle Bluetooth Headsets,Motorcycle Bluetooth Headsets
B0DGV56J6G,https://www.amazon.in/dp/B0DGV56J6G?th=1&psc=1&language=en_IN,"Noise Newly Launched Air Clips Wireless Open Ear Earbuds with Chrome Finish, AirWave™ Technology,Up-to 40H Playtime, Dual Device Pairing, Quad Mic with ENC,12mm Driver,BTv5.4 (Pearl Black)",2999.0,3999.0,0.25,3.4,1644.0,"Electronics > Headphones, Earbuds & Accessories > Headphones > In-Ear",In-Ear
B0CL2HP1J4,https://www.amazon.in/dp/B0CL2HP1J4?th=1&psc=1&language=en_IN,"ZEBRONICS Pluto 2-2.1 Channel Desktop Speaker with 15 watts Output, Bluetooth 5.0, USB, mSD, FM, 3.5mm Jack Line Input, Inbuilt Volume Control, USB Powered, RGB Lights",1149.0,1899.0,0.39,3.5,1080.0,Computers & Accessories > Accessories & Peripherals > Audio & Video Accessories > PC Speakers,PC Speakers
B09BBV3J6Z,https://www.amazon.in/dp/B09BBV3J6Z?th=1&psc=1&language=en_IN,Icom V10MR Multiusos Radio Servicio Transceptor (Walls),,,,4.7,2.0,Electronics > Radio Communication,Radio Communication
B0D6KPF8TD,https://www.amazon.in/dp/B0D6KPF8TD?th=1&psc=1&language=en_IN,LIMESHOT GPS-456 Tracking Device Smart Key Finder Locator GPS Tracking Device for Kids Boys Girls Pets Cat Dog Keychain Wallet Luggage Anti-Lost Tag Alarm Reminder Selfie Shutter,179.0,699.0,0.74,3.4,3.0,Electronics > GPS & Accessories > GPS Trackers,GPS Trackers
B0F832LNVG,https://www.amazon.in/dp/B0F832LNVG?th=1&psc=1&language=en_IN,EMF Wireless Earbuds by Nothing,2618.412331406551,5360.055396825397,0.5959722222222222,3.7452631578947373,29798.275310834815,"Electronics > Headphones, Earbuds & Accessories > Headphones > In-Ear",In-Ear
B0CBJX6GTP,https://www.amazon.in/dp/B0CBJX6GTP?th=1&psc=1&language=en_IN,"Samsung Soundbar (HW-C45E/XL) 2.1 Channel, 300W, Dolby Digital, 3 Speakers, Wireless Subwoofer, Bluetooth Enabled and DTS Virtual X Experience Sound (Black)",9990.0,25990.0,0.62,4.3,418.0,Electronics > Home Audio > Speakers > Soundbar Speakers,Soundbar Speakers
B07QKWW9HB,https://www.amazon.in/dp/B07QKWW9HB?th=1&psc=1&language=en_IN,"myTVS Universal Single DIN MP3 Media Player for All Cars | Car Music Player with Bluetooth| Car Stereo System (Music & Charging), AUX in, FM, Hands Free Calling & Remote Control | TMP-54",1999.0,2499.0,0.2,3.9,164.0,Electronics > Car & Vehicle Electronics > Car Electronics > Car Audio > Car Stereos,Car Stereos
B083T4XJDY,https://www.amazon.in/dp/B083T4XJDY?th=1&psc=1&language=en_IN,"Sennheiser HD 450BT (ANC) Bluetooth 5.0 Wireless Over Ear Headphone with Mic, Designed in Germany, Alexa Built-in - Active Noise Cancellation, 30h Battery,Fast Charging, Foldable, 2Yr WARRANTY - Black",8490.0,14990.0,0.43,3.6,7681.0,"Electronics > Headphones, Earbuds & Accessories > Headphones > Over-Ear",Over-Ear
B07L3NDN24,https://www.amazon.in/dp/B07L3NDN24?th=1&psc=1&language=en_IN,"ZEBRONICS Zeb-Fame 5watts 2.0 Multi Media Speakers with AUX, USB and Volume Control (Black)",398.0,849.0,0.53,3.9,10424.0,Computers & Accessories > Accessories & Peripherals > Audio & Video Accessories > PC Speakers,PC Speakers
B0DLX2G6CT,https://www.amazon.in/dp/B0DLX2G6CT?th=1&psc=1&language=en_IN,OAKTER Smart Glasses with Wireless Bluetooth | Hands-Free Calling | Open Ear Music | Sport Headset | Intelligent Eyewear | Connect with Mobile/Tablet | Circular Frame | Black (Circular Frame),2499.0,3999.0,0.38,4.2,181.0,Electronics > Wearable Technology > Smartglasses,Smartglasses
B0F5HYL7H2,https://www.amazon.in/dp/B0F5HYL7H2?th=1&psc=1&language=en_IN,"XOYO Portable Lithium Battery Inverter | DC 18V, 21V, 48V to AC 220-230V Converter | Rechargeable Dc-Av Converter Power Tools for Outdoor Camping | Intelligent Battery Transformer",1750.0,2500.0,0.3,3.8499999999999996,501.0,Home & Kitchen > Kitchen & Home Appliances > Inverters & Sets > Inverters,Inverters
B0856HY85J,https://www.amazon.in/dp/B0856HY85J?th=1&psc=1&language=en_IN,"boAt Rockerz 550/Rockerz 558 Over Ear Bluetooth Headphones with Upto 20 Hours Playback, 50MM Drivers, Soft Padded Ear Cushions and Physical Noise Isolation(Black)",1599.0,4999.0,0.68,4.0,67377.0,"Electronics > Headphones, Earbuds & Accessories > Headphones > Over-Ear",Over-Ear
B0DRPCR5VK,https://www.amazon.in/dp/B0DRPCR5VK?th=1&psc=1&language=en_IN,"Wembley Rechargeable Karaoke Mic with Speaker for Singing | Wireless Mini Portable Bluetooth Speaker with Microphone & LED Lights | Cute Birthday Gift for Kids Musical Toys for Boys, Girls and Adults",548.0,1699.0,0.68,4.2,281.0,Toys & Games > Electronic Toys > Karaoke Machines,Karaoke Machines
B0CD1JTBSC,https://www.amazon.in/dp/B0CD1JTBSC?th=1&psc=1&language=en_IN,Meta Quest 3 512GB - Breakthrough Mixed Reality - Powerful Performance — Asgard’s Wrath 2 and Meta Quest + Bundle,54460.0,59990.0,0.09,4.4,3432.0,Electronics > Mobiles & Accessories > Mobile Accessories > Virtual Reality (VR) Headsets,Virtual Reality (VR) Headsets
B0F2MWGXQT,https://www.amazon.in/dp/B0F2MWGXQT?th=1&psc=1&language=en_IN,Original Air Conditioner Remote Compatible for Voltas Smart Split Ac Remote Control with WiFi Function 133B.,490.0,999.0,0.51,3.4,336.0,"Electronics > Home Theater, TV & Video > Accessories > Remote Controls",Remote Controls
B0DL3CH93D,https://www.amazon.in/dp/B0DL3CH93D?th=1&psc=1&language=en_IN,"Portronics Tune, 2-in-1 Wireless Car Receiver, Converts Wired Auto Android & CarPlay to Wireless, Bluetooth Connectivity, Only for Cars with OEM Installed Wired Android Auto/CarPlay (Black)",2699.0,4999.0,0.46,4.1,336.0,Electronics > Car & Vehicle Electronics > Car Electronics > Car Audio > Car Digital Media Receivers,Car Digital Media Receivers
B0BTDNZQWJ,https://www.amazon.in/dp/B0BTDNZQWJ?th=1&psc=1&language=en_IN,"Boat Aavante Bar Mystiq Soundbar with 100W RMS Boat Signature Sound, 2.1 CH,Multi-Connectivity Modes,BT v5.3,Wired Subwoofer,EQ Modes,Bass & Treble Control & Remote Control(Pitch Black)",4999.0,15990.0,0.69,4.1,2019.0,Electronics > Home Audio > Speakers > Soundbar Speakers,Soundbar Speakers
B09RPC4J7K,https://www.amazon.in/dp/B09RPC4J7K?th=1&psc=1&language=en_IN,"Krisons Cylender 4"" Double Woofer 40W Multi-Media Bluetooth Party Speaker with Wired Mic for Karaoke,2400 MAH Battery, Digital Display,RGB Lights, USB, SD Card, FM Radio,Auto TWS Function & Remote",1499.0,4999.0,0.7,3.9,2299.0,Electronics > Home Audio > Speakers > Bluetooth Speakers,Bluetooth Speakers
B0CD1JTBSC,https://www.amazon.in/dp/B0CD1JTBSC?th=1&psc=1&language=en_IN,Meta Quest 3 512GB - Breakthrough Mixed Reality - Powerful Performance — Asgard’s Wrath 2 and Meta Quest + Bundle,54460.0,59990.0,0.09,4.4,3432.0,Electronics > Mobiles & Accessories > Mobile Accessories > Virtual Reality (VR) Headsets,Virtual Reality (VR) Headsets
B0D1V9Q6XQ,https://www.amazon.in/dp/B0D1V9Q6XQ?th=1&psc=1&language=en_IN,"Boat Airdopes 800, Dolby Audio, Adaptive EQ by Mimi, 4Mics AI ENx, App Support, Fast Charge, Low Latency, IPX5, v5.3 Bluetooth Earbuds, TWS Ear Buds Wireless Earphones with mic (Interstellar Black)",1399.0,6490.0,0.78,4.0,4061.0,"Electronics > Headphones, Earbuds & Accessories > Headphones > In-Ear",In-Ear
B0CW3HYVRH,https://www.amazon.in/dp/B0CW3HYVRH?th=1&psc=1&language=en_IN,Onelap TyreChek™ - Digital Tyre Pressure Gauge (with Zinc Alloy Metal Head),798.0,14990.0,0.95,4.5,1347.0,Car & Motorbike > Vehicle Tools > Tyre & Wheel Tools > Tyre Pressure Gauges,Tyre Pressure Gauges
B0DPQXTSG8,https://www.amazon.in/dp/B0DPQXTSG8?th=1&psc=1&language=en_IN,"Cason 16GB Mini MP3 Music Player with Bluetooth 5.4, Video Playback,Pocket-Sized MP3 Player for Music,Voice Recording,FM Radio -Expanded Up to 128GB (Black)",1699.0,2995.0,0.43,4.0,40.0,Electronics > Portable Media Players > MP3/MP4 Players,MP3/MP4 Players
B0BKZLW5T5,https://www.amazon.in/dp/B0BKZLW5T5?th=1&psc=1&language=en_IN,"Boat Immortal 121 TWS Earbuds with Beast™ Mode(40ms Low Latency) for Gaming, 40H Playtime, Blazing LEDs, Quad Mics ENx™, Boat Signature Sound, ASAP™ Charge(10 Mins= 180 Mins)(White Sabre)",2618.412331406551,5360.055396825397,0.5959722222222222,3.5,2288.0,"Electronics > Headphones, Earbuds & Accessories > Headphones > In-Ear",In-Ear
B0DGV465ZW,https://www.amazon.in/dp/B0DGV465ZW?th=1&psc=1&language=en_IN,"Noise Newly Launched Airwave Max 5 Wireless On Ear Headphones with Adaptive Hybrid ANC (up to 50dB), HFA Tech, 80H Playtime, Dual Pairing(Carbon Black)",4999.0,5999.0,0.17,4.0,140.0,"Electronics > Headphones, Earbuds & Accessories > Headphones > Over-Ear",Over-Ear
B0CXJBVSBZ,https://www.amazon.in/dp/B0CXJBVSBZ?th=1&psc=1&language=en_IN,"EDYELL Motorcycle Helmet Bluetooth on ear Headset, Connects to 2 Phones at The Same Time Using Music & GPS, IP67 Waterproof, Supports Android & iOS, Compatible with All Helmets, Gift for Motorcycle",1800.0,5999.0,0.7,4.2,718.0,Electronics > Car & Vehicle Electronics > Car & Vehicle Electronics Accessories > Audio & Video Accessories > Motorcycle Bluetooth Headsets,Motorcycle Bluetooth Headsets
B0CKJ8JL1Y,https://www.amazon.in/dp/B0CKJ8JL1Y?th=1&psc=1&language=en_IN,"boAt Rockerz 110/Rockerz 109 Wireless in Ear Neckband with Up to 60 hrs Playtime, Dual Device Pairing, ENx Tech, ASAP Charging, BTv5.3,IPX5,Type-C Interface & Magnetic Power Buds(Active Black)",799.0,2490.0,0.68,3.5,645.0,"Electronics > Headphones, Earbuds & Accessories > Headphones > In-Ear",In-Ear
B00KGZZ824,https://www.amazon.in/dp/B00KGZZ824?th=1&psc=1&language=en_IN,"Sony MDR-ZX110A On-Ear Stereo Headphones (White), without mic",799.0,1390.0,0.43,4.0,66820.0,"Electronics > Headphones, Earbuds & Accessories > Headphones > On-Ear",On-Ear
B00KGZZ824,https://www.amazon.in/dp/B00KGZZ824?th=1&psc=1&language=en_IN,"Sony MDR-ZX110A On-Ear Stereo Headphones (White), without mic",799.0,1390.0,0.43,4.0,66820.0,"Electronics > Headphones, Earbuds & Accessories > Headphones > On-Ear",On-Ear
B09V2J596T,https://www.amazon.in/dp/B09V2J596T?th=1&psc=1&language=en_IN,"Portronics SoundDrum P 20W Portable Bluetooth Speaker with 6-7 hrs Playback Time, Handsfree Calling, USB Slot, Aux-in Port, Type C Charging (Black)",1999.0,3499.0,0.43,4.2,1380.0,Electronics > Home Audio > Speakers > Bluetooth Speakers,Bluetooth Speakers
B0D9H3W8V6,https://www.amazon.in/dp/B0D9H3W8V6?th=1&psc=1&language=en_IN,Digitek (DCR-007) USB-A 3.0 & Type C High-Speed Multi-Card Reader Supports All Standard SD/SDHC/SDXC and Micro SD/Micro SDHC/Micro SDXC Cards.,299.0,599.0,0.5,4.3,2616.0,Computers & Accessories > External Devices & Data Storage > External Memory Card Readers,External Memory Card Readers
B0CFYJ8HRS,https://www.amazon.in/dp/B0CFYJ8HRS?th=1&psc=1&language=en_IN,"Noise Pure Pods Wireless Open Ear Earbuds with AirWave™ Technology,Up-to 80H Playtime,Quad Mic with ENC,16mm Neodymium Dynamic Driver,Detachable Pure Band,BTv5.3 (Power Black)",2999.0,6999.0,0.57,3.4,1644.0,"Electronics > Headphones, Earbuds & Accessories > Headphones > In-Ear",In-Ear
B09FXG9BLR,https://www.amazon.in/dp/B09FXG9BLR?th=1&psc=1&language=en_IN,"EDIFIER MR4 Studio Monitor - Smooth Frequency, 1' Silk Dome Tweeter, 4' Diaphragm Woofer, Wooden, RCA TRS, AUX, Ideal for Content Creators - White",12490.0,13990.0,0.11,4.5,2397.0,Electronics > Home Audio > Speakers > Bookshelf Speakers,Bookshelf Speakers
B0F88D53CR,https://www.amazon.in/dp/B0F88D53CR?th=1&psc=1&language=en_IN,ELI2TE 3D Virtual Reality Headset for All Smartphones – Immersive VR Gaming & Movie Experience | Lightweight & Adjustable Design | Compatible with iOS & Android Devices,849.0,1999.0,0.58,1.0,2048.25,Electronics > Mobiles & Accessories > Mobile Accessories > Virtual Reality (VR) Headsets,Virtual Reality (VR) Headsets
B08PDGHJKX,https://www.amazon.in/dp/B08PDGHJKX?th=1&psc=1&language=en_IN,"GoMechanic Component Speaker for Car - 260 Watts 2-Way Coaxial Music System with Bass Woofer Sound – 4-Inch Stereo System for Car – 600W Max Output (Sonus S1-4 Inch, Black)",699.0,1499.0,0.53,3.7,462.0,Electronics > Car & Vehicle Electronics > Car Electronics > Car Audio > Car Speakers > Coaxial Speakers,Coaxial Speakers
B0CNRFJVX5,https://www.amazon.in/dp/B0CNRFJVX5?th=1&psc=1&language=en_IN,"boAt Airdopes 163/ Airdopes 161 Bluetooth in Ear Earbuds with 40 HRS Battery, Fast Charge, 13mm Drivers, IPX5, Quick Touch Response Control (Bold Blue)",899.0,2490.0,0.64,3.8,765.0,"Electronics > Headphones, Earbuds & Accessories > Headphones > In-Ear",In-Ear
B0CGZJDY84,https://www.amazon.in/dp/B0CGZJDY84?th=1&psc=1&language=en_IN,Marshall Motif Ii ANC - True Wireless Active Noise Cancelling Bluetooth in Ear Earbuds with Transparency Mode and 30 Hours of Playtime - Black,19999.0,5360.055396825397,0.5959722222222222,3.9,3451.0,"Electronics > Headphones, Earbuds & Accessories > Headphones > In-Ear",In-Ear
B0F7RN6CXM,https://www.amazon.in/dp/B0F7RN6CXM?th=1&psc=1&language=en_IN,"Original Universal Ac Remote Compatible for Daikin Inverter Split AC Remote Dew Clean 1 Ton 1.5 Ton 2 Ton 3 Star 4 Star 5 Star,.",499.0,999.0,0.5,4.0,579.0,"Electronics > Home Theater, TV & Video > Accessories > Remote Controls",Remote Controls
B09XS7JWHH,https://www.amazon.in/dp/B09XS7JWHH?th=1&psc=1&language=en_IN,"Sony WH-1000XM5 Best Active Noise Cancelling Wireless Bluetooth Over Ear Headphones with Mic for Clear Calling, up to 40 Hours Battery -Black",29990.0,34990.0,0.14,4.4,15412.0,"Electronics > Headphones, Earbuds & Accessories > Headphones > Over-Ear",Over-Ear
B0DQX6DH2L,https://www.amazon.in/dp/B0DQX6DH2L?th=1&psc=1&language=en_IN,4k HDMI Cromecast Wi-Fi Display Dongle | DLNA Wireless HDMI Screen Mirroring WiFi Adaptor,990.0,2490.0,0.6,3.0,4.0,Electronics > Home Audio > Media Streaming Devices > Streaming Clients,Streaming Clients
B075724BVF,https://www.amazon.in/dp/B075724BVF?th=1&psc=1&language=en_IN,"Saregama Carvaan Hindi - Portable Music Player with 5000 Preloaded Songs, FM/BT/AUX (Porcelain White)",6990.0,7190.0,0.03,4.4,5983.0,Electronics > Portable Media Players > Radios > AM/FM Radios,AM/FM Radios
B0D5HWH2W7,https://www.amazon.in/dp/B0D5HWH2W7?th=1&psc=1&language=en_IN,"Wecool Moonwalk M2 Bone Conduction Headphones, V5.3 Bluetooth Earphones with IPX6 Sweat & Splash Resistance, Open Ear Headphones for Ear Health & Comfort, Ideal for Sports, Running, Climbing, Cycling",2479.0,8999.0,0.72,3.8,5193.0,"Electronics > Headphones, Earbuds & Accessories > Headphones > In-Ear",In-Ear
B0F63Y9SDF,https://www.amazon.in/dp/B0F63Y9SDF?th=1&psc=1&language=en_IN,Remote Control Compatible for Samsung Smart 4K Tv Remote Original Led UHD QLED Television and Monitor Suitable for Frame Ultra 6 7 8 Series with Hot Keys BN59 Model Without Voice Command.,349.0,999.0,0.65,4.4,8044.0,"Electronics > Home Theater, TV & Video > Accessories > Remote Controls",Remote Controls
B0DN171184,https://www.amazon.in/dp/B0DN171184?th=1&psc=1&language=en_IN,"boAt Nirvana Ion ANC Pro, Hi-Res Audio LDAC,ANC(~32dB), 120Hrs Battery, App Support, Fast Charge, v5.3 Bluetooth TWS in Ear Earbuds Wireless Earphones with mic (Blazing Comet)",2799.0,13990.0,0.8,4.0,17590.0,"Electronics > Headphones, Earbuds & Accessories > Headphones > In-Ear",In-Ear
B0DXBZYF1K,https://www.amazon.in/dp/B0DXBZYF1K?th=1&psc=1&language=en_IN,Orignal Voice Remote Control Compatible with Mi tv Remote,575.0,999.0,0.42,4.0,7893.0,"Electronics > Home Theater, TV & Video > Accessories > Remote Controls",Remote Controls
B0F88D53CR,https://www.amazon.in/dp/B0F88D53CR?th=1&psc=1&language=en_IN,ELI2TE 3D Virtual Reality Headset for All Smartphones – Immersive VR Gaming & Movie Experience | Lightweight & Adjustable Design | Compatible with iOS & Android Devices,849.0,1999.0,0.58,1.0,2048.25,Electronics > Mobiles & Accessories > Mobile Accessories > Virtual Reality (VR) Headsets,Virtual Reality (VR) Headsets
B0DPWL48Z5,https://www.amazon.in/dp/B0DPWL48Z5?th=1&psc=1&language=en_IN,"boAt Airdopes 91 Prime, 45HRS Battery, 13mm Drivers, Metallic Finish, Low Latency,ENx Tech, Fast Charge, v5.3 Bluetooth TWS in Ear Earbuds Wireless Earphones with mic (Midnight Black)",699.0,3990.0,0.82,3.4,6408.0,"Electronics > Headphones, Earbuds & Accessories > Headphones > In-Ear",In-Ear
B0CRB2GTYB,https://www.amazon.in/dp/B0CRB2GTYB?th=1&psc=1&language=en_IN,"Concept Kart Kz Edx Pro Iem Earphone, Hifi Stereo Special Dual Magnetic Circuit Dynamic Driver Resin Inlay Metal Process In-Ear Monitors Earbuds With 5N Ofc 2Pin Detachable Cable, Black",1092.0,1999.0,0.45,3.8,1683.0,"Electronics > Headphones, Earbuds & Accessories > Headphones > In-Ear",In-Ear
B0C6KKQ7ND,https://www.amazon.in/dp/B0C6KKQ7ND?th=1&psc=1&language=en_IN,"soundcore by Anker,Space One,Active Noise Cancelling in Ear Headphones,2X Stronger Voice Reduction,40H ANC Playtime,App Control,Ldac Hi-Res Wireless Audio,Comfortable Fit,Clear Calls,Bluetooth 5.3",7998.0,19998.0,0.6,4.2,3580.0,"Electronics > Headphones, Earbuds & Accessories > Headphones > In-Ear",In-Ear
B0DFHFH16K,https://www.amazon.in/dp/B0DFHFH16K?th=1&psc=1&language=en_IN,"Boult Q Over Ear Bluetooth Headphones with 70H Playtime, 40mm Bass Drivers, Zen™ ENC Mic, Type-C Fast Charging, 4 EQ Modes, BTv 5.4, AUX Option, Easy Control, IPX5 headphones wireless with mic (Black)",1999.0,5999.0,0.67,4.1,2735.0,"Electronics > Headphones, Earbuds & Accessories > Headphones > Over-Ear",Over-Ear
B08HDL3XJR,https://www.amazon.in/dp/B08HDL3XJR?th=1&psc=1&language=en_IN,"reMarkable Starter Bundle – reMarkable 2 is The Original Paper Tablet | Includes Black and White 10.3” Writing Tablet, Marker Plus Pen with Built-in Eraser",44999.0,6999.0,0.65,4.2,1833.0,"Computers & Accessories > Accessories & Peripherals > Keyboards, Mice & Input Devices > Graphic Tablets",Graphic Tablets
B0CGZJDY84,https://www.amazon.in/dp/B0CGZJDY84?th=1&psc=1&language=en_IN,Marshall Motif Ii ANC - True Wireless Active Noise Cancelling Bluetooth in Ear Earbuds with Transparency Mode and 30 Hours of Playtime - Black,19999.0,5360.055396825397,0.5959722222222222,3.9,3451.0,"Electronics > Headphones, Earbuds & Accessories > Headphones > In-Ear",In-Ear
B0DGTSRX3R,https://www.amazon.in/dp/B0DGTSRX3R?th=1&psc=1&language=en_IN,"boAt Rockerz 480 w/RGB LEDs, 6 Light Modes, 40mm Drivers, Beast Mode, 60hrs Playback, ENx Tech, BT v5.3, Adaptive Fit & Easy Access Controls, Bluetooth Headphones(Black Sabre)",1599.0,3790.0,0.58,3.8,819.0,"Electronics > Headphones, Earbuds & Accessories > Headphones > On-Ear",On-Ear
B0DL3CH93D,https://www.amazon.in/dp/B0DL3CH93D?th=1&psc=1&language=en_IN,"Portronics Tune, 2-in-1 Wireless Car Receiver, Converts Wired Auto Android & CarPlay to Wireless, Bluetooth Connectivity, Only for Cars with OEM Installed Wired Android Auto/CarPlay (Black)",2699.0,4999.0,0.46,4.1,337.0,Electronics > Car & Vehicle Electronics > Car Electronics > Car Audio > Car Digital Media Receivers,Car Digital Media Receivers
B07GZRR6NP,https://www.amazon.in/dp/B07GZRR6NP?th=1&psc=1&language=en_IN,Saregama Carvaan Mini Hindi 2.0- Music Player with Bluetooth/FM/AM/AUX (Moonlight Black),2490.0,2990.0,0.17,4.0,22818.0,Electronics > Portable Media Players > Radios,Radios
B0D9R1F7ZP,https://www.amazon.in/dp/B0D9R1F7ZP?th=1&psc=1&language=en_IN,"EDNITA jbl Ultra Mini Wireless Bluetooth Speaker with Heavy Metal Electroplating Round Speaker | Wireless Power Button Controlled, Long Lasting Battery & Quick Charge Pack of 1 (Multicolor)",301.0,1599.0,0.81,3.5,88.0,Electronics > Home Audio > Speakers > Bluetooth Speakers,Bluetooth Speakers
B0D6WD2QSQ,https://www.amazon.in/dp/B0D6WD2QSQ?th=1&psc=1&language=en_IN,"Bose New SoundLink Flex Portable Bluetooth Speaker (2nd Gen), Portable Outdoor Speaker with Hi-Fi Audio, Up to 12 Hours Battery Life, Waterproof and Dustproof, Black",14999.0,16900.0,0.11,4.7,3344.0,Electronics > Home Audio > Speakers > Bluetooth Speakers,Bluetooth Speakers
B075724BVF,https://www.amazon.in/dp/B075724BVF?th=1&psc=1&language=en_IN,"Saregama Carvaan Hindi - Portable Music Player with 5000 Preloaded Songs, FM/BT/AUX (Porcelain White)",6990.0,7190.0,0.03,4.4,5983.0,Electronics > Portable Media Players > Radios > AM/FM Radios,AM/FM Radios
B0CCZ1L489,https://www.amazon.in/dp/B0CCZ1L489?th=1&psc=1&language=en_IN,"Bose New QuietComfort Ultra Wireless Noise Cancelling Headphones with Spatial Audio, Over-The-Ear Headphones with Mic, Up to 24 Hours of Battery Life, Black",35900.0,12721.32558139535,0.493139534883721,4.3,6498.0,"Electronics > Headphones, Earbuds & Accessories > Headphones > Over-Ear",Over-Ear
B0D4QLT8WG,https://www.amazon.in/dp/B0D4QLT8WG?th=1&psc=1&language=en_IN,"Noise Buds N1 Pro in-Ear Truly Wireless Earbuds with Metallic Finish, ANC(Upto 30dB), 60H of Playtime, Dual Pairing, Instacharge(10 min=200 min), BT v5.3(Chrome Black)",1799.0,4999.0,0.64,3.9,4952.0,"Electronics > Headphones, Earbuds & Accessories > Headphones > In-Ear",In-Ear
B0DFHFH16K,https://www.amazon.in/dp/B0DFHFH16K?th=1&psc=1&language=en_IN,"Boult Q Over Ear Bluetooth Headphones with 70H Playtime, 40mm Bass Drivers, Zen™ ENC Mic, Type-C Fast Charging, 4 EQ Modes, BTv 5.4, AUX Option, Easy Control, IPX5 headphones wireless with mic (Black)",1999.0,5999.0,0.67,4.1,2735.0,"Electronics > Headphones, Earbuds & Accessories > Headphones > Over-Ear",Over-Ear
B0CRB2GTYB,https://www.amazon.in/dp/B0CRB2GTYB?th=1&psc=1&language=en_IN,"Concept Kart Kz Edx Pro Iem Earphone, Hifi Stereo Special Dual Magnetic Circuit Dynamic Driver Resin Inlay Metal Process In-Ear Monitors Earbuds With 5N Ofc 2Pin Detachable Cable, Black",1092.0,1999.0,0.45,3.8,1683.0,"Electronics > Headphones, Earbuds & Accessories > Headphones > In-Ear",In-Ear
B0C8J7W6PL,https://www.amazon.in/dp/B0C8J7W6PL?th=1&psc=1&language=en_IN,"OnePlus Nord Buds 2r True Wireless in Ear Earbuds with Mic, 12.4mm Drivers, Playback:Upto 38hr case,4-Mic Design, IP55 Rating [ Misty Grey ]",1599.0,2299.0,0.3,4.2,25487.0,"Electronics > Headphones, Earbuds & Accessories > Headphones > In-Ear",In-Ear
B0DK3W2XK3,https://www.amazon.in/dp/B0DK3W2XK3?th=1&psc=1&language=en_IN,"JBL New Launch Tune Beam 2 TWS, ANC Earbuds, 48Hr Playtime,Dual Connect, Ambient Aware, Relax Mode, Customized EQ with Headphones App, 6 Mics for Clear Calls, Spatial Sound, Personi-Fi 3.0 (Black)",5999.0,8999.0,0.33,3.9,661.0,"Electronics > Headphones, Earbuds & Accessories > Headphones > In-Ear",In-Ear
B09XS7JWHH,https://www.amazon.in/dp/B09XS7JWHH?th=1&psc=1&language=en_IN,"Sony WH-1000XM5 Best Active Noise Cancelling Wireless Bluetooth Over Ear Headphones with Mic for Clear Calling, up to 40 Hours Battery -Black",29990.0,34990.0,0.14,4.4,15412.0,"Electronics > Headphones, Earbuds & Accessories > Headphones > Over-Ear",Over-Ear
B0C29CL98P,https://www.amazon.in/dp/B0C29CL98P?th=1&psc=1&language=en_IN,"Sony SRS-XB100 Wireless Bluetooth Portable Lightweight Super-Compact Travel Speaker, Extra-Durable IP67 Waterproof & Dustproof, 16 Hrs Batt, Versatile Strap, Extra Bass & Hands-Free Calling-Black",3504.0,5990.0,0.42,3.8,3642.0,Electronics > Home Audio > Speakers > Bluetooth Speakers,Bluetooth Speakers
B07Z58GD12,https://www.amazon.in/dp/B07Z58GD12?th=1&psc=1&language=en_IN,Edifier T5 Powered Subwoofer - 70w RMS Active Woofer with 8 inch Driver and Low Pass Filter,15490.0,16990.0,0.09,4.4,1265.0,Electronics > Home Audio > Speakers > Subwoofers,Subwoofers
B0DPWL48Z5,https://www.amazon.in/dp/B0DPWL48Z5?th=1&psc=1&language=en_IN,"boAt Airdopes 91 Prime, 45HRS Battery, 13mm Drivers, Metallic Finish, Low Latency,ENx Tech, Fast Charge, v5.3 Bluetooth TWS in Ear Earbuds Wireless Earphones with mic (Midnight Black)",699.0,3990.0,0.82,3.4,6409.0,"Electronics > Headphones, Earbuds & Accessories > Headphones > In-Ear",In-Ear
B0D35N2V2R,https://www.amazon.in/dp/B0D35N2V2R?th=1&psc=1&language=en_IN,"LG New Launch Soundbar S65TR, 600W, 5.1 Ch, Dolby Digital & DTS Digital Surround, AI Sound Pro, Wow Interface, Wireless Subwoofer & New Wirleess Rear Speaker Without Receiver Box",22990.0,34990.0,0.34,4.5,59.0,Electronics > Home Audio > Speakers > Soundbar Speakers,Soundbar Speakers
B0D9BP4JY6,https://www.amazon.in/dp/B0D9BP4JY6?th=1&psc=1&language=en_IN,"amazon basics SB25L 25W Bluetooth Soundbar with 4000 mAh Battery | 2X Bass | Up to 7 hrs of Playback | Blue LED Lights | Bluetooth 5.3, Aux & USB Connectivity (Blue)",1159.0,3999.0,0.71,3.3,410.0,Electronics > Home Audio > Speakers > Soundbar Speakers,Soundbar Speakers
B0D4QLT8WG,https://www.amazon.in/dp/B0D4QLT8WG?th=1&psc=1&language=en_IN,"Noise Buds N1 Pro in-Ear Truly Wireless Earbuds with Metallic Finish, ANC(Upto 30dB), 60H of Playtime, Dual Pairing, Instacharge(10 min=200 min), BT v5.3(Chrome Black)",1799.0,4999.0,0.64,3.9,4952.0,"Electronics > Headphones, Earbuds & Accessories > Headphones > In-Ear",In-Ear
B0CNRFJVX5,https://www.amazon.in/dp/B0CNRFJVX5?th=1&psc=1&language=en_IN,"boAt Airdopes 163/ Airdopes 161 Bluetooth in Ear Earbuds with 40 HRS Battery, Fast Charge, 13mm Drivers, IPX5, Quick Touch Response Control (Bold Blue)",899.0,2490.0,0.64,3.8,765.0,"Electronics > Headphones, Earbuds & Accessories > Headphones > In-Ear",In-Ear
B08X1QWB9W,https://www.amazon.in/dp/B08X1QWB9W?th=1&psc=1&language=en_IN,"Skullcandy Dime True Wireless in-Ear Bluetooth Earbuds Compatible with iPhone and Android/Charging Case and Microphone/Great for Gym, Sports, and Gaming, IPX4 Water Dust Resistant - Black",2499.0,7499.0,0.67,3.0,34552.0,"Electronics > Headphones, Earbuds & Accessories > Headphones > In-Ear",In-Ear
B0BZV7M23Q,https://www.amazon.in/dp/B0BZV7M23Q?th=1&psc=1&language=en_IN,"soundcore By Anker Liberty 4 Nc Wireless Noise Cancelling In Ear Earbud,98.5% Noise Reduction,Adaptive Noise Cancelling To Ear And Environment,Hi-Res Sound,50H Battery,Wireless Charging,Bluetooth 5.3",5498.0,15998.0,0.66,3.6,17722.0,"Electronics > Headphones, Earbuds & Accessories > Headphones > In-Ear",In-Ear
B0CCZ1L489,https://www.amazon.in/dp/B0CCZ1L489?th=1&psc=1&language=en_IN,"Bose New QuietComfort Ultra Wireless Noise Cancelling Headphones with Spatial Audio, Over-The-Ear Headphones with Mic, Up to 24 Hours of Battery Life, Black",35900.0,12721.32558139535,0.493139534883721,4.3,6499.0,"Electronics > Headphones, Earbuds & Accessories > Headphones > Over-Ear",Over-Ear
B096V8Y76N,https://www.amazon.in/dp/B096V8Y76N?th=1&psc=1&language=en_IN,"Sounce 2 in 1 Bluetooth 5.0 Transmitter Receiver | 3.5mm Stereo Audio Adapter with Mic | Portable Design | Driverless Plug and Play | Easy Slide Switch Mode | 50m Range | Compatible with Car, Aux",239.0,1899.0,0.87,3.8,4106.0,Electronics > Car & Vehicle Electronics > Car & Vehicle Electronics Accessories > Audio & Video Accessories > Bluetooth Kits,Bluetooth Kits
B0B1PXM75C,https://www.amazon.in/dp/B0B1PXM75C?th=1&psc=1&language=en_IN,"Noise Two Wireless On-Ear Headphones with 50 Hours Playtime, Low Latency(up to 40ms), 4 Play Modes, Dual Pairing, BT v5.3 (Serene Blue)",1699.0,4999.0,0.66,3.5,3349.0,"Electronics > Headphones, Earbuds & Accessories > Headphones > On-Ear",On-Ear
B01DEWVZ2C,https://www.amazon.in/dp/B01DEWVZ2C?th=1&psc=1&language=en_IN,"JBL C100SI Wired In aEar Headphones with Mic, JBL Pure Bass Sound, One Button Multi-function Remote, Premium Metallic Finish, Angled Buds for Comfort fit (Black)",549.0,1299.0,0.58,4.0,199650.0,"Electronics > Headphones, Earbuds & Accessories > Headphones > In-Ear",In-Ear
B0D49XPB6C,https://www.amazon.in/dp/B0D49XPB6C?th=1&psc=1&language=en_IN,Bosch Tyre Pressure Monitoring System (TPMS) for Cars with tubeless Tyres | Pack of 4 sensors | Real-Time Tracking & Alerts via Mobile App | 5-Year Warranty,6500.0,6999.0,0.07,3.8,80.0,Car & Motorbike > Vehicle Tools > Tyre & Wheel Tools,Tyre & Wheel Tools
B0F2MWGXQT,https://www.amazon.in/dp/B0F2MWGXQT?th=1&psc=1&language=en_IN,Original Air Conditioner Remote Compatible for Voltas Smart Split Ac Remote Control with WiFi Function 133B.,490.0,999.0,0.51,3.4,336.0,"Electronics > Home Theater, TV & Video > Accessories > Remote Controls",Remote Controls
B0CD4BRZXW,https://www.amazon.in/dp/B0CD4BRZXW?th=1&psc=1&language=en_IN,"OIVO INDIA Headphone Stand Headset Holder with Aluminum Supporting Bar Flexible Headrest ABS Solid Base for All Headphones Size (No Headphones, Only Stand)",399.0,999.0,0.6,4.4,124.0,"Electronics > Headphones, Earbuds & Accessories > Stands",Stands
B0DKXD1SFM,https://www.amazon.in/dp/B0DKXD1SFM?th=1&psc=1&language=en_IN,"Pioneer DMH-AP6650BT 9"" Large Screen Display with Wireless Android Auto/Carplay and Weblink",27500.0,31990.0,0.14,4.6,5.0,Electronics > Car & Vehicle Electronics > Car Electronics > Car Audio > Car Stereos,Car Stereos
B0F3XJWKPZ,https://www.amazon.in/dp/B0F3XJWKPZ?th=1&psc=1&language=en_IN,"Jarurati Store J.B.L Mini Boost 4D Portable Bluetooth Speaker, Multicolour LED, Wireless Sound System with 4D Audio Technology",11266.564285714287,16798.04651162791,0.4441860465116279,1.0,7215.486301369863,Electronics > Home Audio > Speakers > Bluetooth Speakers,Bluetooth Speakers
B0CWVX1GNX,https://www.amazon.in/dp/B0CWVX1GNX?th=1&psc=1&language=en_IN,"Sony ULT Wear WH-ULT900N Noise Cancellation Wireless Bluetooth Over Ear Headphones with Massive Bass, Up to 50Hrs Battery-Black",15409.0,24990.0,0.38,4.3,1571.0,"Electronics > Headphones, Earbuds & Accessories > Headphones > Over-Ear",Over-Ear
B0F799X6QK,https://www.amazon.in/dp/B0F799X6QK?th=1&psc=1&language=en_IN,"Nothing Neckband Pro 50dB Active Noise Cancellation, Smart Dial Design, 37 Hrs Playtime Bluetooth Wireless in Ear Earphones with Mic",599.0,999.0,0.4,2.4,21.0,"Electronics > Headphones, Earbuds & Accessories > Headphones > In-Ear",In-Ear
B0DPQXTSG8,https://www.amazon.in/dp/B0DPQXTSG8?th=1&psc=1&language=en_IN,"Cason 16GB Mini MP3 Music Player with Bluetooth 5.4, Video Playback,Pocket-Sized MP3 Player for Music,Voice Recording,FM Radio -Expanded Up to 128GB (Black)",1699.0,2995.0,0.43,4.0,40.0,Electronics > Portable Media Players > MP3/MP4 Players,MP3/MP4 Players
B0F289GVTS,https://www.amazon.in/dp/B0F289GVTS?th=1&psc=1&language=en_IN,Remote Control Original Compatible with 3rd Generation tv Stick.,498.0,1999.0,0.75,4.1,3253.0,"Electronics > Home Theater, TV & Video > Accessories > Remote Controls",Remote Controls
B0DWX8J3JS,https://www.amazon.in/dp/B0DWX8J3JS?th=1&psc=1&language=en_IN,Blaupunkt Newly Launched SBW Chicago 20 2.1 CH Soundbar with Wired Subwoofeer I 120W RMS I HDMI-ARC I Bluetooth I AUX I USB I Remote Control with Equalizer,18077.130952380954,25923.78947368421,0.5797368421052632,4.0,5777.0,Electronics > Home Audio > Speakers > Soundbar Speakers,Soundbar Speakers
B00KGZZ824,https://www.amazon.in/dp/B00KGZZ824?th=1&psc=1&language=en_IN,"Sony MDR-ZX110A On-Ear Stereo Headphones (White), without mic",799.0,1390.0,0.43,4.0,66820.0,"Electronics > Headphones, Earbuds & Accessories > Headphones > On-Ear",On-Ear
B00IJ443CA,https://www.amazon.in/dp/B00IJ443CA?th=1&psc=1&language=en_IN,"Zebronics ZEB-BT6590RUCF Wireless Bluetooth Multimedia Speaker With Supporting SD Card, USB, AUX, FM & Remote Control. (65 Watt, 5.1 Channel)",3499.0,4999.0,0.3,3.9,8055.0,Electronics > Home Audio > Speakers > Multimedia Speaker Systems,Multimedia Speaker Systems
B0DF9C2969,https://www.amazon.in/dp/B0DF9C2969?th=1&psc=1&language=en_IN,"Orei 4K HDMI Splitter 1 in 2 Out - 1X2 HDMI Splitter for Dual Monitors Ultra HD 4K@30Hz with [ 2ft HDMI Cable ], 3D & 1080P Support for Xbox, PS4, Blu-ray, HDT, Will not Extend Display Screen",1099.0,2515.0,0.56,4.1,1706.0,Electronics > Home Audio > Accessories > Distribution > Selector Boxes,Selector Boxes
B0DMT3L9QW,https://www.amazon.in/dp/B0DMT3L9QW?th=1&psc=1&language=en_IN,"Mivi Fort H550 Soundbar, 5.1 Channel HomeTheatre, 3 in-Build Speakers, 2 Satellite Speakers and 1 External Subwoofer, Multiple EQ & Input Modes, Made in India Sound bar",18077.130952380954,25923.78947368421,0.5797368421052632,3.9,476.0,Electronics > Home Audio > Speakers > Soundbar Speakers,Soundbar Speakers
B0CJMF9Z56,https://www.amazon.in/dp/B0CJMF9Z56?th=1&psc=1&language=en_IN,"Boat Partypal 390/400 Speaker with 160 W Boat Signature Sound, Karaoke with 2 Mics Input, Up to 6 hrs Playtime, EQ Modes, TWS Mode, Bluetooth v5.3, AUX Port, & USB Type-C Port(Space Black)",11999.0,34990.0,0.66,4.2,649.0,Electronics > Home Audio > Speakers > Bluetooth Speakers,Bluetooth Speakers
B0BS1RT9S2,https://www.amazon.in/dp/B0BS1RT9S2?th=1&psc=1&language=en_IN,"Sony WH-CH520 Wireless Bluetooth Headphones with Mic, Up to 50Hrs Battery, Quick Charge, DSEE Upscale, Multipoint Connectivity, Voice Assistant, Customized EQ-Blue",4369.0,5990.0,0.27,4.1,20661.0,"Electronics > Headphones, Earbuds & Accessories > Headphones > On-Ear",On-Ear
B0DDHM6D3L,https://www.amazon.in/dp/B0DDHM6D3L?th=1&psc=1&language=en_IN,"Portronics Conch Theta C in Ear Type C Wired Earphones with in Line HD Mic, Powerful Audio, 14.2mm Driver, Unique Earbuds Design, TPE Anti Tangle Wire, in line Controls, Wide Compatibility(White)",279.0,799.0,0.65,4.0,1580.0,"Electronics > Headphones, Earbuds & Accessories > Headphones > In-Ear",In-Ear
B0D8LCMC7R,https://www.amazon.in/dp/B0D8LCMC7R?th=1&psc=1&language=en_IN,"Philips Portable Radio RL384/94 with MW, SW & FM Band, 500mW RMS Sound Output, Telescopic Antenna, 4-Inch Loudspeaker, Powered by 3xR20 (4.5V DC) External DC Socket",1725.0,2199.0,0.22,3.4,359.0,Electronics > Portable Media Players > Radios > AM/FM Radios,AM/FM Radios
B0F13HBYLG,https://www.amazon.in/dp/B0F13HBYLG?th=1&psc=1&language=en_IN,"PRUNUS J-360TS Cassette Tape Player Boombox with Bluetooth,Tape Player Recorder, AM FM Portable Radio,Solar/Battery Operated/Rechargeable,AUX/TF/USB Drive, Headphone Jack,Tape Recorder Cassette Player",4274.0,6299.0,0.32,4.2,63.0,Electronics > Portable Media Players > Radios > AM/FM Radios,AM/FM Radios
B09CYX92NB,https://www.amazon.in/dp/B09CYX92NB?th=1&psc=1&language=en_IN,"JBL Tune 770NC Wireless Over Ear ANC Headphones with Mic, Upto 70 Hrs Playtime, Speedcharge, Google Fast Pair, Dual Pairing, BT 5.3 LE Audio, Customize on JBL Headphones App (Black)",5999.0,9999.0,0.4,4.0,21522.0,"Electronics > Headphones, Earbuds & Accessories > Headphones > Over-Ear",Over-Ear
B0DY89117M,https://www.amazon.in/dp/B0DY89117M?th=1&psc=1&language=en_IN,"Onelap Micro GPS (with 4G SIM) - Wired Hidden GPS Tracker for Bike, Car, EV, Trucks | Live Location | Remote Engine Stop Compatible | Engine ON/Off Alerts | Anti Theft Alarm | 1 Year Android & iOS App",1890.0,5999.0,0.68,4.4,15452.0,Electronics > GPS & Accessories > GPS Trackers,GPS Trackers
B0D97TGLS8,https://www.amazon.in/dp/B0D97TGLS8?th=1&psc=1&language=en_IN,"Carlinkit Wireless CarPlay Adapter - Mini SE 2025 Upgraded with WiFi 6 & Bluetooth 5.4, Compact Design, Easy Setup, Siri Voice Control, Connection Stable and Faster, Black",396.5,1611.5,0.765,3.7,73.0,Electronics > Car & Vehicle Electronics > Car & Vehicle Electronics Accessories > Audio & Video Accessories > Bluetooth Kits,Bluetooth Kits
B0CX5C6WP3,https://www.amazon.in/dp/B0CX5C6WP3?th=1&psc=1&language=en_IN,"JBL Go 4, Wireless Ultra Portable Bluetooth Speaker, Pro Sound, Vibrant Colors, Water & Dust Proof, Type C (Without Mic, Black)",3499.0,5499.0,0.36,4.4,6847.0,Electronics > Home Audio > Speakers > Bluetooth Speakers,Bluetooth Speakers
B0DL9YD8L7,https://www.amazon.in/dp/B0DL9YD8L7?th=1&psc=1&language=en_IN,C 9 GPS-Tracking Device Smart Key Finder Locator GPS Tracking Device for Kids Boys Girls Pets Cat Dog Keychain Wallet Luggage Anti-Lost Tag Alarm Reminder Selfie Shutter (1-Piece),129.0,699.0,0.82,3.4,16.0,Electronics > GPS & Accessories > GPS Trackers,GPS Trackers
B0DPWL48Z5,https://www.amazon.in/dp/B0DPWL48Z5?th=1&psc=1&language=en_IN,"boAt Airdopes 91 Prime, 45HRS Battery, 13mm Drivers, Metallic Finish, Low Latency,ENx Tech, Fast Charge, v5.3 Bluetooth TWS in Ear Earbuds Wireless Earphones with mic (Midnight Black)",699.0,3990.0,0.82,3.4,6409.0,"Electronics > Headphones, Earbuds & Accessories > Headphones > In-Ear",In-Ear
B09N3ZNHTY,https://www.amazon.in/dp/B09N3ZNHTY?th=1&psc=1&language=en_IN,"Boat Airdopes 141, Low Latency, ENx Tech, 42HRS Battery, Fast Charge, IWP, IPX4, v5.1 Bluetooth Earbuds, TWS Ear Buds Wireless Earphones with mic (Bold Black)",799.0,4490.0,0.82,3.8,78819.0,"Electronics > Headphones, Earbuds & Accessories > Headphones > In-Ear",In-Ear
B07L8KNP5F,https://www.amazon.in/dp/B07L8KNP5F?th=1&psc=1&language=en_IN,"ZEBRONICS THUNDER Bluetooth 5.3 Wireless Headphones with 60H Backup, Gaming Mode, Dual Pairing, ENC, AUX, Micro SD, Voice assistant, Comfortable Earcups, Call Function(Black)",699.0,1199.0,0.42,3.7,24811.0,"Electronics > Headphones, Earbuds & Accessories > Headphones > On-Ear",On-Ear
B0CDCR9LZ3,https://www.amazon.in/dp/B0CDCR9LZ3?th=1&psc=1&language=en_IN,"Ajjas Lite (Remote Engine Lock) - Wired Hidden GPS Tracker with Location Tracking, Geo Fence Alert, More 15+ Features for Car, Bike, Truck, Bus with (1 Year Free Application)",1519.0,5999.0,0.75,4.2,4358.0,Electronics > GPS & Accessories > GPS Trackers,GPS Trackers
B0DPT75HHX,https://www.amazon.in/dp/B0DPT75HHX?th=1&psc=1&language=en_IN,"pTron Musicbot Lite 6W Bluetooth Speaker with 8 Hrs Playtime, 2.04"" Neo Driver for Pristine Sound, Mini Size Portable Speaker, BTv5.1 Connectivity, TWS Feature & Type C Charging (Black)",11266.564285714287,16798.04651162791,0.4441860465116279,3.8,130.0,Electronics > Home Audio > Speakers > Bluetooth Speakers,Bluetooth Speakers
B0DPWL48Z5,https://www.amazon.in/dp/B0DPWL48Z5?th=1&psc=1&language=en_IN,"boAt Airdopes 91 Prime, 45HRS Battery, 13mm Drivers, Metallic Finish, Low Latency,ENx Tech, Fast Charge, v5.3 Bluetooth TWS in Ear Earbuds Wireless Earphones with mic (Midnight Black)",699.0,3990.0,0.82,3.4,6409.0,"Electronics > Headphones, Earbuds & Accessories > Headphones > In-Ear",In-Ear
B0F4JY98R5,https://www.amazon.in/dp/B0F4JY98R5?th=1&psc=1&language=en_IN,"4K Mini PC Box,2025 Upgraded Android 11.1, 2GB RAM 16GB ROM, RK3318 64-Bit Processor, Dual Band WiFi Smart MINI PC with pre-Installed apps Makes Your TV a Smart TV",2358.25,4873.125,0.5175,4.0,5.0,Electronics > Home Audio > Media Streaming Devices > Streaming Clients,Streaming Clients
B071XCQ2PQ,https://www.amazon.in/dp/B071XCQ2PQ?th=1&psc=1&language=en_IN,"PHILIPS Convertible Soundbar MMS8085B, 2.1 Channel with Multipoint-Connectivity Option, USB in, Bluetooth Connectivity 80 Watt, Superior Sound, Rich bass (Black)",6999.0,9690.0,0.28,4.0,6824.0,Electronics > Home Audio > Speakers > Multimedia Speaker Systems,Multimedia Speaker Systems
B0C2Z5SQN9,https://www.amazon.in/dp/B0C2Z5SQN9?th=1&psc=1&language=en_IN,"GOVO GOSURROUND 950 | 500W Sound bar | 5.1 Channel Home Theatre with 6.5"" subwoofer | Dual Rear Satellites, HDMI, AUX, USB & Bluetooth, 5 Equalizer Modes, Stylish Remote & LED Display (Platinum Black)",7499.0,24999.0,0.7,4.1,2917.0,Electronics > Home Audio > Speakers > Soundbar Speakers,Soundbar Speakers
B0D8LCMC7R,https://www.amazon.in/dp/B0D8LCMC7R?th=1&psc=1&language=en_IN,"Philips Portable Radio RL384/94 with MW, SW & FM Band, 500mW RMS Sound Output, Telescopic Antenna, 4-Inch Loudspeaker, Powered by 3xR20 (4.5V DC) External DC Socket",1725.0,2199.0,0.22,3.4,359.0,Electronics > Portable Media Players > Radios > AM/FM Radios,AM/FM Radios
B0DYK8RX57,https://www.amazon.in/dp/B0DYK8RX57?th=1&psc=1&language=en_IN,Remote Control Compatible for Remote Compatible with Sony LED Smart TV 4k Without Voice Command with Netflix & P-Video hot Keys,420.0,999.0,0.58,3.9,1150.0,"Electronics > Home Theater, TV & Video > Accessories > Remote Controls",Remote Controls
B0D22QWQHR,https://www.amazon.in/dp/B0D22QWQHR?th=1&psc=1&language=en_IN,"Boult Audio Z20 Pro Truly Wireless Bluetooth Ear Buds with 60H Playtime, 4 Mics Clear Calling, 45ms Low Latency, Rich Bass Drivers, Touch Controls, IPX5 TWS Earbuds Bluetooth Wireless (Powder Blue)",1099.0,5999.0,0.82,4.0,4448.0,"Electronics > Headphones, Earbuds & Accessories > Headphones > In-Ear",In-Ear
B0CQ1M1YXM,https://www.amazon.in/dp/B0CQ1M1YXM?th=1&psc=1&language=en_IN,Intel Core I5-14400 Desktop Processor PGA Lga1700 10 Cores(6 P-Cores + 4 E-Cores) Up to 4.7 Ghz,15800.0,30000.0,0.47,4.6,45.0,Computers & Accessories > Components > Processors,Processors
B0BS8493WY,https://www.amazon.in/dp/B0BS8493WY?th=1&psc=1&language=en_IN,"Sony NW-A306 32GB Walkman Hi-Res Portable Digital Music Player with Android 12.0, 3.6"" Touch Screen, S-Master Hx, DSEE-Hx, Wi-Fi & Bluetooth and USB Type-C - Black",29990.0,10021.0,0.4147368421052631,3.8,357.0,Electronics > Portable Media Players > MP3/MP4 Players,MP3/MP4 Players
B0F8JKKCGK,https://www.amazon.in/dp/B0F8JKKCGK?th=1&psc=1&language=en_IN,"5.1 DTS Channel Analog 5.1 Bluetooth Music System Amplifier, HiFi Audio with Front/Bass/Treble/Centre/Rear Controls, Black",8864.0,10642.555555555555,0.26555555555555554,4.0,2.0,Electronics > Home Audio > Receivers & Separates > Amplifiers,Amplifiers
B0F88D53CR,https://www.amazon.in/dp/B0F88D53CR?th=1&psc=1&language=en_IN,ELI2TE 3D Virtual Reality Headset for All Smartphones – Immersive VR Gaming & Movie Experience | Lightweight & Adjustable Design | Compatible with iOS & Android Devices,849.0,1999.0,0.58,1.0,2048.25,Electronics > Mobiles & Accessories > Mobile Accessories > Virtual Reality (VR) Headsets,Virtual Reality (VR) Headsets
B0DPWL48Z5,https://www.amazon.in/dp/B0DPWL48Z5?th=1&psc=1&language=en_IN,"boAt Airdopes 91 Prime, 45HRS Battery, 13mm Drivers, Metallic Finish, Low Latency,ENx Tech, Fast Charge, v5.3 Bluetooth TWS in Ear Earbuds Wireless Earphones with mic (Midnight Black)",699.0,3990.0,0.82,3.4,6409.0,"Electronics > Headphones, Earbuds & Accessories > Headphones > In-Ear",In-Ear
B0F63SSQ81,https://www.amazon.in/dp/B0F63SSQ81?th=1&psc=1&language=en_IN,"Voice Magic Remote AKB75855501 for LG Smart TV Magic Remote Replacement AN-MR20GA MR19BA MR18BA MR650A, with Pointer Function/Hotkeys Such as Netflix/P-Video/Movies..",1299.0,1999.0,0.35,4.4,8044.0,"Electronics > Home Theater, TV & Video > Accessories > Remote Controls",Remote Controls
B0CKJ8JL1Y,https://www.amazon.in/dp/B0CKJ8JL1Y?th=1&psc=1&language=en_IN,"boAt Rockerz 110/Rockerz 109 Wireless in Ear Neckband with Up to 60 hrs Playtime, Dual Device Pairing, ENx Tech, ASAP Charging, BTv5.3,IPX5,Type-C Interface & Magnetic Power Buds(Active Black)",799.0,2490.0,0.68,3.5,645.0,"Electronics > Headphones, Earbuds & Accessories > Headphones > In-Ear",In-Ear
B0CH4X2FVM,https://www.amazon.in/dp/B0CH4X2FVM?th=1&psc=1&language=en_IN,"HEYMIX Single Monitor Arm, Ergonomic Monitor Stand VESA Mount, Computer Screen Arm Gas Spring, Vesa Arm, Monitor Mount & 2 Grommet Mounting Base for 13-32'' 2-9 kgs Sceens",2799.0,7999.0,0.65,4.0,901.0,Computers & Accessories > Accessories & Peripherals > Monitor Accessories > Monitor Arms,Monitor Arms
B0F7RSTY6R,https://www.amazon.in/dp/B0F7RSTY6R?th=1&psc=1&language=en_IN,Original Universal Air Conditioner Remote Compatible for LG Split AC Remote Control AC-36I,375.0,999.0,0.62,4.0,579.0,"Electronics > Home Theater, TV & Video > Accessories > Remote Controls",Remote Controls
B08KHT2HDT,https://www.amazon.in/dp/B08KHT2HDT?th=1&psc=1&language=en_IN,"Marshall Major IV Wireless On-Ear Headphones with 80+ Hours of Playtime, Multi-Dimensional Control Knob, Wireless Charging- Black",9999.0,14999.0,0.33,4.3,13024.0,"Electronics > Headphones, Earbuds & Accessories > Headphones > On-Ear",On-Ear
B0CLV4XQFK,https://www.amazon.in/dp/B0CLV4XQFK?th=1&psc=1&language=en_IN,"Sounce Spiral Cable Protector, Chargers Cable Protector Data Cable Protective Sleeve, Headphone Saver, Charger Protective Cover for Phone USB Prevent Pets from Biting The Cable (Set of 2)",99.0,499.0,0.8,4.2,2631.0,Computers & Accessories > Accessories & Peripherals > Cables & Accessories > Cable Connection Protectors,Cable Connection Protectors
B0F6NRJPP3,https://www.amazon.in/dp/B0F6NRJPP3?th=1&psc=1&language=en_IN,TechSupreme 12v Solar/DC to AC Converter with Mobile Charging USB Output (12V DC Power to 220V AC) Solar Converter 200w Output,599.0,1200.0,0.5,3.0,,Outdoor Living > Solar & Wind Power > Solar & Wind Power Parts & Accessories,Solar & Wind Power Parts & Accessories
B0F4KT1GLJ,https://www.amazon.in/dp/B0F4KT1GLJ?th=1&psc=1&language=en_IN,"Diamond 2KQLED Android SystemTouchCarScreen10.1In Car Stereo Android System for Car Wireless AndroidAutoCar Play,4GB/64GB,4th GenCar DisplayScreen AndroidSystem for Car|GPS,Bluetooth,WiFi,FM,AHDCamera",8999.0,24900.0,0.64,5.0,215.8,Electronics > Car & Vehicle Electronics > Car Electronics > Car Audio > Car Stereos,Car Stereos
B0CTTT4SBP,https://www.amazon.in/dp/B0CTTT4SBP?th=1&psc=1&language=en_IN,"Portronics Harmonics Twins S16 in Ear Wireless TWS Earbuds with 24 Hrs Playtime, Clear Calls, Game & Music Mode, Low Latency, Bluetooth 5.3v, LED Display, Type C Fast Charging(Black)",699.0,1999.0,0.65,3.8,662.0,"Electronics > Headphones, Earbuds & Accessories > Headphones > In-Ear",In-Ear
B0DY89117M,https://www.amazon.in/dp/B0DY89117M?th=1&psc=1&language=en_IN,"Onelap Micro GPS (with 4G SIM) - Wired Hidden GPS Tracker for Bike, Car, EV, Trucks | Live Location | Remote Engine Stop Compatible | Engine ON/Off Alerts | Anti Theft Alarm | 1 Year Android & iOS App",1890.0,5999.0,0.68,4.4,15452.0,Electronics > GPS & Accessories > GPS Trackers,GPS Trackers
B0BNJH8DJP,https://www.amazon.in/dp/B0BNJH8DJP?th=1&psc=1&language=en_IN,"Honeywell Moxie V500 10W Portable USB Wired Soundbar, Speaker for PC,Desktop and Laptop with Volume Control and 3.5 mm AUX,2.0 Channel,52mmX2 Drivers,Plug &Play,2 Yrs Maufacuturer Warranty",849.0,1999.0,0.58,4.0,2628.0,Computers & Accessories > Accessories & Peripherals > Audio & Video Accessories > PC Speakers,PC Speakers
B07XFX537C,https://www.amazon.in/dp/B07XFX537C?th=1&psc=1&language=en_IN,"PHILIPS Audio SPA5128B 5.1 CH 40W Multimedia Speaker with Subwoofer, Bluetooth Connectivity, Real Surround, FM, USB, Audio in Speakers - Black (Elegant Matte Finish)",4599.0,6990.0,0.34,3.8,1270.0,Electronics > Home Audio > Speakers > Multimedia Speaker Systems,Multimedia Speaker Systems
B0CY2377YW,https://www.amazon.in/dp/B0CY2377YW?th=1&psc=1&language=en_IN,"Noise Airwave Max 4 Wireless Over-Ear Headphones with 70H Playtime, ENC, 40mm Driver, Low Latency(up to 40ms), Dual Pairing, BT v5.4 (Carbon Black)",1699.0,5999.0,0.72,3.8,1809.0,"Electronics > Headphones, Earbuds & Accessories > Headphones > On-Ear",On-Ear
B09KRP4B9Q,https://www.amazon.in/dp/B09KRP4B9Q?th=1&psc=1&language=en_IN,Sounce AirPods Pro Case Cover Portable Silicone Skin Cover with Keychain Carabiner (Supports Wireless Charging) Compatible with Airpods Pro (2019) - (Green),149.0,499.0,0.7,3.6,14337.0,"Electronics > Headphones, Earbuds & Accessories > Cases",Cases
B0BHJF9WYN,https://www.amazon.in/dp/B0BHJF9WYN?th=1&psc=1&language=en_IN,"Jabra Elite 5 True Wireless in-Ear Bluetooth Earbuds - Hybrid Active Noise Cancellation (ANC), 6 Built-in Microphones for Clear Calls, Small Ergonomic Fit and 6mm Speakers – Black, Amazon Exclusive",13749.0,20999.0,0.35,4.2,242.0,"Electronics > Headphones, Earbuds & Accessories > Headphones > In-Ear",In-Ear
B0B51SSJQG,https://www.amazon.in/dp/B0B51SSJQG?th=1&psc=1&language=en_IN,"Samsung AKG-Tuned IC100 Type-C Earphone, Black",1759.0,1999.0,0.12,4.0,1044.0,"Electronics > Headphones, Earbuds & Accessories > Headphones > In-Ear",In-Ear
B0F79PGPBH,https://www.amazon.in/dp/B0F79PGPBH?th=1&psc=1&language=en_IN,"6.2 KW Gootu Hybrid Solar Inverter, 48V DC, Pure Sine Wave, 12000W Peak Power (4.2KW 24V)",,,,4.3,4.0,Outdoor Living > Solar & Wind Power > Solar & Wind Power Inverters > Hybrid Inverters,Hybrid Inverters
B00GYW0AYO,https://www.amazon.in/dp/B00GYW0AYO?th=1&psc=1&language=en_IN,Intex Home Theater (4.1 CH (60W)),3299.0,6499.0,0.49,3.6,2528.0,Electronics > Home Audio > Speakers > Multimedia Speaker Systems,Multimedia Speaker Systems
B0DW44CQ31,https://www.amazon.in/dp/B0DW44CQ31?th=1&psc=1&language=en_IN,"boAt Aavante Bar Quake Pro, 240W Signature Sound, 2.1CH, Wireless Subwoofer, BT v5.3, Multiple Ports, Bass & Treble Controls, Bluetooth Sound bar, Home Theatre Soundbar Speaker (Premium Black)",7499.0,24990.0,0.7,4.1,6428.0,Electronics > Home Audio > Speakers > Soundbar Speakers,Soundbar Speakers
B0DJP7ZFTW,https://www.amazon.in/dp/B0DJP7ZFTW?th=1&psc=1&language=en_IN,"ZEBRONICS VITA BAR 150 Wireless Bluetooth Soundbar, 20W RMS, 2.0 Channel, Dual (52mm Driver & Passive Radiator), Upto 15 Hours Playback, Built in Battery, BTv5.3 | USB | mSD | AUX | FM | TWS, RGB LED",999.0,2999.0,0.67,3.8,2977.0,Electronics > Home Audio > Speakers > Soundbar Speakers,Soundbar Speakers
B09XJ1LM7R,https://www.amazon.in/dp/B09XJ1LM7R?th=1&psc=1&language=en_IN,7SEVEN®Compatible with Tata Sky Set Top Box Remote Control Suitable for HD SD Tata Sky Setup Boxes Non-Voice Command - Match Keys Exactly with Existing Tata Play Set-Top Box Remote Controller,333.0,799.0,0.58,3.6,2615.0,"Electronics > Home Theater, TV & Video > Accessories > Remote Controls",Remote Controls
B0DZ267WXM,https://www.amazon.in/dp/B0DZ267WXM?th=1&psc=1&language=en_IN,"OBAGE Newly Launched Ultra Ultimate 350 Watt Peak Output 2.1 Home Theatre System with Powered Non Pressed Subwoofer, HDMI ARC, Optical in, Bluetooth V5.3, USB",9998.0,25000.0,0.6,4.1,885.0,"Electronics > Home Theater, TV & Video > Home Theater Systems",Home Theater Systems
B0F7FKQ3GW,https://www.amazon.in/dp/B0F7FKQ3GW?th=1&psc=1&language=en_IN,"Noothing Neckband Pro 50dB Active Noise Cancellation, Smart Dial Design, 37 Hrs Playtime Bluetooth Wireless in Ear Earphones with Mic",599.0,999.0,0.4,3.1,45.0,"Electronics > Headphones, Earbuds & Accessories > Headphones > In-Ear",In-Ear
B09D985JP8,https://www.amazon.in/dp/B09D985JP8?th=1&psc=1&language=en_IN,LOHAYA Remote for OnePlus Y Series HD Ready LED Smart Android TV [32 INC [32Y1] 43 INC [43Y1] | 1+ Android TV Remote with Netflix YouTube Prime Video [Non-Voice & NO PARING Needed] (2ND GEN NON VOICE),299.0,1999.0,0.85,3.5,411.0,"Electronics > Home Theater, TV & Video > Accessories > Remote Controls",Remote Controls
B0DGV2TCH1,https://www.amazon.in/dp/B0DGV2TCH1?th=1&psc=1&language=en_IN,"Fastrack Fpods Fx101|Bt5.4 TWS Earbuds, 40Hrs Playtime, Quad Mic Enc for Crystal Clear Calls, in Ear, Low Latency Gaming Mode Upto 50Ms,Nitrofast Charge",751.0,3495.0,0.79,3.6,3481.0,"Electronics > Headphones, Earbuds & Accessories > Headphones > In-Ear",In-Ear
B07CD2BN46,https://www.amazon.in/dp/B07CD2BN46?th=1&psc=1&language=en_IN,"Xiaomi Wired in-Ear Earphones with Mic, Ultra Deep Bass & Metal Sound Chamber (Black)",429.0,599.0,0.28,4.1,107380.0,"Electronics > Headphones, Earbuds & Accessories > Headphones > In-Ear",In-Ear
B0B4G44RFS,https://www.amazon.in/dp/B0B4G44RFS?th=1&psc=1&language=en_IN,"Zebronics Zeb-Storm Wired Headphone with 3.5mm Jack, Built in Microphone for Calling, 1.5 Meter Cable, Soft Ear Cushion, Adjustable Headband, Foldable Ear Cups and Lightweight Design (Black)",449.0,799.0,0.44,3.7,2368.0,"Electronics > Headphones, Earbuds & Accessories > Headphones > On-Ear",On-Ear
B098XT65BC,https://www.amazon.in/dp/B098XT65BC?th=1&psc=1&language=en_IN,"ZEBRONICS Zeb-Sound Bomb 1 TWS Earbuds with BT5.0, Up to 12H Playback, Touch Controls, Voice Assistant, Splash Proof with Type C Portable Charging Case (Black)",599.0,2499.0,0.76,3.5,8331.0,"Electronics > Headphones, Earbuds & Accessories > Headphones > In-Ear",In-Ear
B08FB2W671,https://www.amazon.in/dp/B08FB2W671?th=1&psc=1&language=en_IN,"JBL Tune 215BT, 16 Hrs Playtime with Quick Charge, in Ear Bluetooth Wireless Earphones with Mic, 12.5mm Premium Earbuds with Pure Bass, BT 5.0, Dual Pairing, Type C & Voice Assistant Support (Blue)",1999.0,2999.0,0.33,3.5,30777.0,"Electronics > Headphones, Earbuds & Accessories > Headphones > In-Ear",In-Ear
B0F49419PT,https://www.amazon.in/dp/B0F49419PT?th=1&psc=1&language=en_IN,"BLACKSHEEP Infrared Remote Control for Realme Smart 4K Android LED OLED QLED TV Replacement for Original realme Remote with Netflix, Prime Video and YouTube Hot Keys - Non Voice,",299.0,1999.0,0.85,3.8813253012048192,2095.7256097560976,"Electronics > Home Theater, TV & Video > Accessories > Remote Controls",Remote Controls
B0D3DVYQ73,https://www.amazon.in/dp/B0D3DVYQ73?th=1&psc=1&language=en_IN,"Moondrop Chu II DSP in Ear Monitor Wired Earphone with Mic, 10mm Dynamic Driver, Aluminum-Magnesium alloy composite Diaphragm, Noise Isolation, IEM with Detachable Oxygen Free Cable Type C Jack",2618.412331406551,5360.055396825397,0.5959722222222222,3.9,19.0,"Electronics > Headphones, Earbuds & Accessories > Headphones > In-Ear",In-Ear
B0CKHSM7S8,https://www.amazon.in/dp/B0CKHSM7S8?th=1&psc=1&language=en_IN,"HOPPUP AirDoze Fusion Earbuds with 40 Hours Playtime| 40ms Low Latency Gaming Mode| 13mm Dynamic Driver| Bluetooth 5.3 Technology| Type-c Fast Charging| Black Color for Music, Gaming, Gym, Travel",599.0,4999.0,0.88,3.6,422.0,"Electronics > Headphones, Earbuds & Accessories > Headphones > In-Ear",In-Ear
B07RL8KJXR,https://www.amazon.in/dp/B07RL8KJXR?th=1&psc=1&language=en_IN,Jbl A1300Hi 1300W Wired Subwoofer - Black,4589.24,7865.4,0.41480000000000006,4.2,1533.0,Electronics > Car & Vehicle Electronics > Car Electronics > Car Audio > Car Speakers > Component Subwoofers,Component Subwoofers
B07TCN5VR9,https://www.amazon.in/dp/B07TCN5VR9?th=1&psc=1&language=en_IN,Boult Audio BassBuds X1 in-Ear Wired Earphones with 10mm Extra Bass Driver and HD Sound with mic(Black),299.0,999.0,0.7,3.9,89160.0,"Electronics > Headphones, Earbuds & Accessories > Headphones > In-Ear",In-Ear
B0CZ3JKRY4,https://www.amazon.in/dp/B0CZ3JKRY4?th=1&psc=1&language=en_IN,King Shine Portable Mini Metal Clip MP3 Player Sport Music Player with SD/TF Card Slot (Random Color Memory Card Not Included,455.0,999.0,0.54,3.3,90.0,Electronics > Portable Media Players > MP3/MP4 Players,MP3/MP4 Players
B097ZQTDVZ,https://www.amazon.in/dp/B097ZQTDVZ?th=1&psc=1&language=en_IN,7SEVEN® Compatible with TCL Tv Remote Original RC802V Model Suitable for Any Iffalcon TCL Smart Android 4k FHD UHD QLED Television No Voice Command or Google Assistance Feature,349.0,899.0,0.61,3.7,1376.0,"Electronics > Home Theater, TV & Video > Accessories > Remote Controls",Remote Controls
B0B4G44RFS,https://www.amazon.in/dp/B0B4G44RFS?th=1&psc=1&language=en_IN,"Zebronics Zeb-Storm Wired Headphone with 3.5mm Jack, Built in Microphone for Calling, 1.5 Meter Cable, Soft Ear Cushion, Adjustable Headband, Foldable Ear Cups and Lightweight Design (Black)",449.0,799.0,0.44,3.7,2368.0,"Electronics > Headphones, Earbuds & Accessories > Headphones > On-Ear",On-Ear
B0CD2FSRDD,https://www.amazon.in/dp/B0CD2FSRDD?th=1&psc=1&language=en_IN,"Bose New QuietComfort Ultra Wireless Noise Cancelling Earbuds, Bluetooth Earbuds with Spatial Audio and World-Class Noise Cancellation, Black",25900.0,5360.055396825397,0.5959722222222222,3.6,7387.0,"Electronics > Headphones, Earbuds & Accessories > Headphones > In-Ear",In-Ear
B07NYS5TTT,https://www.amazon.in/dp/B07NYS5TTT?th=1&psc=1&language=en_IN,"Creative Pebble Plus 2.1 USB-Powered Desktop Speakers with Powerful Down-Firing Subwoofer and Far-Field Drivers, 8W RMS with 16W Peak Power for Computer PCs and Laptops (Black)",3798.0,5999.0,0.37,3.9,4182.0,Computers & Accessories > Accessories & Peripherals > Audio & Video Accessories > PC Speakers,PC Speakers
B0F9B1Z33J,https://www.amazon.in/dp/B0F9B1Z33J?th=1&psc=1&language=en_IN,P9 Best wirless gameing Headphone,1833.0,3799.0,0.46799999999999997,3.630769230769231,3010.5,Computers & Accessories > Accessories & Peripherals > PC Gaming Peripherals > Headsets,Headsets
B0F635ZWLP,https://www.amazon.in/dp/B0F635ZWLP?th=1&psc=1&language=en_IN,2-in-1Remote: Compatible with Sun Direct DTH HD and Normal Sundirect Set-top Boxes. Comes with AAA Battery,260.0,599.0,0.57,3.8813253012048192,2095.7256097560976,"Electronics > Home Theater, TV & Video > Accessories > Remote Controls",Remote Controls
B0CD48PSMJ,https://www.amazon.in/dp/B0CD48PSMJ?th=1&psc=1&language=en_IN,"ZEBRONICS Jukebar 1000 - Dolby Atmos Soundbar with Subwoofer, 200W, LED Display, Bluetooth V5.3, HDMI (eARC), Optical in, USB, AUX, Wall Mountable",7499.0,22999.0,0.67,4.0,10976.0,Electronics > Home Audio > Speakers > Soundbar Speakers,Soundbar Speakers
B0DNFPSF15,https://www.amazon.in/dp/B0DNFPSF15?th=1&psc=1&language=en_IN,"Diamond Android SystemTouchCar Screen10.1In Car Stereo Android System for Car Wireless Android Auto Car Play,4GB/64GB,4th GenCar Display Screen Android System for Car|GPS,Bluetooth,WiFi,FM,AHD Camera",8999.0,33000.0,0.73,3.6,55.0,Electronics > Car & Vehicle Electronics > Car Electronics > Car Audio > Car Stereos,Car Stereos
B0D3DH8TSC,https://www.amazon.in/dp/B0D3DH8TSC?th=1&psc=1&language=en_IN,"boAt Airdopes 300, Cinematic Spatial Audio, 50HRS Battery, 4Mic AI ENx, Fast Charge, App Support, Low Latency, IPX4, v5.3 Bluetooth Earbuds, TWS Ear Buds Wireless Earphones with mic (Gunmetal Black)",1498.0,6490.0,0.77,4.0,4759.0,"Electronics > Headphones, Earbuds & Accessories > Headphones > In-Ear",In-Ear
B07XGRH6S9,https://www.amazon.in/dp/B07XGRH6S9?th=1&psc=1&language=en_IN,UltraProlink Sing Along Portable Bluetooth Karaoke Mixer | with Recording | with Karaoke Microphone & Bluetooth Receiver Amplifier with Echo for Mobile Phones | Sing Along | UM1002,2469.0,3499.0,0.29,3.7,1944.0,Musical Instruments > Karaoke Equipment > Systems > Portable Systems,Portable Systems
B0DDRTB2D7,https://www.amazon.in/dp/B0DDRTB2D7?th=1&psc=1&language=en_IN,"Motorola Moto Buds With Hi-Res Audio, Large 12.4Mm Driver, 42 Hrs Playback & Ipx4 Rating Bluetooth Headset (Kiwi Green, True Wireless)",2618.412331406551,5360.055396825397,0.5959722222222222,4.3,6.0,"Electronics > Headphones, Earbuds & Accessories > Headphones > In-Ear",In-Ear
B01MTD0WYW,https://www.amazon.in/dp/B01MTD0WYW?th=1&psc=1&language=en_IN,"Pioneer TS-WX306T, RCA Subwoofer, Black",9365.0,9440.0,0.01,4.0,146.0,Electronics > Car & Vehicle Electronics > Car Electronics > Car Audio > Car Speakers > Component Subwoofers,Component Subwoofers
B0DMFG8LLS,https://www.amazon.in/dp/B0DMFG8LLS?th=1&psc=1&language=en_IN,"Nu Republic Cyberstud X8 TWS Wireless Earbuds - Up to 56Hrs Playtime, 40ms Ultra Low Latency, ENC Mics, 13mm Neodymium Drivers, XBass Technology, Dual Mode for Gaming & Music, Bluetooth 5.3 (Silver)",899.0,2999.0,0.7,3.7,36.0,"Electronics > Headphones, Earbuds & Accessories > Headphones > In-Ear",In-Ear
B0C33XXS56,https://www.amazon.in/dp/B0C33XXS56?th=1&psc=1&language=en_IN,"Sony WF-1000XM5 Best Active Noise Cancelling Wireless Bluetooth Earbuds with Mic, TWS, Up to 36 Hours Battery Life - Black",19936.0,29990.0,0.34,3.8,4207.0,"Electronics > Headphones, Earbuds & Accessories > Headphones > In-Ear",In-Ear
B0CYSM7VP4,https://www.amazon.in/dp/B0CYSM7VP4?th=1&psc=1&language=en_IN,Striff 2 in 1 Bluetooth 5.0 Transmitter Receiver | 3.5mm Stereo Audio Adapter with Mic | Portable Design | Driverless Plug and Play | Easy Slide Switch Mode | 10m Range,239.0,999.0,0.76,3.8,564.0,Electronics > Car & Vehicle Electronics > Car & Vehicle Electronics Accessories > Audio & Video Accessories > Bluetooth Kits,Bluetooth Kits
B088FKCD4J,https://www.amazon.in/dp/B088FKCD4J?th=1&psc=1&language=en_IN,"boAt Airdopes 131/138 with 60 Hrs Playback, ASAP Charge Truly Wireless Bluetooth in Ear Earbuds with Mic (Active Black)",699.0,2990.0,0.77,3.5,1061.0,"Electronics > Headphones, Earbuds & Accessories > Headphones > In-Ear",In-Ear
B0CQJWMMG7,https://www.amazon.in/dp/B0CQJWMMG7?th=1&psc=1&language=en_IN,"Noise Buds N1 in-Ear True Wireless Earbuds with Chrome Finish, 40H of Playtime, Quad Mic with ENC, Ultra Low Latency(Up to 40 Ms), Instacharge(10 Min=120 Min), BT V5.3(Carbon Black)",899.0,3499.0,0.74,4.0,9606.0,"Electronics > Headphones, Earbuds & Accessories > Headphones > In-Ear",In-Ear
B0CZPM5HSZ,https://www.amazon.in/dp/B0CZPM5HSZ?th=1&psc=1&language=en_IN,"Beats Solo 4 – Wireless Bluetooth Over Ear Ultralight Headphones, Up to 50H of Battery Life, 10 min Fast Charge for 5H Battery, Mic w/Voice Assist, 3.5 mm, Apple & Android Compatible - Slate Blue",12041.263157894737,15646.588823529411,0.17823529411764708,4.5,1017.0,,nan
B0DPC9ZF87,https://www.amazon.in/dp/B0DPC9ZF87?th=1&psc=1&language=en_IN,amazon basics Multimedia Speaker | USB Powered | Wired Desktop Speakers with Powerful Bass | Built-in Subwoofer (Black),1059.0,1999.0,0.47,3.2,15.0,Computers & Accessories > Accessories & Peripherals > Audio & Video Accessories > PC Speakers,PC Speakers
B01NAFOZSL,https://www.amazon.in/dp/B01NAFOZSL?th=1&psc=1&language=en_IN,"F&D A140X 2.1 Channel Multimedia Speaker (Black) | Wireless Bluetooth Speakers | Subwoofer Satellite Speakers/USB/FM | Home Theatre | Powerful Bass | Speaker for Laptop, Pc & Mobile",3999.0,4990.0,0.2,4.1,4345.0,Computers & Accessories > Accessories & Peripherals > Audio & Video Accessories > PC Speakers,PC Speakers
B0CD48PSMJ,https://www.amazon.in/dp/B0CD48PSMJ?th=1&psc=1&language=en_IN,"ZEBRONICS Jukebar 1000 - Dolby Atmos Soundbar with Subwoofer, 200W, LED Display, Bluetooth V5.3, HDMI (eARC), Optical in, USB, AUX, Wall Mountable",7499.0,22999.0,0.67,4.0,10976.0,Electronics > Home Audio > Speakers > Soundbar Speakers,Soundbar Speakers
B0C4HDNDGN,https://www.amazon.in/dp/B0C4HDNDGN?th=1&psc=1&language=en_IN,"Portronics Muffs M2 Bluetooth Headphones Over Ear with Upto 40 Hrs Playtime, 40mm Dynamic Drivers, AUX 3.5mm, Powerful Bass, Laptop & PC Support,Type C Charging Port, Foldable Design(White)",999.0,2499.0,0.6,3.8,199.0,"Electronics > Headphones, Earbuds & Accessories > Headphones > Over-Ear",Over-Ear
B073JQXC1J,https://www.amazon.in/dp/B073JQXC1J?th=1&psc=1&language=en_IN,"Sony MDR-EX155AP Wired in-Ear Headphones with Tangle Free Cable, 3.5mm Jack, Headset with Mic for Phone Calls and 1 Year Warranty - (Black)",999.0,1290.0,0.23,4.0,7891.0,"Electronics > Headphones, Earbuds & Accessories > Headphones > In-Ear",In-Ear
B0CCRZPKR1,https://www.amazon.in/dp/B0CCRZPKR1?th=1&psc=1&language=en_IN,"Sennheiser Momentum 4 Wireless Over Ear Headphones Designed in Germany - Bluetooth Adaptive Noise Cancelling-ANC,4 Digital Mics for Crystal-Clear Calls,60h Battery, 2 Yr Warranty, Black/Copper",22990.0,34990.0,0.34,4.3,8740.0,"Electronics > Headphones, Earbuds & Accessories > Headphones > Over-Ear",Over-Ear
B0CYSM7VP4,https://www.amazon.in/dp/B0CYSM7VP4?th=1&psc=1&language=en_IN,Striff 2 in 1 Bluetooth 5.0 Transmitter Receiver | 3.5mm Stereo Audio Adapter with Mic | Portable Design | Driverless Plug and Play | Easy Slide Switch Mode | 10m Range,239.0,999.0,0.76,3.8,564.0,Electronics > Car & Vehicle Electronics > Car & Vehicle Electronics Accessories > Audio & Video Accessories > Bluetooth Kits,Bluetooth Kits
B09LV13JFB,https://www.amazon.in/dp/B09LV13JFB?th=1&psc=1&language=en_IN,LOHAYA Voice Assistant Remote Compatible for Airtel Xstream Set-Top Box Remote Control with Netflix Function (Black) (Non - Voice),399.0,1199.0,0.67,3.4,408.0,"Electronics > Home Theater, TV & Video > Accessories > Remote Controls",Remote Controls
B0DHL93XCN,https://www.amazon.in/dp/B0DHL93XCN?th=1&psc=1&language=en_IN,"JBL Wave Beam 2 Ear Buds Wireless BluetoothV5.3, Active Noise Cancellation Earbuds,Multi Connect, App for Customized Extra Bass Eq, Relax Mode,Speed Charge, 40H Playback, Fast Pair,4 Mics,IP54(Black)",3999.0,7499.0,0.47,3.7,794.0,"Electronics > Headphones, Earbuds & Accessories > Headphones > In-Ear",In-Ear
B0F4NCZHZF,https://www.amazon.in/dp/B0F4NCZHZF?th=1&psc=1&language=en_IN,Original Air Conditioner Remote Compatible for Hitachi Split AC Remote with Backlight & Remote Stand (Hitachi 1.5 Ton AC Remote Original AC-68A).,499.0,1999.0,0.75,3.4,336.0,"Electronics > Home Theater, TV & Video > Accessories > Remote Controls",Remote Controls
B0CC35GD8L,https://www.amazon.in/dp/B0CC35GD8L?th=1&psc=1&language=en_IN,"Harman Kardon Onyx Studio 8 - Bluetooth Studio Speakers, Ideal Sound Experience",11266.564285714287,16798.04651162791,0.4441860465116279,4.4,104.0,Electronics > Home Audio > Speakers > Bluetooth Speakers,Bluetooth Speakers
B0CTHY2PQ9,https://www.amazon.in/dp/B0CTHY2PQ9?th=1&psc=1&language=en_IN,"Sennheiser Momentum True Wireless 4 in Ear erabuds with BT v5.4 and AURACAST Technology, Qualcomm aptX Lossless CD-Quality Audio, Intelligent Adaptive ANC, Qi Fast Charge (Black Copper)",17990.0,29990.0,0.4,4.0,1408.0,"Electronics > Headphones, Earbuds & Accessories > Headphones > In-Ear",In-Ear
B0DT9H1BT5,https://www.amazon.in/dp/B0DT9H1BT5?th=1&psc=1&language=en_IN,"JISULIFE Handheld Fan Life9, 3600mAh Mini USB Rechargeable Personal Makeup/Lash Fan, 5 Speeds for Women Men Travel Camping - Black",,,,,,"Home & Kitchen > Heating, Cooling & Air Quality > Fans > Personal Fans",Personal Fans
B088FKDVL2,https://www.amazon.in/dp/B088FKDVL2?th=1&psc=1&language=en_IN,boAt Airdopes 131 Bluetooth Truly Wireless in Ear Earbuds with Mic (Midnight Blue),699.0,2990.0,0.77,3.5,1061.0,"Electronics > Headphones, Earbuds & Accessories > Headphones > In-Ear",In-Ear
B08XY1MLT2,https://www.amazon.in/dp/B08XY1MLT2?th=1&psc=1&language=en_IN,"Boat Rockerz 450 Pro Bluetooth Wireless On Ear Headphones with Mic with 70 Hours Battery, 40Mm Drivers, Bluetooth V5.0 Padded Ear Cushions, Easy Access Controls and Voice Assistant(Hazel Beige)",1699.0,3990.0,0.57,4.0,19611.0,"Electronics > Headphones, Earbuds & Accessories > Headphones > On-Ear",On-Ear
B0DHRRVD35,https://www.amazon.in/dp/B0DHRRVD35?th=1&psc=1&language=en_IN,"Yorten 3 Pcs Stretchable Silicone Remote Cover of Different Sizes for TV, AC, Setup Box Remote | Dust Proof and Water Proof (Transparent)",298.0,599.0,0.5,3.1,105.0,"Electronics > Home Theater, TV & Video > Accessories",Accessories
B0CW9N3XF1,https://www.amazon.in/dp/B0CW9N3XF1?th=1&psc=1&language=en_IN,"Tribit StormBox 2 Bluetooth Speaker with 34W 360° Surround Sound, XBass Tech, 24H Playtime, IPX7 Waterproof, Bluetooth 5.3, TWS Pairing Portable Wireless Speaker for Outdoor",5999.0,8999.0,0.33,4.1,959.0,Electronics > Home Audio > Speakers > Bluetooth Speakers,Bluetooth Speakers
B0F63TVX86,https://www.amazon.in/dp/B0F63TVX86?th=1&psc=1&language=en_IN,Betterqualityremote Original Remote Control Compatible with jio Fiber Box with Voice Control.,699.0,999.0,0.3,4.4,8044.0,"Electronics > Home Theater, TV & Video > Accessories > Remote Controls",Remote Controls
B0CPY8YPNJ,https://www.amazon.in/dp/B0CPY8YPNJ?th=1&psc=1&language=en_IN,"Portronics Konnect Sync 4K@60Hz HDMI to HDMI Cable, 5M Length with Support eARC and Compatible with Smart HDTV, Laptop, Monitor, Projector, eARC enable Soundbar(Black)",319.0,899.0,0.65,4.2,800.0,"Electronics > Home Theater, TV & Video > Accessories > Cables > HDMI Cables",HDMI Cables
B0B4G44RFS,https://www.amazon.in/dp/B0B4G44RFS?th=1&psc=1&language=en_IN,"Zebronics Zeb-Storm Wired Headphone with 3.5mm Jack, Built in Microphone for Calling, 1.5 Meter Cable, Soft Ear Cushion, Adjustable Headband, Foldable Ear Cups and Lightweight Design (Black)",449.0,799.0,0.44,3.7,2368.0,"Electronics > Headphones, Earbuds & Accessories > Headphones > On-Ear",On-Ear
B0D67BTYQ9,https://www.amazon.in/dp/B0D67BTYQ9?th=1&psc=1&language=en_IN,Kobo Libra Colour | eReader | 7” Glare-Free Color E Ink Kaleido™ 3 Display | Dark Mode Option | Audiobooks | Waterproof | Black - New 2024 Latest Model,,,,5.0,2.0,Toys & Games > Learning & Education > Electronics > Books,Books
B088FKDVL2,https://www.amazon.in/dp/B088FKDVL2?th=1&psc=1&language=en_IN,boAt Airdopes 131 Bluetooth Truly Wireless in Ear Earbuds with Mic (Midnight Blue),699.0,2990.0,0.77,3.5,1061.0,"Electronics > Headphones, Earbuds & Accessories > Headphones > In-Ear",In-Ear
B0DWLG3BVN,https://www.amazon.in/dp/B0DWLG3BVN?th=1&psc=1&language=en_IN,Remote Control Compatible for VU LED Smart TV 4k Without Voice Command with Netflix & P-Video hot Keys (Please Match The Image with Your Old Remote)- Black.,410.0,999.0,0.59,3.9,1151.0,"Electronics > Home Theater, TV & Video > Accessories > Remote Controls",Remote Controls
B0CDPNTPJL,https://www.amazon.in/dp/B0CDPNTPJL?th=1&psc=1&language=en_IN,"boAt Immortal 181 in Ear TWS Gaming Earbuds with up to 40 hrs Playtime,Quad Mics with ENx Tech,Beast Mode with 40ms Latency,ASAP Charge,IPX4,IWP, RGB LED Lights, BTv5.3(White Sabre)",799.0,3499.0,0.77,3.6,62.0,"Electronics > Headphones, Earbuds & Accessories > Headphones > In-Ear",In-Ear
B0C7CGVKKS,https://www.amazon.in/dp/B0C7CGVKKS?th=1&psc=1&language=en_IN,"Zealsy Sterio Sound Amplifier with BLUTHOOTH,USB,AUX,MIC,AV,2RC- 1 Mic Karaoke with 4440 Double IC Circuit Power AV Amplifier Perfect for Home and Outdoor Function (jbAmplifier15000)",5149.0,7499.0,0.30500000000000005,3.8,12.0,Musical Instruments > PA & Stage > Power-Amplifiers,Power-Amplifiers
B0CHYWQ2XH,https://www.amazon.in/dp/B0CHYWQ2XH?th=1&psc=1&language=en_IN,"65W Laptop Charger for HP Pavilion x360 14 15 17, HP Envy 13 15 X360, HP Elitebook 840 G5, HP ProBook HP Chromebook HP Stream Series, HP Spectre 710412-001 19.5V 3.33A HP Adapter",949.0,2500.0,0.62,4.0,57.0,Computers & Accessories > Accessories & Peripherals > Laptop Accessories > Laptop Chargers & Power Supplies,Laptop Chargers & Power Supplies
B0CMTXW7JP,https://www.amazon.in/dp/B0CMTXW7JP?th=1&psc=1&language=en_IN,"Noise Airwave Bluetooth in Ear Neckband with 50H of Playtime, 3 EQ Modes, ENC for Calling, Low Latency(Upto 50ms), 10mm Driver, BT v5.3(Ice Blue)",999.0,2499.0,0.6,3.8,18108.0,"Electronics > Headphones, Earbuds & Accessories > Headphones > In-Ear",In-Ear
B0DVT7284B,https://www.amazon.in/dp/B0DVT7284B?th=1&psc=1&language=en_IN,"SEZNIK Mini Printer, Inkless, Thermal, Bluetooth, Portable Printer, Compatible Android, iOS Mobile. 1 Year Warranty (EON-PhantomBlue)",1749.0,4999.0,0.65,4.4,31.0,"Computers & Accessories > Printers, Inks & Accessories > Printers > Photo Printers > Portable Photo Printers",Portable Photo Printers
B08FB2W671,https://www.amazon.in/dp/B08FB2W671?th=1&psc=1&language=en_IN,"JBL Tune 215BT, 16 Hrs Playtime with Quick Charge, in Ear Bluetooth Wireless Earphones with Mic, 12.5mm Premium Earbuds with Pure Bass, BT 5.0, Dual Pairing, Type C & Voice Assistant Support (Blue)",1999.0,2999.0,0.33,3.5,30777.0,"Electronics > Headphones, Earbuds & Accessories > Headphones > In-Ear",In-Ear
B0DGTT1NGW,https://www.amazon.in/dp/B0DGTT1NGW?th=1&psc=1&language=en_IN,"boAt Airdopes 141 Pro Buds, 13mm Drivers, Metallic Finish, 60HRS Battery, 4Mics ENx, Fast Charge, IPX5, v5.3 Bluetooth TWS in Ear Earbuds Wireless Earphones with mic (Obsidian Black)",799.0,4990.0,0.84,3.3,243.0,"Electronics > Headphones, Earbuds & Accessories > Headphones > In-Ear",In-Ear
B073ZB247K,https://www.amazon.in/dp/B073ZB247K?th=1&psc=1&language=en_IN,LOHAYA Air Conditioner Remote Compatible for Samsung Split Inverter AC Remote Control [ Compatible for Samsung AC Remote Control ] (AC-144),499.0,1199.0,0.58,3.9,1065.0,"Electronics > Home Theater, TV & Video > Accessories > Remote Controls",Remote Controls
B0DXCDHCF2,https://www.amazon.in/dp/B0DXCDHCF2?th=1&psc=1&language=en_IN,"Ubon BT-160 Earbuds V5.3, Glossy Look with IPX4, 400 hr Standby Time with ANR Enable Bluetooth",1288.0,4999.0,0.74,2.0,2.0,"Electronics > Headphones, Earbuds & Accessories > Headphones > In-Ear",In-Ear
B0C3ZYFZ77,https://www.amazon.in/dp/B0C3ZYFZ77?th=1&psc=1&language=en_IN,"Boat Airdopes Joy, 35Hrs Battery, Fast Charge, IWP Tech, Low Latency, 2Mic ENx, Type-C Port, v5.3 Bluetooth Earbuds, TWS Ear Buds Wireless Earphones with mic(Jet Black)",799.0,3490.0,0.77,3.8,1169.0,"Electronics > Headphones, Earbuds & Accessories > Headphones > In-Ear",In-Ear
B0CHYFFL7Q,https://www.amazon.in/dp/B0CHYFFL7Q?th=1&psc=1&language=en_IN,"Boult Audio Curve Max Bluetooth Earphones with 100H Playtime, Clear Calling ENC Mic, Dual Device Connectivity, Lowest Latency Gaming, 13mm Bass Driver, Made in India Neckband Wireless Earphone (Black)",899.0,5499.0,0.84,3.7,110816.0,"Electronics > Headphones, Earbuds & Accessories > Headphones > In-Ear",In-Ear
B0DKD5MGR3,https://www.amazon.in/dp/B0DKD5MGR3?th=1&psc=1&language=en_IN,Meyaar Silicone Case for Apple Airpods 4 (2024) Cute Design for AirPods 4 with Active Noise Cancellation (ANC) with Keychain Shockproof Protective Case (Kitty (Peach)),285.0,999.0,0.71,4.3,218.0,"Electronics > Headphones, Earbuds & Accessories > Cases",Cases
B0DCGLD6NK,https://www.amazon.in/dp/B0DCGLD6NK?th=1&psc=1&language=en_IN,"JDGPOKOO Head Strap Compatible with Vision Pro, Reduce Head and Facial Pressure, Enhanced Gaming Immersion and Comfort Strap for Vision Pro",5720.0,11999.0,0.52,4.2,7.0,,nan
B083ZCMWQN,https://www.amazon.in/dp/B083ZCMWQN?th=1&psc=1&language=en_IN,"BLAUPUNKT Car Stereo Colombo-130BT Digital Media Receiver, 1 DIN, 4x50 watts with Dual USB Ports (Music & Charging), Bluetooth, AUX in, FM, Hands Free Calling & Remote Control",2910.0,4990.0,0.42,4.1,931.0,Electronics > Car & Vehicle Electronics > Car Electronics > Car Audio > Car Stereos,Car Stereos
B0C6KF5KX7,https://www.amazon.in/dp/B0C6KF5KX7?th=1&psc=1&language=en_IN,"Vantro 200W Car Power Inverter/Laptop Charger with 3 USB (6.2A Max) & 1 C Type(1*27WPD) Smart USB Ports, 2 AC Universal Outlets and 12V DC to 220V AC with QC3.0 Model P2",2499.0,5999.0,0.58,4.4,6649.0,Electronics > Car & Vehicle Electronics > Car & Vehicle Electronics Accessories > Audio & Video Accessories > Power Inverters,Power Inverters
B0CRB1CP6T,https://www.amazon.in/dp/B0CRB1CP6T?th=1&psc=1&language=en_IN,"KZ EDX Pro IEM Earphone, HiFi Stereo Special Dual Magnetic Circuit Dynamic Driver Resin Inlay Metal Process in-Ear Monitors Earbuds with 5N OFC 2Pin Detachable Cable, Cyan",1092.0,1999.0,0.45,3.8,1683.0,"Electronics > Headphones, Earbuds & Accessories > Headphones > In-Ear",In-Ear
B08T5LZ89F,https://www.amazon.in/dp/B08T5LZ89F?th=1&psc=1&language=en_IN,"Sony Car Subwoofer XS-AW8 20 cm (8 inch) Active Under Seat Sub Woofer (Black), Peak Power - 160W, RMS Power - 75W, Rated Power - 75W, Ultra-Sleek, Shallow subwoofer, High-Level Input/Audio-line Input",17989.0,22990.0,0.22,4.2,1250.0,Electronics > Car & Vehicle Electronics > Car Electronics > Car Audio > Car Speakers > Enclosed Subwoofer Systems,Enclosed Subwoofer Systems
B07B92QW7N,https://www.amazon.in/dp/B07B92QW7N?th=1&psc=1&language=en_IN,Robodo GSM2DBi GSM Magnetic Antenna SMA 900/1800MHz RG174 Cable 3M Long,184.0,349.0,0.47,3.4,536.0,Computers & Accessories > Networking Devices > Antennas & Amplifiers,Antennas & Amplifiers
B0CYPYZF64,https://www.amazon.in/dp/B0CYPYZF64?th=1&psc=1&language=en_IN,"Noise Newly Launched Buds Verve 2 in-Ear True Wireless Earbuds with Chrome Finish, 50H of Playtime, Quad Mic with ENC, 13Mm Driver, Instacharge(10 Min=200 Min), BT V5.3(Stone Beige)",1499.0,3999.0,0.63,4.0,465.0,"Electronics > Headphones, Earbuds & Accessories > Headphones > In-Ear",In-Ear
B0CMZX5DTK,https://www.amazon.in/dp/B0CMZX5DTK?th=1&psc=1&language=en_IN,Blaupunkt BTW100 LITE in Ear TWS Bluetooth Earbuds I HD Sound I Gaming Mode I Low Latency I 30H Playtime* I TurboVolt Charging I BT Version 5.3 I Intuitive Touch Controls (Black),2618.412331406551,5360.055396825397,0.5959722222222222,3.8,7023.0,"Electronics > Headphones, Earbuds & Accessories > Headphones > In-Ear",In-Ear
B0D7MTNFPJ,https://www.amazon.in/dp/B0D7MTNFPJ?th=1&psc=1&language=en_IN,"Atoz Store DJ System 1100 Watt Wooden Frame Speakers (2 Pairs) with 1500 Watt Amplifier - High-Performance Sound System for Parties and Events (1100W,1 Top+ 1100W,1 Top)",4913.705882352941,7924.64705882353,0.3870588235294118,3.905882352941176,8565.588235294117,Electronics > Home Audio > Speakers > Multimedia Speaker Systems,Multimedia Speaker Systems
B09QL3NQHX,https://www.amazon.in/dp/B09QL3NQHX?th=1&psc=1&language=en_IN,"Boat Rockerz 425 Bluetooth Wireless Over Ear Headphones with Mic and Boat Signature Sound, Beast Mode for Gaming, Enx Tech, ASAP Charge, 25H Playtime, Bluetooth V5.2 (Active Black)",1199.0,2999.0,0.6,3.6,3984.0,"Electronics > Headphones, Earbuds & Accessories > Headphones > On-Ear",On-Ear
B09YLFHFDW,https://www.amazon.in/dp/B09YLFHFDW?th=1&psc=1&language=en_IN,"Sony WI-C100 Wireless Headphones with Customizable Equalizer for Deep Bass & 25 Hrs Battery, DSEE-Upscale, Splash Proof, 360RA, Fast Pair, in-Ear Bluetooth Headset with mic for Phone Calls (Black)",1499.0,2790.0,0.46,3.7,11982.0,"Electronics > Headphones, Earbuds & Accessories > Headphones > In-Ear",In-Ear
B0DS8SM65G,https://www.amazon.in/dp/B0DS8SM65G?th=1&psc=1&language=en_IN,"Mivi Fort H880 Soundbar [Just Launched], 880W Dolby Audio, 5.2 Channel with Dual Subwoofers, 3 Built-in + 2 Satellite Speakers, Multiple EQ/Input Modes, Home Theatre 5.2, Made in India Sound Bar",18077.130952380954,25923.78947368421,0.5797368421052632,3.9,476.0,Electronics > Home Audio > Speakers > Soundbar Speakers,Soundbar Speakers
B0CQF7TQP4,https://www.amazon.in/dp/B0CQF7TQP4?th=1&psc=1&language=en_IN,Sony New SRS-XV500 Wireless Portable Bluetooth Karaoke Party Speaker | IPX4 Splash-Proof | 25 Hrs Battery | Mega Bass | Built-in Power Bank | Ambient Lights | Guitar & MIC- 2024 Model,29989.0,39990.0,0.25,4.6,114.0,Electronics > Home Audio > Speakers > Bluetooth Speakers,Bluetooth Speakers
B0F5MZVLGD,https://www.amazon.in/dp/B0F5MZVLGD?th=1&psc=1&language=en_IN,Lloyd ac Remote Original 1.5 ton Compatible Non WiFi Remote (Come with 2 AAA Batteries),499.0,699.0,0.29,3.8,503.0,"Electronics > Home Theater, TV & Video > Accessories > Remote Controls",Remote Controls
B0D6VGNBT1,https://www.amazon.in/dp/B0D6VGNBT1?th=1&psc=1&language=en_IN,"boAt Airdopes 280 ANC, Active Noise Cancellation(~32dB), 60Hrs Battery, 13mm Drivers, 4Mics ENx, Fast Charge, IPX5, v5.3 Bluetooth Earbuds, TWS Ear Buds Wireless Earphones with mic (Active Black)",1099.0,6990.0,0.84,3.5,2552.0,"Electronics > Headphones, Earbuds & Accessories > Headphones > In-Ear",In-Ear
B07DGPSWY3,https://www.amazon.in/dp/B07DGPSWY3?th=1&psc=1&language=en_IN,"Skullcandy Jib In Ear Wired Earbuds, Microphone, Works with Bluetooth Devices and Computers -Gray Miami",549.0,1999.0,0.73,3.9,3453.0,"Electronics > Headphones, Earbuds & Accessories > Headphones > In-Ear",In-Ear
B084X7Y51M,https://www.amazon.in/dp/B084X7Y51M?th=1&psc=1&language=en_IN,"Sennheiser CX 80S in-Ear Wired Headphones with in-line One-Button Smart Control with Microphone, 3 Ear Adapter Sizes, 2 Year Warranty, 3.5MM Jack, Superior Sound, Black",1690.0,2490.0,0.32,4.2,1620.0,"Electronics > Headphones, Earbuds & Accessories > Headphones > In-Ear",In-Ear
B014UTBZIM,https://www.amazon.in/dp/B014UTBZIM?th=1&psc=1&language=en_IN,"ZEBRONICS BT4440RUCF 60W 4.1 Channel Multimedia Speakers With Supporting SD Card, USB, AUX, FM & LED Display",2999.0,4299.0,0.3,3.8,14004.0,Electronics > Home Audio > Speakers > Multimedia Speaker Systems,Multimedia Speaker Systems
B083X24CFF,https://www.amazon.in/dp/B083X24CFF?th=1&psc=1&language=en_IN,"JBL Quantum 100 Wired Over Ear Gaming Headphones with Mic, 40mm Realistic Dynamic Drivers, Detachable Boom Mic, 1kHz Sensitivity, Memory Foam Cushioning, PC/Mobile/PS/Xbox/Nintendo/VR Compatible-Black",1899.0,3999.0,0.53,3.9,15639.0,Computers & Accessories > Accessories & Peripherals > PC Gaming Peripherals > Headsets,Headsets
B0CJJ8DJT6,https://www.amazon.in/dp/B0CJJ8DJT6?th=1&psc=1&language=en_IN,"soundcore by Anker Motion 100 Portable Speaker, Bluetooth Speaker with Wireless Hi-Res, 2 Full Range Drivers for Stereo Sound, Ultra-Portable Design for Outdoor Use, Customizable EQ, and IPX7",5499.0,11998.0,0.54,4.5,519.0,Electronics > Home Audio > Speakers > Bluetooth Speakers,Bluetooth Speakers
B0DT9T945X,https://www.amazon.in/dp/B0DT9T945X?th=1&psc=1&language=en_IN,"Boult X Mustang Newly Launched Q Over Ear Bluetooth Headphones with 70H Playtime, 40mm Bass Drivers, Zen™ ENC Mic, Type-C Fast Charging, 4 EQ Modes, Bluetooth 5.4, AUX Option, IPX5 Wireless Headphones",2499.0,6999.0,0.64,4.1,2735.0,"Electronics > Headphones, Earbuds & Accessories > Headphones > Over-Ear",Over-Ear
B0CM723LWF,https://www.amazon.in/dp/B0CM723LWF?th=1&psc=1&language=en_IN,OneAssist 2 Years Total Protection Plan for Laptop Between INR 60001-70000 (E-Mail Delivery Only),3299.0,6598.0,0.5,3.5,50.0,Electronics > Warranties,Warranties
B0CSJTZ4S9,https://www.amazon.in/dp/B0CSJTZ4S9?th=1&psc=1&language=en_IN,"Climberty® Under Desk Cable Organizer Cable Organizer Rack Adjustable Screw-Fixed Adjustable Under Desk Cable Organizer Holder for Power Extention, Power Cord, Network Cable",1298.0,1949.0,0.33,4.1,73.0,Office Products > Office Supplies > Desk Accessories & Storage Products > Drawer Organisers,Drawer Organisers
B09MJRCXHN,https://www.amazon.in/dp/B09MJRCXHN?th=1&psc=1&language=en_IN,"Meta Quest 3S 128GB Mixed Virtual Reality Headset - All-in-One, Unreal Experiences",33800.0,49999.0,0.32,4.4,437.0,Video Games > Online Game Services,Online Game Services
B0F6K73WPY,https://www.amazon.in/dp/B0F6K73WPY?th=1&psc=1&language=en_IN,Morpho MSO 1300 E3 RD L0 | Single Fingerprint Biometric Scanner | RD Registered | Letest Version of Security System | Morpho Red & Black Device | 1 Year RD Activated,5415.0,6999.0,0.23,3.0666666666666664,2267.6666666666665,Home Improvement > Safety & Security > Home Security Systems > Biometrics,Biometrics
B0D2J4FT99,https://www.amazon.in/dp/B0D2J4FT99?th=1&psc=1&language=en_IN,"HAMMER Screen TWS, ANC (32dB), Smart Touch Display True Wireless Buds, Type-C Fast Charging, Bv5.4, Find My Earbuds, 4 Mics ENC for Clear Calling, Transparency Mode, EQ Mode (White)",1799.0,8999.0,0.8,3.6,879.0,"Electronics > Headphones, Earbuds & Accessories > Headphones > In-Ear",In-Ear
B07ZZBYWKF,https://www.amazon.in/dp/B07ZZBYWKF?th=1&psc=1&language=en_IN,"Zebronics Zeb-Warrior 2.0 Multimedia Speaker With Aux Connectivity,USB Powered And Volume Control",699.0,1249.0,0.44,4.0,22514.0,Computers & Accessories > Accessories & Peripherals > Audio & Video Accessories > PC Speakers,PC Speakers
B0863TXGM3,https://www.amazon.in/dp/B0863TXGM3?th=1&psc=1&language=en_IN,"Sony WH-1000XM4 Noise Cancellation Wireless Bluetooth Over-Ear Headphones with Mic, Hi-Res Audio, Up to 38Hrs Battery- Black",22990.0,29990.0,0.23,4.5,55907.0,"Electronics > Headphones, Earbuds & Accessories > Headphones > Over-Ear",Over-Ear
B0DQQ2VX26,https://www.amazon.in/dp/B0DQQ2VX26?th=1&psc=1&language=en_IN,"boAt Stone Ignite w/ 90 W RMS Sound, RGB LEDs, EQ Modes, IPX6,BT v5.3,Multi- Compatibility– Aux&USB, Playback time Up to 5 Hours & Type C Charging (Jade Black)",5999.0,21990.0,0.73,4.1,49.0,Electronics > Home Audio > Speakers > Bluetooth Speakers,Bluetooth Speakers
B07H98FHJF,https://www.amazon.in/dp/B07H98FHJF?th=1&psc=1&language=en_IN,"Bose Surround Speakers, Black",38400.0,25923.78947368421,0.5797368421052632,4.2,204.0,Electronics > Home Audio > Speakers > Soundbar Speakers,Soundbar Speakers
B09YLFHFDW,https://www.amazon.in/dp/B09YLFHFDW?th=1&psc=1&language=en_IN,"Sony WI-C100 Wireless Headphones with Customizable Equalizer for Deep Bass & 25 Hrs Battery, DSEE-Upscale, Splash Proof, 360RA, Fast Pair, in-Ear Bluetooth Headset with mic for Phone Calls (Black)",1499.0,2790.0,0.46,3.7,11982.0,"Electronics > Headphones, Earbuds & Accessories > Headphones > In-Ear",In-Ear
B08CVD2H13,https://www.amazon.in/dp/B08CVD2H13?th=1&psc=1&language=en_IN,"amaron quanta 12V 7Ah SMF UPS-Emergency Battery Ideal for Use in UPS/Solar and More Instruments (VRLA 12-07/ 12V, 7AH C20)",1375.0,2000.0,0.31,3.8,847.0,Home & Kitchen > Kitchen & Home Appliances > Inverters & Sets > Inverters,Inverters
B0BC29BP31,https://www.amazon.in/dp/B0BC29BP31?th=1&psc=1&language=en_IN,Amazon Basics Portable Multimedia Speaker| Suitable for Laptop & Desktop (Black) | USB 2.0 | Deep Bass,369.0,1299.0,0.72,3.9,1855.0,Computers & Accessories > Accessories & Peripherals > Audio & Video Accessories > PC Speakers,PC Speakers
B0F1Y4GC2M,https://www.amazon.in/dp/B0F1Y4GC2M?th=1&psc=1&language=en_IN,"Boult Just Launched X160 2.1 Channel Bluetooth Soundbar with BoomX Subwoofer, 160-Watt Output Surround Sound, EQ Modes, Remote Accessibility, USB/HDMI/AUX & Optical Fiber Connectivity Sound bar for TV",5499.0,19999.0,0.73,3.9,248.0,Electronics > Home Audio > Speakers > Soundbar Speakers,Soundbar Speakers
B0CPT5CLJ1,https://www.amazon.in/dp/B0CPT5CLJ1?th=1&psc=1&language=en_IN,Zigshash Audio IC Based Stereo 20+20 Watts 2 Channel Amplifier with Built in Speaker |Bluetooth| USB/SD Card | Radio | Aux,759.0,1399.0,0.46,2.0,2.0,Electronics > Home Audio > Receivers & Separates > Amplifiers,Amplifiers
B0F1YH6N2Z,https://www.amazon.in/dp/B0F1YH6N2Z?th=1&psc=1&language=en_IN,ERROR: Page Not Found/Error,12041.263157894737,15646.588823529411,0.17823529411764708,4.163636363636364,2320.7619047619046,,nan
B0DQ82CTXM,https://www.amazon.in/dp/B0DQ82CTXM?th=1&psc=1&language=en_IN,"Carzex® 8"" Subwoofer 125W RMS, 500W Peak Power with 4-Layer Copper Coil – 1.5"" Voice Coil, 120x25mm Magnet, 4 Ohm – Perfect for Cars, Home Theatre, Bass Audio Systems & DIY Projects",999.0,1999.0,0.5,3.5,12.0,Electronics > Car & Vehicle Electronics > Car Electronics > Car Audio > Car Speakers > Component Subwoofers,Component Subwoofers
B0CC2DP26M,https://www.amazon.in/dp/B0CC2DP26M?th=1&psc=1&language=en_IN,"Boult Audio X1 Pro Wired Earphones with Type-C Port, 10mm Bass Drivers, Inline Control, IPX5 Water Resistant, Comfort Fit earphones wired headphones with mic, Type C earphones, Voice Assistant (Black)",449.0,999.0,0.55,3.9,89160.0,"Electronics > Headphones, Earbuds & Accessories > Headphones > In-Ear",In-Ear
B0C3VYT6Q6,https://www.amazon.in/dp/B0C3VYT6Q6?th=1&psc=1&language=en_IN,"JBL Charge 5 Wi-Fi, Wireless Portable Bluetooth Speaker, Original Pro Sound, 20 Hours Playtime, Deep Bass, Built-in Powerbank, Wi-Fi with AirPlay, IP67 Water & Dustproof, One App (Black)",16999.0,26999.0,0.37,4.5,636.0,Electronics > Home Audio > Speakers > Bluetooth Speakers,Bluetooth Speakers
B0F2MWMMC4,https://www.amazon.in/dp/B0F2MWMMC4?th=1&psc=1&language=en_IN,Original Air Conditioner Remote Compatible for Panasonic AC Remote Control [AC-29].,365.0,999.0,0.63,4.2,219.0,"Electronics > Home Theater, TV & Video > Accessories > Remote Controls",Remote Controls
B0C3ZYFZ77,https://www.amazon.in/dp/B0C3ZYFZ77?th=1&psc=1&language=en_IN,"Boat Airdopes Joy, 35Hrs Battery, Fast Charge, IWP Tech, Low Latency, 2Mic ENx, Type-C Port, v5.3 Bluetooth Earbuds, TWS Ear Buds Wireless Earphones with mic(Jet Black)",799.0,3490.0,0.77,3.8,1169.0,"Electronics > Headphones, Earbuds & Accessories > Headphones > In-Ear",In-Ear
B0CXL4FQBK,https://www.amazon.in/dp/B0CXL4FQBK?th=1&psc=1&language=en_IN,"SONY ULT Field 1 with Massive Bass,12hrs Playtime,Hands Free Calling (with MIC),IP67(Waterproof,Dustproof,Rustproof),Sound Connect App,Wireless Bluetooth Speaker-Black",8990.0,16990.0,0.47,4.4,1272.0,Electronics > Home Audio > Speakers > Bluetooth Speakers,Bluetooth Speakers
B0DH8FHY3S,https://www.amazon.in/dp/B0DH8FHY3S?th=1&psc=1&language=en_IN,"Blaupunkt Newly Launched ATOMIK Grab 20W Boombox, Unbelievable Loud & Clear Music I Portable with easy to carry handle | A perfect carry around Sound Partner for outdoors I Light Weight Grab on the GO",1199.0,4999.0,0.76,3.9,200.0,Electronics > Portable Media Players > Boomboxes,Boomboxes
B09MJRCXHN,https://www.amazon.in/dp/B09MJRCXHN?th=1&psc=1&language=en_IN,"Meta Quest 3S 128GB Mixed Virtual Reality Headset - All-in-One, Unreal Experiences",33800.0,49999.0,0.32,4.4,437.0,Video Games > Online Game Services,Online Game Services
B07N2261R6,https://www.amazon.in/dp/B07N2261R6?th=1&psc=1&language=en_IN,Sennheiser HD 400s Over Ear Wired Headphones with Mic (Black),4990.0,5990.0,0.17,4.1,4216.0,"Electronics > Headphones, Earbuds & Accessories > Headphones > Over-Ear",Over-Ear
B0DS2KD8TN,https://www.amazon.in/dp/B0DS2KD8TN?th=1&psc=1&language=en_IN,"boAt Airdopes 161 ANC TWS Earbuds w/ 32 dB ANC, 50 hrs Playback, 50 ms Low Latency BEASTTM Mode, IWPTM Tech, Dual EQ Modes, 4 Mics with ENx, ASAP Charge, Bluetooth v5.3(White)",1299.0,5999.0,0.78,3.5,17.0,"Electronics > Headphones, Earbuds & Accessories > Headphones > In-Ear",In-Ear
B0BQN2RMJF,https://www.amazon.in/dp/B0BQN2RMJF?th=1&psc=1&language=en_IN,"Boult Audio Z40 True Wireless in Ear Earbuds with 60H Playtime, Zen™ ENC Mic, Low Latency Gaming, Type-C Fast Charging, Made in India, 10mm Rich Bass Drivers, IPX5, Bluetooth 5.3 Ear Buds TWS (Blue)",999.0,4999.0,0.8,3.8,34545.0,"Electronics > Headphones, Earbuds & Accessories > Headphones > In-Ear",In-Ear
B0BK7GSYXN,https://www.amazon.in/dp/B0BK7GSYXN?th=1&psc=1&language=en_IN,UIC Dj Mini-80W 5.25 Inch Single Bluetooth Party Subwoofer Floor Standing Speaker 3 Inch Dual Satellites with Extreme Bass Mic Slot Aux USB Fm & Remote Control Black (UIC-TWR-5103),2432.0,7999.0,0.7,3.4,216.0,Electronics > Home Audio > Speakers > Tower Speakers,Tower Speakers
B0CQJXC3SP,https://www.amazon.in/dp/B0CQJXC3SP?th=1&psc=1&language=en_IN,"Noise Buds N1 in Ear True Wireless Earbuds with Chrome Finish, 40H of Playtime, Quad Mic with Enc, Ultra Low Latency(Up to 40 Ms), Instacharge(10 Min=120 Min), BT V5.3(Calm Beige)",899.0,3499.0,0.74,4.0,9606.0,"Electronics > Headphones, Earbuds & Accessories > Headphones > In-Ear",In-Ear
B0F633F2W2,https://www.amazon.in/dp/B0F633F2W2?th=1&psc=1&language=en_IN,"Sonos Arc Ultra | Soundbar with Dolby Atmos, WiFi, Bluetooth, Amazon Alexa for 9.1.4 Surround Sound for TV and Music - Black",99999.0,25923.78947368421,0.5797368421052632,4.6,37.0,Electronics > Home Audio > Speakers > Soundbar Speakers,Soundbar Speakers
B084X7Y51M,https://www.amazon.in/dp/B084X7Y51M?th=1&psc=1&language=en_IN,"Sennheiser CX 80S in-Ear Wired Headphones with in-line One-Button Smart Control with Microphone, 3 Ear Adapter Sizes, 2 Year Warranty, 3.5MM Jack, Superior Sound, Black",1690.0,2490.0,0.32,4.2,1620.0,"Electronics > Headphones, Earbuds & Accessories > Headphones > In-Ear",In-Ear
B09JKNF147,https://www.amazon.in/dp/B09JKNF147?th=1&psc=1&language=en_IN,Electvision Remote Control Compatible with Kodak/Thomson/Blaupunkt Smart led tv (Without Voice),495.39864864864865,1239.0067567567567,0.5502027027027028,3.5,1857.0,"Electronics > Home Theater, TV & Video > Accessories > Remote Controls",Remote Controls
B0D6W671R4,https://www.amazon.in/dp/B0D6W671R4?th=1&psc=1&language=en_IN,"Boat Stone 352 Pro Bluetooth Speaker w/ 14W Signature Sound, Up to 12hrs Playback, RGB LEDs, TWS Feature, Built-in Mic, BTv5.3, AUX Port, IPX5 & Type-C Interface(Groovy Grey)",1699.0,4990.0,0.66,4.0,12594.0,Electronics > Home Audio > Speakers > Bluetooth Speakers,Bluetooth Speakers
B077WFGLB2,https://www.amazon.in/dp/B077WFGLB2?th=1&psc=1&language=en_IN,"Sony Car Stereo DSX-A410BT Digital Media Receiver with NFC, Bluetooth, USB, AUX, FM (Black), PRE Out - 2 x 2V, Output Power - 55W x 4, 10 Band Equalizer",5490.0,6990.0,0.21,4.3,577.0,Electronics > Car & Vehicle Electronics > Car Electronics > Car Audio > Car Stereos,Car Stereos
B0D6VGNBT1,https://www.amazon.in/dp/B0D6VGNBT1?th=1&psc=1&language=en_IN,"boAt Airdopes 280 ANC, Active Noise Cancellation(~32dB), 60Hrs Battery, 13mm Drivers, 4Mics ENx, Fast Charge, IPX5, v5.3 Bluetooth Earbuds, TWS Ear Buds Wireless Earphones with mic (Active Black)",1099.0,6990.0,0.84,3.5,2552.0,"Electronics > Headphones, Earbuds & Accessories > Headphones > In-Ear",In-Ear
B0DHDDF2LK,https://www.amazon.in/dp/B0DHDDF2LK?th=1&psc=1&language=en_IN,"boAt Aavante Bar Azure Pro, 550 W Sound, 5.1CH with Wireless Rear Satellite Speakers, EQ Modes, BTv5.4,Multiple Ports, Master Remote, Bluetooth Sound Bar, Home Theatre Soundbar Speaker (Premium Black)",12499.0,49990.0,0.75,4.0,4342.0,"Electronics > Home Theater, TV & Video > Home Theater Systems",Home Theater Systems
B0CHP6D4SC,https://www.amazon.in/dp/B0CHP6D4SC?th=1&psc=1&language=en_IN,"Nu Republic Soundbar 20 Bluetooth Soundbar with X-Bass Technology, 52mm Dynamic Drivers, Upto 12 Hrs Playtime, 20 W Output, Aux/USB Port (5.0 Channel) (Black)",898.0,4499.0,0.8,3.8,472.0,Electronics > Home Audio > Speakers > Soundbar Speakers,Soundbar Speakers
B0D4VN3S8T,https://www.amazon.in/dp/B0D4VN3S8T?th=1&psc=1&language=en_IN,"boAt Nirvana Space, 360º Spatial Audio, Active Noise Cancellation (~32dB), 100Hrs Battery,4Mics ENx, Fast Charge, v5.3 Bluetooth Earbuds, TWS Ear Buds Wireless Earphones with mic (Cosmic Black)",2099.0,7999.0,0.74,4.0,4184.0,"Electronics > Headphones, Earbuds & Accessories > Headphones > In-Ear",In-Ear
B0F4NCZHZF,https://www.amazon.in/dp/B0F4NCZHZF?th=1&psc=1&language=en_IN,Original Air Conditioner Remote Compatible for Hitachi Split AC Remote with Backlight & Remote Stand (Hitachi 1.5 Ton AC Remote Original AC-68A).,499.0,1999.0,0.75,3.4,336.0,"Electronics > Home Theater, TV & Video > Accessories > Remote Controls",Remote Controls
B0CD2FSRDD,https://www.amazon.in/dp/B0CD2FSRDD?th=1&psc=1&language=en_IN,"Bose New QuietComfort Ultra Wireless Noise Cancelling Earbuds, Bluetooth Earbuds with Spatial Audio and World-Class Noise Cancellation, Black",25900.0,5360.055396825397,0.5959722222222222,3.6,7388.0,"Electronics > Headphones, Earbuds & Accessories > Headphones > In-Ear",In-Ear
B09YLFHFDW,https://www.amazon.in/dp/B09YLFHFDW?th=1&psc=1&language=en_IN,"Sony WI-C100 Wireless Headphones with Customizable Equalizer for Deep Bass & 25 Hrs Battery, DSEE-Upscale, Splash Proof, 360RA, Fast Pair, in-Ear Bluetooth Headset with mic for Phone Calls (Black)",1499.0,2790.0,0.46,3.7,11982.0,"Electronics > Headphones, Earbuds & Accessories > Headphones > In-Ear",In-Ear
B073JQXC1J,https://www.amazon.in/dp/B073JQXC1J?th=1&psc=1&language=en_IN,"Sony MDR-EX155AP Wired in-Ear Headphones with Tangle Free Cable, 3.5mm Jack, Headset with Mic for Phone Calls and 1 Year Warranty - (Black)",999.0,1290.0,0.23,4.0,7891.0,"Electronics > Headphones, Earbuds & Accessories > Headphones > In-Ear",In-Ear
B0BQN2RMJF,https://www.amazon.in/dp/B0BQN2RMJF?th=1&psc=1&language=en_IN,"Boult Audio Z40 True Wireless in Ear Earbuds with 60H Playtime, Zen™ ENC Mic, Low Latency Gaming, Type-C Fast Charging, Made in India, 10mm Rich Bass Drivers, IPX5, Bluetooth 5.3 Ear Buds TWS (Blue)",999.0,4999.0,0.8,3.8,34545.0,"Electronics > Headphones, Earbuds & Accessories > Headphones > In-Ear",In-Ear
B0DS6CDFL2,https://www.amazon.in/dp/B0DS6CDFL2?th=1&psc=1&language=en_IN,JBL GT-X1500THI - 1500W High Perfromance Bass-Reflex Bass Tube,16512.75,20552.5,0.1875,5.0,2.0,Electronics > Car & Vehicle Electronics > Car Electronics > Car Audio > Car Speakers > Enclosed Subwoofer Systems,Enclosed Subwoofer Systems
B0D6Y7Y3N3,https://www.amazon.in/dp/B0D6Y7Y3N3?th=1&psc=1&language=en_IN,"boAt Rockerz 255 Z Plus,AI-Enx Tech,Spatial Audio,50HRS Battery,Low Latency Mode,Fast Charge,App Support,IPX4,GFPS,BT V5.3,Bluetooth Neckband,in Ear Wireless with Mic Earphones (Classic Black)",999.0,4489.0,0.78,3.9,227803.0,"Electronics > Headphones, Earbuds & Accessories > Headphones > In-Ear",In-Ear
B0863TXGM3,https://www.amazon.in/dp/B0863TXGM3?th=1&psc=1&language=en_IN,"Sony WH-1000XM4 Noise Cancellation Wireless Bluetooth Over-Ear Headphones with Mic, Hi-Res Audio, Up to 38Hrs Battery- Black",22990.0,29990.0,0.23,4.5,55907.0,"Electronics > Headphones, Earbuds & Accessories > Headphones > Over-Ear",Over-Ear
B0BN42B37Z,https://www.amazon.in/dp/B0BN42B37Z?th=1&psc=1&language=en_IN,"Electronic Spices 4 inches Max Subwoofer Bluetooth Speaker 4 ohm 30 Watt HiFi Woofer Deep Bass for Home Theater, Multicolor",249.0,299.0,0.17,3.7,223.0,Electronics > Home Audio > Accessories > Speaker Parts & Components > Replacement Speakers,Replacement Speakers
B0CRZBR4LB,https://www.amazon.in/dp/B0CRZBR4LB?th=1&psc=1&language=en_IN,"Dyazo Foldable Tablet Stand | Holder Compatible for Desk Compatible for Samsung Galaxy Tabs, iPad All Other Tablets Up to 12.9 inch with 360 Degree Rotation (White)",399.0,999.0,0.6,4.2,750.0,Computers & Accessories > Accessories & Peripherals > Tablet Accessories > Stands,Stands
B0D5H3HXCD,https://www.amazon.in/dp/B0D5H3HXCD?th=1&psc=1&language=en_IN,"boAt BassHeads 122 ANC Wired in-Ear Earphones with 25dB Active Noise Cancellation, 13mm Drivers, Ambient Mode, Type-C Jack, in-Line Microphone, Snug Fit & Multi-OS Compatibility(Black)",999.0,2999.0,0.67,3.3,673.0,"Electronics > Headphones, Earbuds & Accessories > Headphones > In-Ear",In-Ear
B07TCN5VR9,https://www.amazon.in/dp/B07TCN5VR9?th=1&psc=1&language=en_IN,Boult Audio BassBuds X1 in-Ear Wired Earphones with 10mm Extra Bass Driver and HD Sound with mic(Black),299.0,999.0,0.7,3.9,89161.0,"Electronics > Headphones, Earbuds & Accessories > Headphones > In-Ear",In-Ear
B0F2FKCWCJ,https://www.amazon.in/dp/B0F2FKCWCJ?th=1&psc=1&language=en_IN,"EF ECOFLOW Portable Power Station RIVER 2 Max, 512Wh LiFePO4 Battery, 10 Year Life, 0% - 100% Charge in 60 mins, Power 11 Appliances at once, 230V - 50Hz India Voltage, For Outdoor Use & Home Backup",34988.0,49999.0,0.3,4.7,1600.0,Outdoor Living > Mowers & Outdoor Power Tools > Generators & Portable Power > Generators,Generators
B0CCRZPKR1,https://www.amazon.in/dp/B0CCRZPKR1?th=1&psc=1&language=en_IN,"Sennheiser Momentum 4 Wireless Over Ear Headphones Designed in Germany - Bluetooth Adaptive Noise Cancelling-ANC,4 Digital Mics for Crystal-Clear Calls,60h Battery, 2 Yr Warranty, Black/Copper",22990.0,34990.0,0.34,4.3,8740.0,"Electronics > Headphones, Earbuds & Accessories > Headphones > Over-Ear",Over-Ear
B09MM6P76N,https://www.amazon.in/dp/B09MM6P76N?th=1&psc=1&language=en_IN,7SEVEN® Compatible with Lg Smart Tv Remote Universal Suitable for LED OLED LCD UHD Plasma Android Television & AKB75095303 Replacement of Specified Brand Tv Remote Control,333.0,799.0,0.58,4.0,1056.0,"Electronics > Home Theater, TV & Video > Accessories > Remote Controls",Remote Controls
B0CRH95W14,https://www.amazon.in/dp/B0CRH95W14?th=1&psc=1&language=en_IN,Carvaan Saregama Bhakti Plug Play Devotional Music Player - Pre-Loaded with 25 Mantras and Chalisa | Bluetooth Connectivity (Devotional Orange),1390.0,16798.04651162791,0.4441860465116279,3.7,242.0,Electronics > Home Audio > Speakers > Bluetooth Speakers,Bluetooth Speakers
B097ZQTDVZ,https://www.amazon.in/dp/B097ZQTDVZ?th=1&psc=1&language=en_IN,7SEVEN® Compatible with TCL Tv Remote Original RC802V Model Suitable for Any Iffalcon TCL Smart Android 4k FHD UHD QLED Television No Voice Command or Google Assistance Feature,349.0,899.0,0.61,3.7,1376.0,"Electronics > Home Theater, TV & Video > Accessories > Remote Controls",Remote Controls
B0CF5PNVZH,https://www.amazon.in/dp/B0CF5PNVZH?th=1&psc=1&language=en_IN,"boAt Nirvana Ion ANC, Active Noise Cancellation(~32dB), 120Hrs Battery, App Support, Crystal Bionic Sound, 4Mics ENx, v5.3 Bluetooth TWS in Ear Earbuds Wireless Earphones with mic (Crystal Black)",2499.0,9990.0,0.75,4.0,17599.0,"Electronics > Headphones, Earbuds & Accessories > Headphones > In-Ear",In-Ear
B0CWL6FD1D,https://www.amazon.in/dp/B0CWL6FD1D?th=1&psc=1&language=en_IN,"SRS® Headphone Stand Holder | Under Desk Hook & Cable Organizer | Stick-On Adhesive | Superior-Grade ABS | Includes Surface Cleaning Wipes for Easy Setup & Organization (Pack of 1, Black)",199.0,599.0,0.67,4.4,270.0,"Electronics > Headphones, Earbuds & Accessories > Stands",Stands
B0F54HWRRS,https://www.amazon.in/dp/B0F54HWRRS?th=1&psc=1&language=en_IN,BLACKSHEEP Compatible for Carrier Ac Remote Original RG56CMI-B0 Model with Flexi Cool Suitable for Split and Window Air Conditioner of 1 1.5 2 Ton Remote Control,,,,,,Office Products > Office Electronics > Accessories > Presentation Remotes,Presentation Remotes
B083FMB4R5,https://www.amazon.in/dp/B083FMB4R5?th=1&psc=1&language=en_IN,"1000 in 1 Universal AC Remote Compatible with Most of The Brands Like Carrier, Daikin, Electrolux, Fujitsu, Hitachi, Hyundai, LG, Mitsubishi, Panasonic, Samsung, Whirlpool, Onida, Lloyd [AC-72]",449.0,999.0,0.55,3.1,177.0,"Electronics > Home Theater, TV & Video > Accessories > Remote Controls",Remote Controls
B0C6KF5KX7,https://www.amazon.in/dp/B0C6KF5KX7?th=1&psc=1&language=en_IN,"Vantro 200W Car Power Inverter/Laptop Charger with 3 USB (6.2A Max) & 1 C Type(1*27WPD) Smart USB Ports, 2 AC Universal Outlets and 12V DC to 220V AC with QC3.0 Model P2",2499.0,5999.0,0.58,4.4,6649.0,Electronics > Car & Vehicle Electronics > Car & Vehicle Electronics Accessories > Audio & Video Accessories > Power Inverters,Power Inverters
B0DGBDR2PM,https://www.amazon.in/dp/B0DGBDR2PM?th=1&psc=1&language=en_IN,reMarkable Paper Pro Bundle Mosaic Weave Includes 11.8'' Paper Tablet Marker Plus Pen with Eraser and A Book Folio Cover Basalt,72999.0,6999.0,0.65,4.2,624.0,"Computers & Accessories > Accessories & Peripherals > Keyboards, Mice & Input Devices > Graphic Tablets",Graphic Tablets
B0D2DJWTKD,https://www.amazon.in/dp/B0D2DJWTKD?th=1&psc=1&language=en_IN,"TRIGGR Kraken X2 Gaming Earbuds, TWS Low Latency, ENC Quad 4 Mics with Bluetooth v5.3 Rapid Pairing, 40 Hrs Playtime, IPX4 Water Resistance, Wireless in-Ear Earpods (Black)",899.0,3999.0,0.78,3.4,106.0,"Electronics > Headphones, Earbuds & Accessories > Headphones > In-Ear",In-Ear
B07ZZBYWKF,https://www.amazon.in/dp/B07ZZBYWKF?th=1&psc=1&language=en_IN,"Zebronics Zeb-Warrior 2.0 Multimedia Speaker With Aux Connectivity,USB Powered And Volume Control",699.0,1249.0,0.44,4.0,22514.0,Computers & Accessories > Accessories & Peripherals > Audio & Video Accessories > PC Speakers,PC Speakers
B0F29L645M,https://www.amazon.in/dp/B0F29L645M?th=1&psc=1&language=en_IN,VEHOP Wing Truly Wireless Earbuds TWS | ~32dB ANC & Transparency Mode | Upto 50Hrs Playtime | Bluetooth V5.4 | Quad Mics with AI-ENC | 40ms Low Latency Gaming | Breathing LED Lights (Black),2618.412331406551,5360.055396825397,0.5959722222222222,3.4,3.0,"Electronics > Headphones, Earbuds & Accessories > Headphones > In-Ear",In-Ear
B0BTDB3JYN,https://www.amazon.in/dp/B0BTDB3JYN?th=1&psc=1&language=en_IN,"CrossBeats Blaze B24 Bluetooth Soundbar 24W, Gaming RGB Lights, AUX, Bluetooth, USB, FM & TWS I Fast SnapCharge Battery, Multiport Connectivity, BT Speaker for TV, Mobile, PC, Laptops, Tablets Black",1599.0,3999.0,0.6,4.1,1821.0,Electronics > Home Audio > Speakers > Soundbar Speakers,Soundbar Speakers
B0DK97GN8T,https://www.amazon.in/dp/B0DK97GN8T?th=1&psc=1&language=en_IN,"Noise Master Buds, Sound by Bose in-Ear Bluetooth Earbuds, Up to 49dB Adaptive ANC, LHDC 5.0, Immersive Spatial Audio, 44H Playtime with 6 mic ENC, Dual Pairing, IPX5 Ear Buds TWS (Silver)",7999.0,5360.055396825397,0.5959722222222222,3.8,660.0,"Electronics > Headphones, Earbuds & Accessories > Headphones > In-Ear",In-Ear
B01I054Y94,https://www.amazon.in/dp/B01I054Y94?th=1&psc=1&language=en_IN,"F&D F3800X 5.1 Channel Multi Media Speaker (Black) | Wireless Bluetooth Speakers | Subwoofer Satellite Speakers/LED Display/USB/SD Card/NFC | Home Theatre | Speaker for Laptop, Pc & Mobile",4913.705882352941,7924.64705882353,0.3870588235294118,4.2,4352.0,Electronics > Home Audio > Speakers > Multimedia Speaker Systems,Multimedia Speaker Systems
B0DBHD2F5R,https://www.amazon.in/dp/B0DBHD2F5R?th=1&psc=1&language=en_IN,"boAt Nirvana Ivy, 50dB Hybrid Active Noise Cancellation, 360º Spatial Audio,Fast Charge,App Support, v5.3 Bluetooth Earbuds, TWS Ear Buds Wireless Earphones with mic (Gunmetal Black)",2999.0,17990.0,0.83,3.8,529.0,"Electronics > Headphones, Earbuds & Accessories > Headphones > In-Ear",In-Ear
B0CRP98CF8,https://www.amazon.in/dp/B0CRP98CF8?th=1&psc=1&language=en_IN,"Sounce 10 Meter High-Speed HDMI Cable - Hdmi Arc Enabled | 64 Gbps | 4K 120Hz | 1080P 240Hz | Strong & Durable | Supports Up To 32 Audio Channels | Gold Plated | 10 Meter, Black (Pack of 1)",449.0,1349.0,0.67,4.0,2169.0,"Electronics > Home Theater, TV & Video > Accessories > Cables > HDMI Cables",HDMI Cables
B09PF23M31,https://www.amazon.in/dp/B09PF23M31?th=1&psc=1&language=en_IN,"D&V Engineering Metal Mobile TV Stand on Wheels | Height Adjustable TV Trolley | Rolling Cart for 32-55 Inch LED, LCD, Smart TVs | Portable Stand for Home, Office, School and College Use - Standard",5669.0,9999.0,0.43,4.3,364.0,"Electronics > Home Theater, TV & Video > Accessories > TV Mounts, Stands & Turntables > TV Mount Stands",TV Mount Stands
B0CZ3JKRY4,https://www.amazon.in/dp/B0CZ3JKRY4?th=1&psc=1&language=en_IN,King Shine Portable Mini Metal Clip MP3 Player Sport Music Player with SD/TF Card Slot (Random Color Memory Card Not Included,455.0,999.0,0.54,3.3,90.0,Electronics > Portable Media Players > MP3/MP4 Players,MP3/MP4 Players
B084X7Y51M,https://www.amazon.in/dp/B084X7Y51M?th=1&psc=1&language=en_IN,"Sennheiser CX 80S in-Ear Wired Headphones with in-line One-Button Smart Control with Microphone, 3 Ear Adapter Sizes, 2 Year Warranty, 3.5MM Jack, Superior Sound, Black",1690.0,2490.0,0.32,4.2,1620.0,"Electronics > Headphones, Earbuds & Accessories > Headphones > In-Ear",In-Ear
B0CS6PWVJX,https://www.amazon.in/dp/B0CS6PWVJX?th=1&psc=1&language=en_IN,"JBL Partybox Ultimate, Dynamic Lightshow, Party Pad, Wi-Fi & Bluetooth Connectivity, Dual Mic with Guitar Inputs, Pro Sound, Ipx4 Splashproof, Self Tuning, One App (Black) - Multimedia",124999.0,164999.0,0.24,2.8,4.0,Electronics > Home Audio > Speakers > Bluetooth Speakers,Bluetooth Speakers
B0F633F2W2,https://www.amazon.in/dp/B0F633F2W2?th=1&psc=1&language=en_IN,"Sonos Arc Ultra | Soundbar with Dolby Atmos, WiFi, Bluetooth, Amazon Alexa for 9.1.4 Surround Sound for TV and Music - Black",99999.0,25923.78947368421,0.5797368421052632,4.6,37.0,Electronics > Home Audio > Speakers > Soundbar Speakers,Soundbar Speakers
B0B4PCKNPC,https://www.amazon.in/dp/B0B4PCKNPC?th=1&psc=1&language=en_IN,KH DJ PA Speaker Stand - Adjustable Height Professional Tripod Studio Monitor Stand - Heavy Duty,1899.0,2999.0,0.37,4.0,116.0,Musical Instruments > Recording & Computer > Studio Accessories > Studio Speaker Stands,Studio Speaker Stands
B0DZCRYG7R,https://www.amazon.in/dp/B0DZCRYG7R?th=1&psc=1&language=en_IN,"realme Buds T200 Lite Bluetooth in Ear Earbuds,4 Mic, AI ENC for Calls,48 Hours Total Playback with Fast Charging and Low Latency Gaming TWS,Google Fast Pair, with mic (Volt Black)",1299.0,1999.0,0.35,4.0,26385.0,"Electronics > Headphones, Earbuds & Accessories > Headphones > In-Ear",In-Ear
B0DDTYLH5R,https://www.amazon.in/dp/B0DDTYLH5R?th=1&psc=1&language=en_IN,Ethex® Fan Remote Compatible with Original Atomberg Fan Remote,299.0,999.0,0.7,4.5,32.0,"Home & Kitchen > Heating, Cooling & Air Quality > Parts & Accessories > Fan Parts & Accessories",Fan Parts & Accessories
B0CPDPTHVN,https://www.amazon.in/dp/B0CPDPTHVN?th=1&psc=1&language=en_IN,Helett® HT20 Wireless 2.4GHz 2D & 1D Barcode Scanner (QR Code & Barcode) Wired & Wireless(Rechargeable) Connectivity | Induction Scanning with Built-in Illumination Light |Strong ABS(1-Year Warranty),2326.0,4200.0,0.45,4.2,394.0,Office Products > Office Electronics > Barcode Scanners,Barcode Scanners
B0CTCWPHH5,https://www.amazon.in/dp/B0CTCWPHH5?th=1&psc=1&language=en_IN,"Boult Audio K40 True Wireless in Ear Earbuds with 48H Playtime, Clear Calling 4 Mics, 45ms Low Latency Gaming, Premium Grip, 13mm Bass Drivers, Type-C Fast Charging, BTv 5.3 Ear Buds (Electric Black)",1099.0,2999.0,0.63,3.9,7069.0,"Electronics > Headphones, Earbuds & Accessories > Headphones > In-Ear",In-Ear
B0D3DH8TSC,https://www.amazon.in/dp/B0D3DH8TSC?th=1&psc=1&language=en_IN,"boAt Airdopes 300, Cinematic Spatial Audio, 50HRS Battery, 4Mic AI ENx, Fast Charge, App Support, Low Latency, IPX4, v5.3 Bluetooth Earbuds, TWS Ear Buds Wireless Earphones with mic (Gunmetal Black)",1498.0,6490.0,0.77,4.0,4759.0,"Electronics > Headphones, Earbuds & Accessories > Headphones > In-Ear",In-Ear
B0BVWDWWPL,https://www.amazon.in/dp/B0BVWDWWPL?th=1&psc=1&language=en_IN,"7SEVEN® Compatible with Panasonic Tv Remote with Part Number N2QAYB001116 Suitable for Specific Model's TH-43E410H TH-32E410H TH-32F400A TH-32F400Z TH-49E410H Only, Match Key by Key Functionality",349.0,799.0,0.56,4.0,108.0,"Electronics > Home Theater, TV & Video > Accessories > Remote Controls",Remote Controls
B098XT65BC,https://www.amazon.in/dp/B098XT65BC?th=1&psc=1&language=en_IN,"ZEBRONICS Zeb-Sound Bomb 1 TWS Earbuds with BT5.0, Up to 12H Playback, Touch Controls, Voice Assistant, Splash Proof with Type C Portable Charging Case (Black)",599.0,2499.0,0.76,3.5,8331.0,"Electronics > Headphones, Earbuds & Accessories > Headphones > In-Ear",In-Ear
B0CGM9DWPY,https://www.amazon.in/dp/B0CGM9DWPY?th=1&psc=1&language=en_IN,Oboe Silicone TV Remote Cover Compatible With Samsung Smart TV 2023 Model TM-2360 E - Protective Open Key Case With Lanyard (E-Black) [Remote NOT Included],664.0,1499.0,0.56,4.2,2047.0,"Electronics > Home Theater, TV & Video > Accessories > Remote Controls",Remote Controls
B0C2F5KD26,https://www.amazon.in/dp/B0C2F5KD26?th=1&psc=1&language=en_IN,"Skullcandy Smokin Buds In-Ear Wireless Earbuds,ENC,Music, Movie &Podcast EQ Modes,20Hr+Rapid Charge,Capacitive Touch Controls,Use Either Bud Solo,Premium Audio Quality,work with Android and iOS- Black",2849.0,8199.0,0.65,3.6,12908.0,"Electronics > Headphones, Earbuds & Accessories > Headphones > In-Ear",In-Ear
B0DQKY3R84,https://www.amazon.in/dp/B0DQKY3R84?th=1&psc=1&language=en_IN,"boAt Nirvana X TWS (2025),Knowles Dual Drivers,Hi-Res Audio LDAC,App Support,4Mic ENx,Dual Pair,Spatial Audio,Fast Charge, Bluetooth Earbuds, TWS Ear Buds Wireless Earphones with mic (Cosmic Onyx)",2499.0,8990.0,0.72,4.0,530.0,"Electronics > Headphones, Earbuds & Accessories > Headphones > In-Ear",In-Ear
B07N2WFGKZ,https://www.amazon.in/dp/B07N2WFGKZ?th=1&psc=1&language=en_IN,"HomeMate® Wi-Fi Smart IR Control Hub (Pack of 1) | Smart Air Conditioner Remote | Compatible with Alexa, Google Home | All in One Infrared Remote for Smart Home | Black",978.0,3990.0,0.75,3.6,2698.0,"Electronics > Home Theater, TV & Video > Accessories > Remote Controls",Remote Controls
B0CHYWQ2XH,https://www.amazon.in/dp/B0CHYWQ2XH?th=1&psc=1&language=en_IN,"65W Laptop Charger for HP Pavilion x360 14 15 17, HP Envy 13 15 X360, HP Elitebook 840 G5, HP ProBook HP Chromebook HP Stream Series, HP Spectre 710412-001 19.5V 3.33A HP Adapter",949.0,2500.0,0.62,4.0,57.0,Computers & Accessories > Accessories & Peripherals > Laptop Accessories > Laptop Chargers & Power Supplies,Laptop Chargers & Power Supplies
B0CZ3JKRY4,https://www.amazon.in/dp/B0CZ3JKRY4?th=1&psc=1&language=en_IN,King Shine Portable Mini Metal Clip MP3 Player Sport Music Player with SD/TF Card Slot (Random Color Memory Card Not Included,455.0,999.0,0.54,3.3,90.0,Electronics > Portable Media Players > MP3/MP4 Players,MP3/MP4 Players
B0CR1NWYLD,https://www.amazon.in/dp/B0CR1NWYLD?th=1&psc=1&language=en_IN,"ZEBRONICS Juke BAR 3902 Soundbar with 140 Watts, HDMI (ARC), Optical, USB, AUX, Bluetooth v5.0, Virtual 5.1, Wall Mountable Design",18077.130952380954,25923.78947368421,0.5797368421052632,4.0,437.0,Electronics > Home Audio > Speakers > Soundbar Speakers,Soundbar Speakers
B0C6T54WWJ,https://www.amazon.in/dp/B0C6T54WWJ?th=1&psc=1&language=en_IN,"ZEBRONICS Omega 7.1 Home Theatre Speaker with 120W Output, Bluetooth v5.0, USB, AUX, FM Radio, Powerful Subwoofer, LED Display, Remote, Volume & Bass Control",2999.0,6499.0,0.54,3.8,14004.0,Electronics > Home Audio > Speakers > Multimedia Speaker Systems,Multimedia Speaker Systems
B097ZQTDVZ,https://www.amazon.in/dp/B097ZQTDVZ?th=1&psc=1&language=en_IN,7SEVEN® Compatible with TCL Tv Remote Original RC802V Model Suitable for Any Iffalcon TCL Smart Android 4k FHD UHD QLED Television No Voice Command or Google Assistance Feature,349.0,899.0,0.61,3.7,1376.0,"Electronics > Home Theater, TV & Video > Accessories > Remote Controls",Remote Controls
B0DFWQV73T,https://www.amazon.in/dp/B0DFWQV73T?th=1&psc=1&language=en_IN,Sounce Earphone Case Cover for Samsung Galaxy Buds 3 Pro and Galaxy Buds 3 TWS Soft Silicone Skin Case Cover Shock Absorbing Protective Case with Keychain [Front LED Visible] - Transparent,209.0,799.0,0.74,3.9,3043.0,"Electronics > Headphones, Earbuds & Accessories > Cases",Cases
B0F63TVX86,https://www.amazon.in/dp/B0F63TVX86?th=1&psc=1&language=en_IN,Betterqualityremote Original Remote Control Compatible with jio Fiber Box with Voice Control.,699.0,999.0,0.3,4.4,8044.0,"Electronics > Home Theater, TV & Video > Accessories > Remote Controls",Remote Controls
B0CX96Z895,https://www.amazon.in/dp/B0CX96Z895?th=1&psc=1&language=en_IN,amazon basics TWS in-Ear Earbuds (AB-T08) with Fast Charging up to 50 Hours of Playtime | Dual 10mm Driver | IPX4 Water-Resistance | Bluetooth 5.3 | Charging Case with Mic | Touch Control (White),579.0,2499.0,0.77,3.3,388.0,"Electronics > Headphones, Earbuds & Accessories > Headphones > In-Ear",In-Ear
B0DDRTB2D7,https://www.amazon.in/dp/B0DDRTB2D7?th=1&psc=1&language=en_IN,"Motorola Moto Buds With Hi-Res Audio, Large 12.4Mm Driver, 42 Hrs Playback & Ipx4 Rating Bluetooth Headset (Kiwi Green, True Wireless)",2618.412331406551,5360.055396825397,0.5959722222222222,4.3,6.0,"Electronics > Headphones, Earbuds & Accessories > Headphones > In-Ear",In-Ear
B0C6KF5KX7,https://www.amazon.in/dp/B0C6KF5KX7?th=1&psc=1&language=en_IN,"Vantro 200W Car Power Inverter/Laptop Charger with 3 USB (6.2A Max) & 1 C Type(1*27WPD) Smart USB Ports, 2 AC Universal Outlets and 12V DC to 220V AC with QC3.0 Model P2",2499.0,5999.0,0.58,4.4,6649.0,Electronics > Car & Vehicle Electronics > Car & Vehicle Electronics Accessories > Audio & Video Accessories > Power Inverters,Power Inverters
B08BL3R7FF,https://www.amazon.in/dp/B08BL3R7FF?th=1&psc=1&language=en_IN,Isoelite Remote Compatible for Airtel Digital TV Remote HD/SD Box Support with Recording Option [ Compatible for Airtel Remote Control ],299.0,899.0,0.67,3.8,500.0,"Electronics > Home Theater, TV & Video > Accessories > Remote Controls",Remote Controls
B0B75MQJQR,https://www.amazon.in/dp/B0B75MQJQR?th=1&psc=1&language=en_IN,"Skullcandy Riff 2 On Ear Wireless Headphones, 40mm Drivers, Advanced Features Through The App, Collapsible Design, 34Hr Playtime + Rapid Charge- Black",3997.0,16999.0,0.76,4.2,1709.0,"Electronics > Headphones, Earbuds & Accessories > Headphones > On-Ear",On-Ear
B0DS6DF61P,https://www.amazon.in/dp/B0DS6DF61P?th=1&psc=1&language=en_IN,"FLASHFOX Phone Kickstand, Phone Stand, Mobile Stand, Vertical and Horizontal Stand, Adjustable Angle, Compatible with iPhone & Any Other Cellphone (Pack of 1) Black",279.0,399.0,0.3,4.8,15.0,Electronics > Mobiles & Accessories > Mobile Accessories > Stands,Stands
B0CGRCT77W,https://www.amazon.in/dp/B0CGRCT77W?th=1&psc=1&language=en_IN,Blaupunkt Newly Launched BH41 Bluetooth Wireless Over Ear Headphones I Long Playtime I 40MM Drivers I Foldable I Flexible & Light Weight I Built in Mic I TurboVolt Fast Charging,1449.0,3499.0,0.59,4.0,1415.0,"Electronics > Headphones, Earbuds & Accessories > Headphones > Over-Ear",Over-Ear
B09D985JP8,https://www.amazon.in/dp/B09D985JP8?th=1&psc=1&language=en_IN,LOHAYA Remote for OnePlus Y Series HD Ready LED Smart Android TV [32 INC [32Y1] 43 INC [43Y1] | 1+ Android TV Remote with Netflix YouTube Prime Video [Non-Voice & NO PARING Needed] (2ND GEN NON VOICE),299.0,1999.0,0.85,3.5,411.0,"Electronics > Home Theater, TV & Video > Accessories > Remote Controls",Remote Controls
B00O1A9FT2,https://www.amazon.in/dp/B00O1A9FT2?th=1&psc=1&language=en_IN,"Jabra Evolve 20 Ms Stereo in Ear, Wired, Black, Pack of 1",4839.0,7156.0,0.32,3.9,707.0,"Electronics > Headphones, Earbuds & Accessories > Headphones > In-Ear",In-Ear
B07S9S86BF,https://www.amazon.in/dp/B07S9S86BF?th=1&psc=1&language=en_IN,Boat Bassheads 242 in Ear Wired Earphones with Mic(Active Black),499.0,1490.0,0.67,4.1,177149.0,"Electronics > Headphones, Earbuds & Accessories > Headphones > In-Ear",In-Ear
B06XR9PR5X,https://www.amazon.in/dp/B06XR9PR5X?th=1&psc=1&language=en_IN,"AmazonBasics HDMI Coupler,Black",139.0,600.0,0.77,4.3,22043.0,Computers & Accessories > Accessories & Peripherals > Adapters,Adapters
B0F8ZG8LSX,https://www.amazon.in/dp/B0F8ZG8LSX?th=1&psc=1&language=en_IN,ALERHA Compatible with Acer Tv Remote Original Model Suitable for I Series and H Series Smart Android 2K 4K 32 40 43 50 55 65 75 LED UHD FHD Television Non Voice Command Control,399.0,1999.0,0.8,4.5,43.0,"Electronics > Home Theater, TV & Video > Accessories > Remote Controls",Remote Controls
B0DKFSPL28,https://www.amazon.in/dp/B0DKFSPL28?th=1&psc=1&language=en_IN,"Boult Newly Launched Klarity 1 in Ear TWS Earbuds with 80Hrs Playtime, Liquid Metal Body, Dual Device Pairing, 4 Mics ENC, 45ms Low Latency, IPX5, 13mm Bass Drivers Ear Buds Bluetooth 5.4 (Black)",1299.0,3499.0,0.63,3.5,850.0,"Electronics > Headphones, Earbuds & Accessories > Headphones > In-Ear",In-Ear
B0CTMTYY1D,https://www.amazon.in/dp/B0CTMTYY1D?th=1&psc=1&language=en_IN,"JBL Tune 310 Wired in-Ear Type C Headphones, Hi-Res Audio with Digital-to-Analog Converter, 3-Button EQ Preset Remote with Microphone, Tangle-Free Flat Cable, Compatible with USB-C Devices (Black)",1299.0,1999.0,0.35,3.2,1066.0,"Electronics > Headphones, Earbuds & Accessories > Headphones > In-Ear",In-Ear
B0DWLG3BVN,https://www.amazon.in/dp/B0DWLG3BVN?th=1&psc=1&language=en_IN,Remote Control Compatible for VU LED Smart TV 4k Without Voice Command with Netflix & P-Video hot Keys (Please Match The Image with Your Old Remote)- Black.,410.0,999.0,0.59,3.9,1151.0,"Electronics > Home Theater, TV & Video > Accessories > Remote Controls",Remote Controls
B0CFYF21QZ,https://www.amazon.in/dp/B0CFYF21QZ?th=1&psc=1&language=en_IN,"Noise Aura Buds in-Ear Truly Wireless in Ear Earbuds with 60H of Playtime, Quad Mic with ENC, Dual Device Pairing, Instacharge(10 min=150 min),12mm Polymer Composite Driver,BT v5.3(Aura Black)",999.0,4499.0,0.78,4.0,2873.0,"Electronics > Headphones, Earbuds & Accessories > Headphones > In-Ear",In-Ear
B0C2F5KD26,https://www.amazon.in/dp/B0C2F5KD26?th=1&psc=1&language=en_IN,"Skullcandy Smokin Buds In-Ear Wireless Earbuds,ENC,Music, Movie &Podcast EQ Modes,20Hr+Rapid Charge,Capacitive Touch Controls,Use Either Bud Solo,Premium Audio Quality,work with Android and iOS- Black",2849.0,8199.0,0.65,3.6,12908.0,"Electronics > Headphones, Earbuds & Accessories > Headphones > In-Ear",In-Ear
B0DHDDF2LK,https://www.amazon.in/dp/B0DHDDF2LK?th=1&psc=1&language=en_IN,"boAt Aavante Bar Azure Pro, 550 W Sound, 5.1CH with Wireless Rear Satellite Speakers, EQ Modes, BTv5.4,Multiple Ports, Master Remote, Bluetooth Sound Bar, Home Theatre Soundbar Speaker (Premium Black)",12499.0,49990.0,0.75,4.0,4342.0,"Electronics > Home Theater, TV & Video > Home Theater Systems",Home Theater Systems
B0D63BFN29,https://www.amazon.in/dp/B0D63BFN29?th=1&psc=1&language=en_IN,DELLZO® Mini Smartphone IR Remote Controller Adapter Type C 5th Gen (2023) for Android Mobile Mini Infrared Universal Control All in One Air Conditioner/TV/DVD/STB(Not for i-Phone 15) (Type-C),799.0,2999.0,0.73,3.8,82.0,"Electronics > Home Theater, TV & Video > Accessories > Remote Controls",Remote Controls
B0F2FKCWCJ,https://www.amazon.in/dp/B0F2FKCWCJ?th=1&psc=1&language=en_IN,"EF ECOFLOW Portable Power Station RIVER 2 Max, 512Wh LiFePO4 Battery, 10 Year Life, 0% - 100% Charge in 60 mins, Power 11 Appliances at once, 230V - 50Hz India Voltage, For Outdoor Use & Home Backup",34988.0,49999.0,0.3,4.7,1600.0,Outdoor Living > Mowers & Outdoor Power Tools > Generators & Portable Power > Generators,Generators
B0CP92KKT4,https://www.amazon.in/dp/B0CP92KKT4?th=1&psc=1&language=en_IN,"Amazon Basics Earphone Carrying Case - Multi Purpose Pocket Storage with Carabiner Hook, Travel Organizer for Earphones, Pen Drives, Memory Card, Cable (Black)",229.0,499.0,0.54,4.5,1294.0,"Electronics > Headphones, Earbuds & Accessories > Cases",Cases
B0B5LCGM46,https://www.amazon.in/dp/B0B5LCGM46?th=1&psc=1&language=en_IN,"Splenssy iKF Wirelessly BT Mini Speaker Bone Conduction Portable Wireless 3 Watts Speaker Stereo Bass Sound Creative Portable Speaker Mini Size Music Player Built-in Mic Sound Box,Red",3525.0,16798.04651162791,0.4441860465116279,3.7,430.0,Electronics > Home Audio > Speakers > Bluetooth Speakers,Bluetooth Speakers
B0DH2CJRNM,https://www.amazon.in/dp/B0DH2CJRNM?th=1&psc=1&language=en_IN,"(Refurbished) realme Buds T310 Truly Wireless in-Ear Earbuds with 46dB Hybrid ANC, 360° Spatial Audio, 12.4mm Dynamic Bass Driver, Upto 40Hrs Battery and Fast Charging (Vibrant Black)",2618.412331406551,5360.055396825397,0.5959722222222222,3.7452631578947373,29798.275310834815,"Electronics > Headphones, Earbuds & Accessories > Headphones > In-Ear",In-Ear
B0D3DH8TSC,https://www.amazon.in/dp/B0D3DH8TSC?th=1&psc=1&language=en_IN,"boAt Airdopes 300, Cinematic Spatial Audio, 50HRS Battery, 4Mic AI ENx, Fast Charge, App Support, Low Latency, IPX4, v5.3 Bluetooth Earbuds, TWS Ear Buds Wireless Earphones with mic (Gunmetal Black)",1498.0,6490.0,0.77,4.0,4759.0,"Electronics > Headphones, Earbuds & Accessories > Headphones > In-Ear",In-Ear
B0CX94G62T,https://www.amazon.in/dp/B0CX94G62T?th=1&psc=1&language=en_IN,"JBL Clip 5, Wireless Ultra Portable Bluetooth Speaker, Pro Sound, 12hrs of Playtime, Integrated Carabiner, Vibrant Colors with Rugged Fabric Design, Dust & Waterproof, Type C (Without Mic, Black)",4499.0,6499.0,0.31,4.4,3769.0,Electronics > Home Audio > Speakers > Bluetooth Speakers,Bluetooth Speakers
B0DT9T945X,https://www.amazon.in/dp/B0DT9T945X?th=1&psc=1&language=en_IN,"Boult X Mustang Newly Launched Q Over Ear Bluetooth Headphones with 70H Playtime, 40mm Bass Drivers, Zen™ ENC Mic, Type-C Fast Charging, 4 EQ Modes, Bluetooth 5.4, AUX Option, IPX5 Wireless Headphones",2499.0,6999.0,0.64,4.1,2736.0,"Electronics > Headphones, Earbuds & Accessories > Headphones > Over-Ear",Over-Ear
B0CFCQVZS6,https://www.amazon.in/dp/B0CFCQVZS6?th=1&psc=1&language=en_IN,"Skullcandy Dime 3 in Ear Wireless Earbuds,Multipoint Pairing, 20 Hr Battery, Microphone, Works with iPhone Android and Bluetooth Devices - Black",2899.0,9999.0,0.71,3.2,5122.0,"Electronics > Headphones, Earbuds & Accessories > Headphones > In-Ear",In-Ear
B08DZX69CY,https://www.amazon.in/dp/B08DZX69CY?th=1&psc=1&language=en_IN,Yamaha SR-C20A Compact Sound Bar with Built-in Subwoofer and Bluetooth,16493.0,21990.0,0.25,4.3,1658.0,Electronics > Home Audio > Speakers > Soundbar Speakers,Soundbar Speakers
B0D7MNX9Y5,https://www.amazon.in/dp/B0D7MNX9Y5?th=1&psc=1&language=en_IN,Apple EarPods with Lightning Connector,1549.0,2000.0,0.23,4.1,3700.0,"Electronics > Headphones, Earbuds & Accessories > Headphones > In-Ear",In-Ear
B09NR6G588,https://www.amazon.in/dp/B09NR6G588?th=1&psc=1&language=en_IN,"Boult Audio ZCharge Bluetooth Earphones with 40H Playtime, Dual Pairing Neckband, Zen™ ENC Mic, Type-C Fast Charging (10Mins=15Hrs), Biggest 14.2mm Bass Driver IPX5 Premium Silicone Neck Band (Black)",799.0,4999.0,0.84,3.7,29861.0,"Electronics > Headphones, Earbuds & Accessories > Headphones > In-Ear",In-Ear
B00S0ABFI8,https://www.amazon.in/dp/B00S0ABFI8?th=1&psc=1&language=en_IN,"BlueRigger HDMI Cable Extension Male to Female HDMI Extender Cord 4K Compatible for TV Stick, Chromecast, Nintendo Switch Wii U, Xbox One 360, PS4 PS3, Blu Ray Player, HDTV, Laptop PC (1.5 FT)",499.0,699.0,0.29,4.4,2290.0,"Electronics > Home Theater, TV & Video > Accessories > Cables > HDMI Cables",HDMI Cables
B0DGTTRGHK,https://www.amazon.in/dp/B0DGTTRGHK?th=1&psc=1&language=en_IN,"boAt Airdopes 141 Pro Buds, 13mm Drivers, Metallic Finish, 60HRS Battery, 4Mics ENx, Fast Charge, IPX5, v5.3 Bluetooth Earbuds, TWS Ear Buds Wireless Earphones with mic (Martian Green)",799.0,4990.0,0.84,3.4,152.0,"Electronics > Headphones, Earbuds & Accessories > Headphones > In-Ear",In-Ear
B0C6556FWD,https://www.amazon.in/dp/B0C6556FWD?th=1&psc=1&language=en_IN,CarlinKit 2024 New Upgrade CarlinKit 5.0 2Air Adapter，Bring Wireless CarPlay/Android Auto，Plug-and-Play ，Senseless connectivity,5050.0,10000.0,0.5,4.0,324.0,Electronics > Car & Vehicle Electronics > Car & Vehicle Electronics Accessories > Audio & Video Accessories > Input Adapters,Input Adapters
B08T5LZ89F,https://www.amazon.in/dp/B08T5LZ89F?th=1&psc=1&language=en_IN,"Sony Car Subwoofer XS-AW8 20 cm (8 inch) Active Under Seat Sub Woofer (Black), Peak Power - 160W, RMS Power - 75W, Rated Power - 75W, Ultra-Sleek, Shallow subwoofer, High-Level Input/Audio-line Input",17989.0,22990.0,0.22,4.2,1250.0,Electronics > Car & Vehicle Electronics > Car Electronics > Car Audio > Car Speakers > Enclosed Subwoofer Systems,Enclosed Subwoofer Systems
B0CZ4GQCFF,https://www.amazon.in/dp/B0CZ4GQCFF?th=1&psc=1&language=en_IN,Airtel DTH Remote Original Compatible (Come with 2 AAA Batteries),495.39864864864865,1239.0067567567567,0.5502027027027028,4.1,526.0,"Electronics > Home Theater, TV & Video > Accessories > Remote Controls",Remote Controls
B0D3DH8TSC,https://www.amazon.in/dp/B0D3DH8TSC?th=1&psc=1&language=en_IN,"boAt Airdopes 300, Cinematic Spatial Audio, 50HRS Battery, 4Mic AI ENx, Fast Charge, App Support, Low Latency, IPX4, v5.3 Bluetooth Earbuds, TWS Ear Buds Wireless Earphones with mic (Gunmetal Black)",1498.0,6490.0,0.77,4.0,4759.0,"Electronics > Headphones, Earbuds & Accessories > Headphones > In-Ear",In-Ear
B0C4LZG6FX,https://www.amazon.in/dp/B0C4LZG6FX?th=1&psc=1&language=en_IN,Spigen Ultra Hybrid case Cover for Nothing Earbuds 2 [Carabiner Included][Shock Proof] - Jet White,1499.0,1999.0,0.25,4.1,367.0,"Electronics > Headphones, Earbuds & Accessories > Cases",Cases
B0D6QVVVW3,https://www.amazon.in/dp/B0D6QVVVW3?th=1&psc=1&language=en_IN,amazon basics TWS in-Ear Earbuds (S94) with Fast Charging up to 40 Hours of Playtime | Dual 10mm Driver | IPX4 Water-Resistance | Bluetooth 5.3 | Touch Control (Blue),2618.412331406551,5360.055396825397,0.5959722222222222,3.5,533.0,"Electronics > Headphones, Earbuds & Accessories > Headphones > In-Ear",In-Ear
B0DZCRYG7R,https://www.amazon.in/dp/B0DZCRYG7R?th=1&psc=1&language=en_IN,"realme Buds T200 Lite Bluetooth in Ear Earbuds,4 Mic, AI ENC for Calls,48 Hours Total Playback with Fast Charging and Low Latency Gaming TWS,Google Fast Pair, with mic (Volt Black)",1299.0,1999.0,0.35,4.0,26385.0,"Electronics > Headphones, Earbuds & Accessories > Headphones > In-Ear",In-Ear
B097135K33,https://www.amazon.in/dp/B097135K33?th=1&psc=1&language=en_IN,"SOUND FIRE SF-1300 1300W 12"" (300mm) Double Magnet Subwoofer",2655.0,4299.0,0.38,4.0,132.0,Electronics > Home Audio > Speakers > Subwoofers,Subwoofers
B0DYP14BYL,https://www.amazon.in/dp/B0DYP14BYL?th=1&psc=1&language=en_IN,XREAL One AR Glasses Connect to Any Device with USB-C Video Output,24260.0,37377.4,0.356,3.5,188.6,Video Games > Online Game Services,Online Game Services
B0BLNMXT67,https://www.amazon.in/dp/B0BLNMXT67?th=1&psc=1&language=en_IN,"amazon basics 5W Bluetooth 5.3 Speaker, Upto 36 Hrs Playtime, True Wireless Technology, Built in Mic, Multiple Connectivity Modes (Black)",619.0,1499.0,0.59,4.0,2314.0,Electronics > Home Audio > Speakers > Bluetooth Speakers,Bluetooth Speakers
B08RJHPMBJ,https://www.amazon.in/dp/B08RJHPMBJ?th=1&psc=1&language=en_IN,7SEVEN® Dish TV Remote Control Compatible with All Dish TV SD/HD DTH with Recording Set Top Box,259.0,399.0,0.35,3.6,2616.0,"Electronics > Home Theater, TV & Video > Accessories > Remote Controls",Remote Controls
B07M6Q9H2M,https://www.amazon.in/dp/B07M6Q9H2M?th=1&psc=1&language=en_IN,Electronic Spices 1.2 inch HI-FI woofer Speaker 4 ohm 2w Home Audio Mini Speaker,94.0,190.0,0.51,3.1,13.0,Industrial & Scientific > Robotics > Robotic Kits & Accessories,Robotic Kits & Accessories
B0DPQTRP2M,https://www.amazon.in/dp/B0DPQTRP2M?th=1&psc=1&language=en_IN,"Portronics Vayu 5.0 Rechargeable Tyre Inflator with Fast Inflation, Preset Modes, Digital Display, Flashlight Torch, Auto Shut-Off, Air Pump Compressor for Car & Bike (Black)",1999.0,5999.0,0.67,4.4,127.0,Car & Motorbike > Car Tyres & Rims > Accessories > Portable Air Compressors,Portable Air Compressors
B0DR8MDSNG,https://www.amazon.in/dp/B0DR8MDSNG?th=1&psc=1&language=en_IN,"iBELL FM720BT Portable Pocket FM Radio with Bluetooth Speaker, USB/SD MP3 Player, Rechargeable with Type C Port, 2 Band (Black)",2820.6296296296296,3565.259259259259,0.2881481481481482,4.1,388.0,Electronics > Portable Media Players > Radios > AM/FM Radios,AM/FM Radios
B0DRK7X4CS,https://www.amazon.in/dp/B0DRK7X4CS?th=1&psc=1&language=en_IN,"Sounce Headphone Case for Boat Rockerz 450, 480, 480 w/RGB, 450 Pro, 425, 410, 370, ZEBRONICS Thunder, Sony WH-CH520, MDR-ZX310AP, JBL Tune 510BT Hard EVA Shell Travel Pouch (Black)",249.0,999.0,0.75,4.3,209.0,"Electronics > Headphones, Earbuds & Accessories > Cases",Cases
B08XY1MLT2,https://www.amazon.in/dp/B08XY1MLT2?th=1&psc=1&language=en_IN,"Boat Rockerz 450 Pro Bluetooth Wireless On Ear Headphones with Mic with 70 Hours Battery, 40Mm Drivers, Bluetooth V5.0 Padded Ear Cushions, Easy Access Controls and Voice Assistant(Hazel Beige)",1699.0,3990.0,0.57,4.0,19612.0,"Electronics > Headphones, Earbuds & Accessories > Headphones > On-Ear",On-Ear
B00ANI3LAK,https://www.amazon.in/dp/B00ANI3LAK?th=1&psc=1&language=en_IN,JBL GTO609C Premium 6.5-Inch Component Wired Speaker System - Set of 2 - Black,8677.0,14790.0,0.41,4.2,3556.0,Electronics > Car & Vehicle Electronics > Car Electronics > Car Audio > Car Speakers > Speaker Sets,Speaker Sets
B0D3R1LVR3,https://www.amazon.in/dp/B0D3R1LVR3?th=1&psc=1&language=en_IN,"Boult Audio W20 Truly Wireless in Ear Earbuds with 40H Playtime, Zen™ ENC Mic, 45ms Low Latency, 13mm Bass Drivers, Type-C Fast Charging, Made in India, Touch Controls, IPX5 ear buds TWS (Space Black)",799.0,2499.0,0.68,3.9,9158.0,"Electronics > Headphones, Earbuds & Accessories > Headphones > In-Ear",In-Ear
B0CWXRTBSZ,https://www.amazon.in/dp/B0CWXRTBSZ?th=1&psc=1&language=en_IN,"Portronics Dash 7 Omnidirectional Type C Wireless Microphone, Noise Cancellation, Plug & Play, Lapel Wireless Mic for Video Recording, Supports Type C Android, iPhone, Camera(Black)",779.0,1999.0,0.61,3.6,1940.0,Musical Instruments > Microphones > Wireless,Wireless
B0DPWJYQK1,https://www.amazon.in/dp/B0DPWJYQK1?th=1&psc=1&language=en_IN,"boAt Airdopes 111v2, Premium Leather Finish, 4Mics ENx, 50HRS Battery, 13mm Drivers, Fast Charge, Dual Pair, v5.4 Bluetooth TWS in Ear Earbuds Wireless Earphones with mic (Classic Black)",1099.0,4990.0,0.78,3.9,9483.0,"Electronics > Headphones, Earbuds & Accessories > Headphones > In-Ear",In-Ear
B0C94C4JG9,https://www.amazon.in/dp/B0C94C4JG9?th=1&psc=1&language=en_IN,"JBL Boombox 3 Wi-Fi, Wireless Portable Bluetooth Speaker, 24H Playtime, Deepest Bass, Built-in Powerbank, Wi-Fi with AirPlay, Alexa Multi-Room, Chromecast Built-in, PartyBoost, IP67, App (Black)",39999.0,59999.0,0.33,4.1,56.0,Electronics > Home Audio > Speakers > Bluetooth Speakers,Bluetooth Speakers
B0D1KZHBXB,https://www.amazon.in/dp/B0D1KZHBXB?th=1&psc=1&language=en_IN,"Meyaar Compatible for AirPods Pro 2nd Generation Case Cover with Keychain, Soft Silicone Skin Case Cover Full Protective (Only Silicone Cover) (Bat-Man)",242.0,799.0,0.7,3.9,1041.0,"Electronics > Headphones, Earbuds & Accessories > Cases",Cases
B0DDQ6FB8T,https://www.amazon.in/dp/B0DDQ6FB8T?th=1&psc=1&language=en_IN,"CD Player with Bluetooth, USB, AUX, FM Radio, 5-in-1 Multifunction CD Music Player for Home, with Timer, Dust Cover, LCD Display, Remote Control, Audio Player Boombox in Pink",7499.0,9000.0,0.17,5.0,2.0,Electronics > Home Audio > Receivers & Separates > CD Players,CD Players
B0CYQ7Q3CN,https://www.amazon.in/dp/B0CYQ7Q3CN?th=1&psc=1&language=en_IN,"Robustt Heavy Duty TV Wall Mount Bracket for 14 to 42 inch LED/HD/Smart TV’s, Swivel Rotatable Universal TV Wall Mount Stand - Pack of 1",599.0,899.0,0.33,3.6,187.0,"Electronics > Home Theater, TV & Video > Accessories > TV Mounts, Stands & Turntables > TV Wall & Ceiling Mounts",TV Wall & Ceiling Mounts
B08T5LZ89F,https://www.amazon.in/dp/B08T5LZ89F?th=1&psc=1&language=en_IN,"Sony Car Subwoofer XS-AW8 20 cm (8 inch) Active Under Seat Sub Woofer (Black), Peak Power - 160W, RMS Power - 75W, Rated Power - 75W, Ultra-Sleek, Shallow subwoofer, High-Level Input/Audio-line Input",17989.0,22990.0,0.22,4.2,1250.0,Electronics > Car & Vehicle Electronics > Car Electronics > Car Audio > Car Speakers > Enclosed Subwoofer Systems,Enclosed Subwoofer Systems
B08VGQ159Z,https://www.amazon.in/dp/B08VGQ159Z?th=1&psc=1&language=en_IN,"ZEBRONICS Zeb Evolve Wireless Bluetooth in Ear Neckband Earphone, Rapid Charge, Dual Pairing, Magnetic earpiece,Voice Assistant with Mic (Gray)",499.0,1499.0,0.67,3.6,6361.0,"Electronics > Headphones, Earbuds & Accessories > Headphones > In-Ear",In-Ear
B0CNQ4MDZY,https://www.amazon.in/dp/B0CNQ4MDZY?th=1&psc=1&language=en_IN,MetaShot Smart Bat (with TV Connector),5999.0,7999.0,0.25,4.6,878.0,Toys & Games > Electronic Toys,Electronic Toys
B098K3H92Z,https://www.amazon.in/dp/B098K3H92Z?th=1&psc=1&language=en_IN,"TP-Link USB Bluetooth Adapter for PC, 5.3 Bluetooth Dongle Receiver (UB500) Supports Windows 11/10/8.1/7 for Desktop, Laptop, Mouse, Keyboard, Printers, Headsets, Speakers, PS4/ Xbox Controllers.",599.0,899.0,0.33,4.2,139479.0,Computers & Accessories > Networking Devices > Network Adapters > Bluetooth Adapters,Bluetooth Adapters
B088FKCD4J,https://www.amazon.in/dp/B088FKCD4J?th=1&psc=1&language=en_IN,"boAt Airdopes 131/138 with 60 Hrs Playback, ASAP Charge Truly Wireless Bluetooth in Ear Earbuds with Mic (Active Black)",699.0,2990.0,0.77,3.5,1061.0,"Electronics > Headphones, Earbuds & Accessories > Headphones > In-Ear",In-Ear
B0DZ2DKMW9,https://www.amazon.in/dp/B0DZ2DKMW9?th=1&psc=1&language=en_IN,"GenXenon AI Smart Glasses with Real-Time Translation, Wireless Bluetooth 5.3, Smart Simultaneous Interpretation for 110+ Languages, Open-Ear Design, Clear Blue Light Glasses for Woman Travel,Work",8472.0,12472.0,0.32,4.4,6.0,"Office Products > Office Electronics > Electronic Dictionaries, Thesauri & Translators","Electronic Dictionaries, Thesauri & Translators"
B09QL3NQHX,https://www.amazon.in/dp/B09QL3NQHX?th=1&psc=1&language=en_IN,"Boat Rockerz 425 Bluetooth Wireless Over Ear Headphones with Mic and Boat Signature Sound, Beast Mode for Gaming, Enx Tech, ASAP Charge, 25H Playtime, Bluetooth V5.2 (Active Black)",1199.0,2999.0,0.6,3.6,3984.0,"Electronics > Headphones, Earbuds & Accessories > Headphones > On-Ear",On-Ear
B0DNFPSF15,https://www.amazon.in/dp/B0DNFPSF15?th=1&psc=1&language=en_IN,"Diamond Android SystemTouchCar Screen10.1In Car Stereo Android System for Car Wireless Android Auto Car Play,4GB/64GB,4th GenCar Display Screen Android System for Car|GPS,Bluetooth,WiFi,FM,AHD Camera",8999.0,33000.0,0.73,3.6,55.0,Electronics > Car & Vehicle Electronics > Car Electronics > Car Audio > Car Stereos,Car Stereos
B00G9RCYAW,https://www.amazon.in/dp/B00G9RCYAW?th=1&psc=1&language=en_IN,"Sony Car Amplifier XM-N502 500W 2 Channel / 1 Channel Amplifier (Black), Rated Power: 4ohm - 65W x 2, 4ohmBTL - 175W x 1, 2ohm - 85W x 2, Automatic Thermal Control, Low Pass Filter for bass",5990.0,7990.0,0.25,4.2,433.0,Electronics > Car & Vehicle Electronics > Car Electronics > Car Audio > Car Amplifiers > Stereo Amplifiers,Stereo Amplifiers
B0DDRTB2D7,https://www.amazon.in/dp/B0DDRTB2D7?th=1&psc=1&language=en_IN,"Motorola Moto Buds With Hi-Res Audio, Large 12.4Mm Driver, 42 Hrs Playback & Ipx4 Rating Bluetooth Headset (Kiwi Green, True Wireless)",2618.412331406551,5360.055396825397,0.5959722222222222,4.3,6.0,"Electronics > Headphones, Earbuds & Accessories > Headphones > In-Ear",In-Ear
B073JQXC1J,https://www.amazon.in/dp/B073JQXC1J?th=1&psc=1&language=en_IN,"Sony MDR-EX155AP Wired in-Ear Headphones with Tangle Free Cable, 3.5mm Jack, Headset with Mic for Phone Calls and 1 Year Warranty - (Black)",999.0,1290.0,0.23,4.0,7891.0,"Electronics > Headphones, Earbuds & Accessories > Headphones > In-Ear",In-Ear
B07DRP4N1P,https://www.amazon.in/dp/B07DRP4N1P?th=1&psc=1&language=en_IN,Denon AVR-X250BT 5.1 Ch. 4K Ultra HD AV Receiver with Bluetooth (Black),27000.0,52900.0,0.49,4.1,328.0,"Electronics > Home Theater, TV & Video > AV Receivers & Amplifiers",AV Receivers & Amplifiers
B0C3GTMX5M,https://www.amazon.in/dp/B0C3GTMX5M?th=1&psc=1&language=en_IN,"UGREEN 20000mAh 100W Power Bank, Nexode Portable Charger USB C 3-Port PD Fast Charging Battery Pack Digital Display for McBook, Tab, ifone 16, Galax S24 Ultra, Steaam Deck, Della XPS and More",8999.0,9999.0,0.1,4.6,2971.0,Electronics > Mobiles & Accessories > Mobile Accessories > Chargers > Power Banks,Power Banks
B0CD44YX65,https://www.amazon.in/dp/B0CD44YX65?th=1&psc=1&language=en_IN,"Portronics Dash 2 Wireless Bluetooth Karaoke Mic with 10W Speaker,Upto 10 Hour Playtime, Dynamic RGB Lights, Music Recording, Duet Singing, Mini Karaoke Machine for Car Travel, Fast Charging",2999.0,4999.0,0.4,4.2,1021.0,Musical Instruments > Microphones > Wireless,Wireless
B0DVPZTPMD,https://www.amazon.in/dp/B0DVPZTPMD?th=1&psc=1&language=en_IN,"Punzone Turbo Gold Power & Electricity Saver – 15kW Energy Optimization Device with 3D Hologram, Original Tested Power Strip for Efficient Energy Use in Homes and Offices (Pack of 1)",284.0,1599.0,0.82,3.7,104.0,Home Improvement > Electrical > Power Strips,Power Strips
B0DFMFX3S5,https://www.amazon.in/dp/B0DFMFX3S5?th=1&psc=1&language=en_IN,"Boult K10 Truly Wireless Bluetooth In Ear Earbuds with 50H Playtime, 4 Mic Clear Calling, 45ms Low Latency, 10mm Drivers, Touch Controls, Type-C Fast Charging, IPX5, TWS Ear buds Wireless (Pure Black)",999.0,2499.0,0.6,4.0,4426.0,"Electronics > Headphones, Earbuds & Accessories > Headphones > In-Ear",In-Ear
B09RH8SRX2,https://www.amazon.in/dp/B09RH8SRX2?th=1&psc=1&language=en_IN,"Portronics Power Plate 7 with 6 USB Port + 8 Power Sockets Smart Electric Universal Extension Board Multi Plug with 2500W, 3Mtr Cord Length, 2.1A USB Output(Black), 250 Volts",849.0,1999.0,0.58,4.2,28172.0,Home Improvement > Electrical > Power Strips,Power Strips
B0F54JRWDL,https://www.amazon.in/dp/B0F54JRWDL?th=1&psc=1&language=en_IN,BLACKSHEEP Remote for Godrej 1.5 Ton Inverter Split Window AC Remote Replacement for Original Godrej Eon AC Remote 259-(Exactly Same Remote Will Only Work),,,,,,Office Products > Office Electronics > Accessories > Presentation Remotes,Presentation Remotes
B08XY1MLT2,https://www.amazon.in/dp/B08XY1MLT2?th=1&psc=1&language=en_IN,"Boat Rockerz 450 Pro Bluetooth Wireless On Ear Headphones with Mic with 70 Hours Battery, 40Mm Drivers, Bluetooth V5.0 Padded Ear Cushions, Easy Access Controls and Voice Assistant(Hazel Beige)",1699.0,3990.0,0.57,4.0,19612.0,"Electronics > Headphones, Earbuds & Accessories > Headphones > On-Ear",On-Ear
B0CJNXWVWT,https://www.amazon.in/dp/B0CJNXWVWT?th=1&psc=1&language=en_IN,"NVME M2 Enclosure, PiBOX India NVMe SSD Enclosure - USB 3.2 10Gbps, Tool-Free M.2 NVMe Case, PCI-E NVMe Reader, USB-C, Supports M & B&M Keys, 2230/2242/2260/2280 SSDs, REALTEK RTL9210 Chipset",999.0,1999.0,0.5,4.3,1780.0,Computers & Accessories > Accessories & Peripherals > Hard Drive Accessories > Enclosures,Enclosures
B0BTYW9XBV,https://www.amazon.in/dp/B0BTYW9XBV?th=1&psc=1&language=en_IN,7SEVEN® Compatible with Hisense Tv Remote Original ERF3T920H Model Suitable for Led UHD HD Hisense Television Remote Control,389.0,899.0,0.57,3.2,159.0,"Electronics > Home Theater, TV & Video > Accessories > Remote Controls",Remote Controls
B00ANI3LAK,https://www.amazon.in/dp/B00ANI3LAK?th=1&psc=1&language=en_IN,JBL GTO609C Premium 6.5-Inch Component Wired Speaker System - Set of 2 - Black,8677.0,14790.0,0.41,4.2,3556.0,Electronics > Car & Vehicle Electronics > Car Electronics > Car Audio > Car Speakers > Speaker Sets,Speaker Sets
B0961X3R2H,https://www.amazon.in/dp/B0961X3R2H?th=1&psc=1&language=en_IN,"Sony HT-S40R Real 5.1ch Dolby Audio Soundbar for TV with Subwoofer & Wireless Rear Speakers, 5.1ch Home Theatre System (600W, Bluetooth & USB Connectivity, HDMI & Optical Connectivity, Sound Mode)",24990.0,34990.0,0.29,4.6,7837.0,"Electronics > Home Theater, TV & Video > Home Theater Systems",Home Theater Systems
B0C11J5YZH,https://www.amazon.in/dp/B0C11J5YZH?th=1&psc=1&language=en_IN,SOUND FIRE SF-0010 (Black) Bluetooth/USB/SD/AUX/FM/MP3 Car Stereo,796.0,1999.0,0.6,4.0,61.0,Electronics > Car & Vehicle Electronics > Car Electronics > Car Audio > Car Stereos,Car Stereos
B07RMRYF5C,https://www.amazon.in/dp/B07RMRYF5C?th=1&psc=1&language=en_IN,"JBL A352Hi 6 1/2"" (16.5Cm) 350W Coaxial Speakers with Polypeopylene Woofers Cones and Pei Balanced Dome Tweeters Ideal for Factory Speaker Upgrades. Frame Design Fits Most Factory Openings., Black",2499.0,4300.0,0.42,3.9,767.0,Electronics > Car & Vehicle Electronics > Car Electronics > Car Audio > Car Speakers > Speaker Sets,Speaker Sets
B08FB396L1,https://www.amazon.in/dp/B08FB396L1?th=1&psc=1&language=en_IN,"JBL Go 3, Wireless Ultra Portable Bluetooth Speaker, Pro Sound, Vibrant Colors with Rugged Fabric Design, Waterproof, Type C (Without Mic, Blue)",2799.0,3999.0,0.3,4.4,18182.0,Electronics > Home Audio > Speakers > Bluetooth Speakers,Bluetooth Speakers
B0DLN3TNJ7,https://www.amazon.in/dp/B0DLN3TNJ7?th=1&psc=1&language=en_IN,"Upix USB Mi Trimmer Charging Cable 1 Meter (3.2 Feet), Compatible for Mi Trimmer, Shavers, Body Groomers - Black (Please match Cable Port before Ordering) (Works with 5V USB Adapter Only)",236.0,799.0,0.7,3.8,68.0,Computers & Accessories > Accessories & Peripherals > Cables & Accessories > Cables > USB Cables,USB Cables
B0DK979YJ7,https://www.amazon.in/dp/B0DK979YJ7?th=1&psc=1&language=en_IN,"Noise Master Buds, Sound by Bose in-Ear Bluetooth Earbuds, Up to 49dB Adaptive ANC, LHDC 5.0, Immersive Spatial Audio, 44H Playtime with 6 mic ENC, Dual Pairing, IPX5 Ear Buds TWS (Onyx)",7999.0,5360.055396825397,0.5959722222222222,3.8,660.0,"Electronics > Headphones, Earbuds & Accessories > Headphones > In-Ear",In-Ear
B0CMPFGHLW,https://www.amazon.in/dp/B0CMPFGHLW?th=1&psc=1&language=en_IN,"Earphone for Samsung Galaxy Note 8.0 Universal Wired Earphones with 3.5mm Jack Hi-Fi Gaming Sound Music Stereo Sound Noise Cancelling Original High Sound Quality Earphone - (White, SSH-135, YR)",2618.412331406551,5360.055396825397,0.5959722222222222,2.3,4.0,"Electronics > Headphones, Earbuds & Accessories > Headphones > In-Ear",In-Ear
B08SM7SS1H,https://www.amazon.in/dp/B08SM7SS1H?th=1&psc=1&language=en_IN,"Zebronics Zeb-Smart Bot 5W Wi-Fi Smart Speaker with Ir Blaster, Alexa Built-in, Works with iOS and Android Smartphones (Black)",2017.0,5999.0,0.66,3.4,271.0,Electronics > Home Audio > Media Streaming Devices > Smart Speakers,Smart Speakers
B0BLNMXT67,https://www.amazon.in/dp/B0BLNMXT67?th=1&psc=1&language=en_IN,"amazon basics 5W Bluetooth 5.3 Speaker, Upto 36 Hrs Playtime, True Wireless Technology, Built in Mic, Multiple Connectivity Modes (Black)",619.0,1499.0,0.59,4.0,2314.0,Electronics > Home Audio > Speakers > Bluetooth Speakers,Bluetooth Speakers
B0DGTVWCC4,https://www.amazon.in/dp/B0DGTVWCC4?th=1&psc=1&language=en_IN,"boAt Rockerz 430, 40mm Drivers, Beast Mode (40ms Latency), 40hrs Playback, ENx Tech, Voice Assistant, BTv5.4, Adaptive Fit & Easy Access Controls, Bluetooth Over Ear Headphones(Bold Blue)",1199.0,2490.0,0.52,3.2,1098.0,"Electronics > Headphones, Earbuds & Accessories > Headphones > Over-Ear",Over-Ear
B0DNFPSF15,https://www.amazon.in/dp/B0DNFPSF15?th=1&psc=1&language=en_IN,"Diamond Android SystemTouchCar Screen10.1In Car Stereo Android System for Car Wireless Android Auto Car Play,4GB/64GB,4th GenCar Display Screen Android System for Car|GPS,Bluetooth,WiFi,FM,AHD Camera",8999.0,33000.0,0.73,3.6,55.0,Electronics > Car & Vehicle Electronics > Car Electronics > Car Audio > Car Stereos,Car Stereos
B08B4RN9LP,https://www.amazon.in/dp/B08B4RN9LP?th=1&psc=1&language=en_IN,"GODOX LC500R RGB LED Light Stick Lighting,2500K-8500K Full Color, 14 Lighting Effects, with Barndoor & Carry Bag (Remote Not Included)",14541.0,17900.0,0.19,4.2,385.0,Electronics > Cameras & Photography > Accessories > Photo Studio & Lighting > Lighting > Continuous Output Lighting,Continuous Output Lighting
B088FKCD4J,https://www.amazon.in/dp/B088FKCD4J?th=1&psc=1&language=en_IN,"boAt Airdopes 131/138 with 60 Hrs Playback, ASAP Charge Truly Wireless Bluetooth in Ear Earbuds with Mic (Active Black)",699.0,2990.0,0.77,3.5,1061.0,"Electronics > Headphones, Earbuds & Accessories > Headphones > In-Ear",In-Ear
B092MSTVNM,https://www.amazon.in/dp/B092MSTVNM?th=1&psc=1&language=en_IN,"Concept Kart KZ ZSN Pro X in Ear Monitor Earphones Hybrid Dynamic Driver Balanced Armature IEM Earbuds with Dual Driver 1DD 1BA Deep Bass Stereo Sound IEM Earphones, Black",2137.0,3999.0,0.47,4.1,933.0,"Electronics > Headphones, Earbuds & Accessories > Headphones > In-Ear",In-Ear
B0CYQ6TJN8,https://www.amazon.in/dp/B0CYQ6TJN8?th=1&psc=1&language=en_IN,Robustt TV Wall Mount 26 to 63 Inches - Pack of 1 | Heavy Duty TV Wall Stand | Flat Panel TV Wall Mount | Universal Fixed Stand,299.0,499.0,0.4,3.8,1230.0,"Electronics > Home Theater, TV & Video > Accessories > TV Mounts, Stands & Turntables > TV Wall & Ceiling Mounts",TV Wall & Ceiling Mounts
B0DPDBKFB1,https://www.amazon.in/dp/B0DPDBKFB1?th=1&psc=1&language=en_IN,CAMFIRE 9 Inch Car Stereo Android 14 Touch Screen Music System Player Navigation Bluetooth Auto Android/Car Play Ram 4GB/ 32GB ROM Plug and Play,5224.0,35999.0,0.85,4.4,57.0,Electronics > Car & Vehicle Electronics > Car Electronics > Car Audio > Car Stereos,Car Stereos
B00ANI3LAK,https://www.amazon.in/dp/B00ANI3LAK?th=1&psc=1&language=en_IN,JBL GTO609C Premium 6.5-Inch Component Wired Speaker System - Set of 2 - Black,8677.0,14790.0,0.41,4.2,3556.0,Electronics > Car & Vehicle Electronics > Car Electronics > Car Audio > Car Speakers > Speaker Sets,Speaker Sets
B0F23BGRVS,https://www.amazon.in/dp/B0F23BGRVS?th=1&psc=1&language=en_IN,"EDYELL A1 Motorcycle Bluetooth On Ear Headsets, Smart LED Display Helmet Bluetooth with FM Radio, HD Calling and HiFi Music, IP67 Waterproof Helmet Headset, Compatible with All Helmets (A1 Black)",2374.0,4999.0,0.53,4.1,34.0,Electronics > Car & Vehicle Electronics > Car & Vehicle Electronics Accessories > Audio & Video Accessories > Motorcycle Bluetooth Headsets,Motorcycle Bluetooth Headsets
B0D7HZ3KK9,https://www.amazon.in/dp/B0D7HZ3KK9?th=1&psc=1&language=en_IN,"OnePlus Nord Buds 3 Pro Truly Wireless Bluetooth in Ear Earbuds with Upto 49Db Active Noise Cancellation,12.4Mm Dynamic Drivers,10Mins for 11Hrs Fast Charging with Upto 44Hrs Music Playback[Black]",2699.0,3699.0,0.27,4.1,4860.0,"Electronics > Headphones, Earbuds & Accessories > Headphones > In-Ear",In-Ear
B0C1PC9Y9D,https://www.amazon.in/dp/B0C1PC9Y9D?th=1&psc=1&language=en_IN,Fastrack Fpods FZ100 TWS in-Ear Earbuds with Mega 50 Hrs Playtime|Extra Deep Bass Driver|Quad Mic ENC for Clear Calls|Ultra Low 40ms Latency Gaming Mode|NitroFast Charge-200 Min in 10 Min-Black,1178.0,4995.0,0.76,3.6,3481.0,"Electronics > Headphones, Earbuds & Accessories > Headphones > In-Ear",In-Ear
B0C2F5KD26,https://www.amazon.in/dp/B0C2F5KD26?th=1&psc=1&language=en_IN,"Skullcandy Smokin Buds In-Ear Wireless Earbuds,ENC,Music, Movie &Podcast EQ Modes,20Hr+Rapid Charge,Capacitive Touch Controls,Use Either Bud Solo,Premium Audio Quality,work with Android and iOS- Black",2849.0,8199.0,0.65,3.6,12908.0,"Electronics > Headphones, Earbuds & Accessories > Headphones > In-Ear",In-Ear
B0F2MWMMC4,https://www.amazon.in/dp/B0F2MWMMC4?th=1&psc=1&language=en_IN,Original Air Conditioner Remote Compatible for Panasonic AC Remote Control [AC-29].,365.0,999.0,0.63,4.2,219.0,"Electronics > Home Theater, TV & Video > Accessories > Remote Controls",Remote Controls
B0F2ZWSK4D,https://www.amazon.in/dp/B0F2ZWSK4D?th=1&psc=1&language=en_IN,"Oblivion VR Headsets for Mobile 1 Pc – 3D Virtual Reality Headset, Compatible with All Smartphones, Immersive Goggles for Movies, Videos & Games, Adjustable Lenses for Comfortable Viewing Experience",299.0,385.0,0.22,2.5142857142857147,2048.25,Electronics > Mobiles & Accessories > Mobile Accessories > Virtual Reality (VR) Headsets,Virtual Reality (VR) Headsets
B097JPDQR8,https://www.amazon.in/dp/B097JPDQR8?th=1&psc=1&language=en_IN,"ZEBRONICS Zeb-Thunder PRO On-Ear Wireless Headphone Up to 60 Hours Playback, Wired Mode, USB-C Type Charging(Black)",799.0,1899.0,0.58,3.7,3666.0,"Electronics > Headphones, Earbuds & Accessories > Headphones > On-Ear",On-Ear
B0D6VGNBT1,https://www.amazon.in/dp/B0D6VGNBT1?th=1&psc=1&language=en_IN,"boAt Airdopes 280 ANC, Active Noise Cancellation(~32dB), 60Hrs Battery, 13mm Drivers, 4Mics ENx, Fast Charge, IPX5, v5.3 Bluetooth Earbuds, TWS Ear Buds Wireless Earphones with mic (Active Black)",1099.0,6990.0,0.84,3.5,2553.0,"Electronics > Headphones, Earbuds & Accessories > Headphones > In-Ear",In-Ear
B017HSSHS4,https://www.amazon.in/dp/B017HSSHS4?th=1&psc=1&language=en_IN,"Sony Car Speaker XS-FB162E 16 cm (6.5 inch) 2-Way Coaxial Speakers (Black), Peak Power - 260W, RMS POWER - 45W, RATED POWER - 40W",2499.0,3290.0,0.24,4.1,3119.0,Electronics > Car & Vehicle Electronics > Car Electronics > Car Audio > Car Speakers > Coaxial Speakers,Coaxial Speakers
B0DR8MDSNG,https://www.amazon.in/dp/B0DR8MDSNG?th=1&psc=1&language=en_IN,"iBELL FM720BT Portable Pocket FM Radio with Bluetooth Speaker, USB/SD MP3 Player, Rechargeable with Type C Port, 2 Band (Black)",857.0,1899.0,0.55,4.1,388.0,Electronics > Portable Media Players > Radios > AM/FM Radios,AM/FM Radios
B0CZS82R4F,https://www.amazon.in/dp/B0CZS82R4F?th=1&psc=1&language=en_IN,AC Remote Control AC-210A Compatible with Godrej AC [for Verification Whatsapp 9873464098 Your Old AC Remote Photo],495.39864864864865,1239.0067567567567,0.5502027027027028,4.2,7.0,"Electronics > Home Theater, TV & Video > Accessories > Remote Controls",Remote Controls
B0DMFG8LLS,https://www.amazon.in/dp/B0DMFG8LLS?th=1&psc=1&language=en_IN,"Nu Republic Cyberstud X8 TWS Wireless Earbuds - Up to 56Hrs Playtime, 40ms Ultra Low Latency, ENC Mics, 13mm Neodymium Drivers, XBass Technology, Dual Mode for Gaming & Music, Bluetooth 5.3 (Silver)",899.0,2999.0,0.7,3.7,36.0,"Electronics > Headphones, Earbuds & Accessories > Headphones > In-Ear",In-Ear
B0CZRS76JR,https://www.amazon.in/dp/B0CZRS76JR?th=1&psc=1&language=en_IN,"PHILIPS Audio TAH4209BK/00 Bluetooth Headphones,Lightweight and Foldable Design, 32mm Neodynamic Drivers, 55H Playtime, USB Type-C Fast Charging, Built-in Mic for Smartphone, Laptop, Tablet (Black)",2920.0,4999.0,0.42,4.1,294.0,"Electronics > Headphones, Earbuds & Accessories > Headphones > Over-Ear",Over-Ear
B0BQN3NW8C,https://www.amazon.in/dp/B0BQN3NW8C?th=1&psc=1&language=en_IN,"Boult Audio Z40 True Wireless in Ear Earbuds with 60H Playtime, Zen™ ENC Mic, Low Latency Gaming, Type-C Fast Charging, Made in India, 10mm Rich Bass Drivers, IPX5, Bluetooth 5.3 Ear Buds TWS (White)",999.0,4999.0,0.8,3.8,34546.0,"Electronics > Headphones, Earbuds & Accessories > Headphones > In-Ear",In-Ear
B0776TH1RJ,https://www.amazon.in/dp/B0776TH1RJ?th=1&psc=1&language=en_IN,SOUND FIRE NEXGeneration Android 2Din 7'' Inch Ultra HD Capacitive Polegadas Touch Screen GPS Navigation AM/FM Radio Audio Receiver Support Mirrorlink/WiFi/Bluetooth/1080P video (2GB/32GB) Car Stereo (Double Din),4199.0,22999.0,0.82,4.0,218.0,Electronics > Car & Vehicle Electronics > Car Electronics > Car Audio > Car Stereos,Car Stereos
B07NT2FQDC,https://www.amazon.in/dp/B07NT2FQDC?th=1&psc=1&language=en_IN,Jbl Gt-X1500Thi 1500W Wired Subwoofer - Black,12084.0,13240.0,0.09,4.3,268.0,Electronics > Car & Vehicle Electronics > Car Electronics > Car Audio > Car Speakers > Enclosed Subwoofer Systems,Enclosed Subwoofer Systems
B0F5MZVLGD,https://www.amazon.in/dp/B0F5MZVLGD?th=1&psc=1&language=en_IN,Lloyd ac Remote Original 1.5 ton Compatible Non WiFi Remote (Come with 2 AAA Batteries),599.0,699.0,0.14,3.8,503.0,"Electronics > Home Theater, TV & Video > Accessories > Remote Controls",Remote Controls
B0DNFPSF15,https://www.amazon.in/dp/B0DNFPSF15?th=1&psc=1&language=en_IN,"Diamond Android SystemTouchCar Screen10.1In Car Stereo Android System for Car Wireless Android Auto Car Play,4GB/64GB,4th GenCar Display Screen Android System for Car|GPS,Bluetooth,WiFi,FM,AHD Camera",8999.0,33000.0,0.73,3.6,55.0,Electronics > Car & Vehicle Electronics > Car Electronics > Car Audio > Car Stereos,Car Stereos
B0CD48PSMJ,https://www.amazon.in/dp/B0CD48PSMJ?th=1&psc=1&language=en_IN,"ZEBRONICS Jukebar 1000 - Dolby Atmos Soundbar with Subwoofer, 200W, LED Display, Bluetooth V5.3, HDMI (eARC), Optical in, USB, AUX, Wall Mountable",7499.0,22999.0,0.67,4.0,10976.0,Electronics > Home Audio > Speakers > Soundbar Speakers,Soundbar Speakers
B0CTMVFL59,https://www.amazon.in/dp/B0CTMVFL59?th=1&psc=1&language=en_IN,"JBL Tune 310 Wired in-Ear Type C Headphones, Hi-Res Audio with Digital-to-Analog Converter, 3-Button EQ Preset Remote with Microphone, Tangle-Free Flat Cable, Compatible with USB-C Devices (Blue)",1299.0,1999.0,0.35,3.1,649.0,"Electronics > Headphones, Earbuds & Accessories > Headphones > In-Ear",In-Ear
B0CD1FHLMH,https://www.amazon.in/dp/B0CD1FHLMH?th=1&psc=1&language=en_IN,"soundcore by Anker H30i Wireless On-Ear Headphones, Foldable Design, Pure Bass, 70H Playtime, Bluetooth 5.3, Lightweight and Comfortable, App Connectivity, Multipoint Connection (Black)",1899.0,3999.0,0.53,4.1,6186.0,"Electronics > Headphones, Earbuds & Accessories > Headphones > On-Ear",On-Ear
B0DCNWN8NZ,https://www.amazon.in/dp/B0DCNWN8NZ?th=1&psc=1&language=en_IN,Apple EarPods (USB-C),1649.0,2000.0,0.18,4.2,3230.0,"Electronics > Headphones, Earbuds & Accessories > Headphones > In-Ear",In-Ear
B0B1SJ7YSK,https://www.amazon.in/dp/B0B1SJ7YSK?th=1&psc=1&language=en_IN,"JBL Live Pro 2 Premium in Ear Wireless TWS Earbuds, ANC Earbuds, 40Hr Playtime, Dual Connect, Customized Bass with Headphones App, 6 Mics for Clear Calls, Wireless Charging, Alexa Built-in (Black)",7999.0,16999.0,0.53,4.0,4950.0,"Electronics > Headphones, Earbuds & Accessories > Headphones > In-Ear",In-Ear
B0863TXGM3,https://www.amazon.in/dp/B0863TXGM3?th=1&psc=1&language=en_IN,"Sony WH-1000XM4 Noise Cancellation Wireless Bluetooth Over-Ear Headphones with Mic, Hi-Res Audio, Up to 38Hrs Battery- Black",22990.0,29990.0,0.23,4.5,55907.0,"Electronics > Headphones, Earbuds & Accessories > Headphones > Over-Ear",Over-Ear
B07XY2MFZC,https://www.amazon.in/dp/B07XY2MFZC?th=1&psc=1&language=en_IN,"Portronics Auto 10 Car Bluetooth Receiver with Hands-Free Calling & Music, 3D Surround Sound, 30W Type-C PD, 18W USB Fast Charging, Bluetooth-FM for Wireless Car Stereo Audio (Black)",699.0,1499.0,0.53,4.1,17435.0,Electronics > Car & Vehicle Electronics > Car & Vehicle Electronics Accessories > Audio & Video Accessories > FM Transmitters,FM Transmitters
B0C6KF5KX7,https://www.amazon.in/dp/B0C6KF5KX7?th=1&psc=1&language=en_IN,"Vantro 200W Car Power Inverter/Laptop Charger with 3 USB (6.2A Max) & 1 C Type(1*27WPD) Smart USB Ports, 2 AC Universal Outlets and 12V DC to 220V AC with QC3.0 Model P2",2499.0,5999.0,0.58,4.4,6649.0,Electronics > Car & Vehicle Electronics > Car & Vehicle Electronics Accessories > Audio & Video Accessories > Power Inverters,Power Inverters
B0DGTT5733,https://www.amazon.in/dp/B0DGTT5733?th=1&psc=1&language=en_IN,"boAt New Launch Rockerz 551 ANC Pro, 42dB Hybrid Adaptive ANC, App Support, 72Hrs Battery, 40mm Titanium Drivers,ENx Tech,Foldable Cups Bluetooth Over Ear Headphones with Mic (Cosmic Black)",3499.0,8990.0,0.61,3.8,133.0,"Electronics > Headphones, Earbuds & Accessories > Headphones > Over-Ear",Over-Ear
B00MFNJHO0,https://www.amazon.in/dp/B00MFNJHO0?th=1&psc=1&language=en_IN,"Philips DL167/94 Portable/Hand Carry Radio with MW/SW/FM Bands, Telescopic Aerial, 2xR20 Battery & Optional 3V DC Power, 4? Speaker Impedance, Tuning & Band Selection, Portable Radio Receiver",1159.0,1399.0,0.17,3.6,9347.0,Electronics > Portable Media Players > Radios > AM/FM Radios,AM/FM Radios
B0DGY4T4T8,https://www.amazon.in/dp/B0DGY4T4T8?th=1&psc=1&language=en_IN,OAKTER Smart Glasses with Wireless Bluetooth | Hands-Free Calling | Open Ear Music | Sport Headset | Intelligent Eyewear | Connect with Your Mobile/Tablet | Black,2499.0,3999.0,0.38,4.2,181.0,Clothing & Accessories > Men > Sunglasses & Spectacle Frames > Sunglasses,Sunglasses
B09JKNF147,https://www.amazon.in/dp/B09JKNF147?th=1&psc=1&language=en_IN,Electvision Remote Control Compatible with Kodak/Thomson/Blaupunkt Smart led tv (Without Voice),495.39864864864865,1239.0067567567567,0.5502027027027028,3.5,1857.0,"Electronics > Home Theater, TV & Video > Accessories > Remote Controls",Remote Controls
B015OW3M1W,https://www.amazon.in/dp/B015OW3M1W?th=1&psc=1&language=en_IN,"AmazonBasics 6-Feet DisplayPort (not USB port) to HDMI Cable, Black",699.0,1700.0,0.59,4.1,39899.0,"Electronics > Home Theater, TV & Video > Accessories > Cables > HDMI Cables",HDMI Cables
B08R7KS317,https://www.amazon.in/dp/B08R7KS317?th=1&psc=1&language=en_IN,ANM Remote Compatible for HAIER AC (Please Match Your existing Remote with The Given Image Before Placing Your Order),438.0,999.0,0.56,4.0,209.0,"Electronics > Home Theater, TV & Video > Accessories > Remote Controls",Remote Controls
B0DXFPM4N2,https://www.amazon.in/dp/B0DXFPM4N2?th=1&psc=1&language=en_IN,"Audio Array AM-S1 BT Professional 4"" Studio Monitor Speaker Pair | 60W Class D Amplification, Woven Composite Woofer, 1"" Silk-Dome Tweeter, EQ Controls | Music/Monitor Mode, Aux, HDMI, USB C, TRS, RCA",8499.0,12999.0,0.35,4.2,31.0,Musical Instruments > Recording & Computer > Studio Monitors,Studio Monitors
B0DRS2CXBG,https://www.amazon.in/dp/B0DRS2CXBG?th=1&psc=1&language=en_IN,"amazon basics X12 16W Bluetooth Soundbar with 1200 mAh Battery | 2X Bass | Up to 10 hrs of Playback | Bluetooth 5.3, Aux & USB Connectivity (Black)",682.0,1999.0,0.66,3.7,600.0,Electronics > Home Audio > Speakers > Soundbar Speakers,Soundbar Speakers
B0BQN3NW8C,https://www.amazon.in/dp/B0BQN3NW8C?th=1&psc=1&language=en_IN,"Boult Audio Z40 True Wireless in Ear Earbuds with 60H Playtime, Zen™ ENC Mic, Low Latency Gaming, Type-C Fast Charging, Made in India, 10mm Rich Bass Drivers, IPX5, Bluetooth 5.3 Ear Buds TWS (White)",999.0,4999.0,0.8,3.8,34546.0,"Electronics > Headphones, Earbuds & Accessories > Headphones > In-Ear",In-Ear
B09JKNF147,https://www.amazon.in/dp/B09JKNF147?th=1&psc=1&language=en_IN,Electvision Remote Control Compatible with Kodak/Thomson/Blaupunkt Smart led tv (Without Voice),495.39864864864865,1239.0067567567567,0.5502027027027028,3.5,1857.0,"Electronics > Home Theater, TV & Video > Accessories > Remote Controls",Remote Controls
B08NT8DHCQ,https://www.amazon.in/dp/B08NT8DHCQ?th=1&psc=1&language=en_IN,"Ceptics Canada to India Converter Plug, World (USA, UK, China & More) Australia to India Plug Converter - Type D USA India Adapter - CE - RoHS - (White) - 2 Pack",488.0,999.0,0.51,4.2,20200.0,Electronics > Power Accessories > International Power Adapters,International Power Adapters
B083X24CFF,https://www.amazon.in/dp/B083X24CFF?th=1&psc=1&language=en_IN,"JBL Quantum 100 Wired Over Ear Gaming Headphones with Mic, 40mm Realistic Dynamic Drivers, Detachable Boom Mic, 1kHz Sensitivity, Memory Foam Cushioning, PC/Mobile/PS/Xbox/Nintendo/VR Compatible-Black",1899.0,3999.0,0.53,3.9,15639.0,Computers & Accessories > Accessories & Peripherals > PC Gaming Peripherals > Headsets,Headsets
B07CD2BN46,https://www.amazon.in/dp/B07CD2BN46?th=1&psc=1&language=en_IN,"Xiaomi Wired in-Ear Earphones with Mic, Ultra Deep Bass & Metal Sound Chamber (Black)",429.0,599.0,0.28,4.1,107380.0,"Electronics > Headphones, Earbuds & Accessories > Headphones > In-Ear",In-Ear
B0F4N3T2PH,https://www.amazon.in/dp/B0F4N3T2PH?th=1&psc=1&language=en_IN,"ZEBRONICS SILENCIO 111, Wireless Headphone, Hybrid ANC (50dB), 55*Hrs Backup, Transparency Mode, 40mm Titanium Drivers, 3 EQ Modes, ENC, Gaming Mode, Dual Pairing, Rapid Charge, Bluetooth v5.4 (Black)",2999.0,8999.0,0.67,4.2,14.0,"Electronics > Headphones, Earbuds & Accessories > Headphones > Over-Ear",Over-Ear
B0DFWQ1F7P,https://www.amazon.in/dp/B0DFWQ1F7P?th=1&psc=1&language=en_IN,"Lifelong AI Auto Face Tracking Tripod | 360° Rotation Mobile Stand for Video Recording | Rechargeable Phone Holder Camera Stand for Shooting | No App Needed | Gimbal with Light, Remote & Gesture Ctrl",2449.0,7999.0,0.69,4.2,24.0,Electronics > Mobiles & Accessories > Mobile Accessories > Photo & Video Accessories > Tripods,Tripods
B0CFCQVZS6,https://www.amazon.in/dp/B0CFCQVZS6?th=1&psc=1&language=en_IN,"Skullcandy Dime 3 in Ear Wireless Earbuds,Multipoint Pairing, 20 Hr Battery, Microphone, Works with iPhone Android and Bluetooth Devices - Black",2899.0,9999.0,0.71,3.2,5123.0,"Electronics > Headphones, Earbuds & Accessories > Headphones > In-Ear",In-Ear
B08YN8GZGQ,https://www.amazon.in/dp/B08YN8GZGQ?th=1&psc=1&language=en_IN,Gramophone Player Original Gramophone Record Player Working with Hand Key Without Eelecricity,4999.0,9999.0,0.5,3.8,10.0,Electronics > Portable Media Players > Boomboxes,Boomboxes
B0DHH96NBB,https://www.amazon.in/dp/B0DHH96NBB?th=1&psc=1&language=en_IN,"Noise Newly Launched Air Buds Pro 6 in-Ear Truly Wireless Earbuds with Hybrid ANC (up to 49dB), LHDC with 12.4mm Titanium Driver, 50H of Playtime, Google Fast Pair, BT v5.3(Slate Black)",2999.0,3999.0,0.25,4.0,2873.0,"Electronics > Headphones, Earbuds & Accessories > Headphones > In-Ear",In-Ear
B0C3VYT6Q6,https://www.amazon.in/dp/B0C3VYT6Q6?th=1&psc=1&language=en_IN,"JBL Charge 5 Wi-Fi, Wireless Portable Bluetooth Speaker, Original Pro Sound, 20 Hours Playtime, Deep Bass, Built-in Powerbank, Wi-Fi with AirPlay, IP67 Water & Dustproof, One App (Black)",16999.0,26999.0,0.37,4.5,636.0,Electronics > Home Audio > Speakers > Bluetooth Speakers,Bluetooth Speakers
B094RD2SM9,https://www.amazon.in/dp/B094RD2SM9?th=1&psc=1&language=en_IN,"Mivi Play Bluetooth Speakers Wireless with 12 Hours Playtime. Wireless Speaker Made in India with Exceptional Sound Quality, Portable and Built in Mic-Blue",699.0,1999.0,0.65,4.1,4866.0,Electronics > Home Audio > Speakers > Bluetooth Speakers,Bluetooth Speakers
B0F2GQ8YVL,https://www.amazon.in/dp/B0F2GQ8YVL?th=1&psc=1&language=en_IN,"Mivi Superbars Cinematic Premium Dolby Home Theatre System [Flagship Launch] with Dual Wireless Subwoofers soundbar, 900W, 5.2 Channel, EQ & Input Modes, BT v5.3, Sound bar for TV",19999.0,74999.0,0.73,3.9,140.0,Electronics > Home Audio > Speakers > Soundbar Speakers,Soundbar Speakers
B0D8C6M4H8,https://www.amazon.in/dp/B0D8C6M4H8?th=1&psc=1&language=en_IN,"pTron Tangent Duo In Ear Wireless Headphones with Mic, 13mm Driver, Bluetooth V5.2, Dual Device Pairing, Fast Charging Type-C Wireless Neckband, Voice Assistant & IPX4 Water Resistant(Jet Black/Green)",399.0,1899.0,0.79,3.7,824.0,"Electronics > Headphones, Earbuds & Accessories > Headphones > In-Ear",In-Ear
B0BLLH74WV,https://www.amazon.in/dp/B0BLLH74WV?th=1&psc=1&language=en_IN,Original-Galaxy Wired Earphones for All Samsung Smartphones with Mic | Pure Bass Sound | One Button Multi-Functional Remote | Comfort fit | 6 Months Warranty (White),320.0,899.0,0.64,4.0,908.0,"Electronics > Headphones, Earbuds & Accessories > Headphones > In-Ear",In-Ear
B0B12Q8K2X,https://www.amazon.in/dp/B0B12Q8K2X?th=1&psc=1&language=en_IN,"boAt Stone 135 Portable Wireless Speaker with 5W RMS Immersive Sound,IPX4 Water Resistance, True Wireless Feature, Up to 11H Total Playtime, Multi-Connectivity Modes With Type C Charging(Active Black)",899.0,1990.0,0.55,4.0,3303.0,Electronics > Home Audio > Speakers > Bluetooth Speakers,Bluetooth Speakers
B0DNZ8RMMT,https://www.amazon.in/dp/B0DNZ8RMMT?th=1&psc=1&language=en_IN,"boAt New Launch PartyPal 600 Party Speaker, 220W Signature Sound, Dynamic Pixels, Animated Text Display, App Support, UHF Wireless Microphone, Colorful LEDs,7hrs Battery & Guitar Input(Premium Black)",19999.0,44990.0,0.56,4.2,57.0,Electronics > Home Audio > Speakers > Bluetooth Speakers,Bluetooth Speakers
B0CLXX5SZG,https://www.amazon.in/dp/B0CLXX5SZG?th=1&psc=1&language=en_IN,"Pioneer Ts-A942Fh 4 Way Oval Speaker 650W,Black",5000.0,6590.0,0.24,3.2,27.0,Electronics > Car & Vehicle Electronics > Car Electronics > Car Audio > Car Speakers > Coaxial Speakers,Coaxial Speakers
B0D4XZXLL7,https://www.amazon.in/dp/B0D4XZXLL7?th=1&psc=1&language=en_IN,GIGABYTE Geforce RTX 3050 Windforce pci_e Oc 6G 6Gb Gddr6 Graphics Card Gv-N3050Wf2Oc-6Gd,17530.0,59500.0,0.71,4.5,227.0,Computers & Accessories > Components > Graphics Cards,Graphics Cards
B0B4G44RFS,https://www.amazon.in/dp/B0B4G44RFS?th=1&psc=1&language=en_IN,"Zebronics Zeb-Storm Wired Headphone with 3.5mm Jack, Built in Microphone for Calling, 1.5 Meter Cable, Soft Ear Cushion, Adjustable Headband, Foldable Ear Cups and Lightweight Design (Black)",449.0,799.0,0.44,3.7,2368.0,"Electronics > Headphones, Earbuds & Accessories > Headphones > On-Ear",On-Ear
B073JQXC1J,https://www.amazon.in/dp/B073JQXC1J?th=1&psc=1&language=en_IN,"Sony MDR-EX155AP Wired in-Ear Headphones with Tangle Free Cable, 3.5mm Jack, Headset with Mic for Phone Calls and 1 Year Warranty - (Black)",999.0,1290.0,0.23,4.0,7891.0,"Electronics > Headphones, Earbuds & Accessories > Headphones > In-Ear",In-Ear
B0DTTXZ3NR,https://www.amazon.in/dp/B0DTTXZ3NR?th=1&psc=1&language=en_IN,"FABTEC 10 Inch 250w RMS Woofer with 1000w Peak Power & 4 Layer Copper Coil for Cars, Home Theatre, Bass Audio Systems & DIY Projects (1.5"" Voice Coil | 120x25 MM Magnet | 4 Ohm)",1199.0,1999.0,0.4,3.4,17.0,Car & Motorbike > Car Accessories,Car Accessories
B0CYSM7VP4,https://www.amazon.in/dp/B0CYSM7VP4?th=1&psc=1&language=en_IN,Striff 2 in 1 Bluetooth 5.0 Transmitter Receiver | 3.5mm Stereo Audio Adapter with Mic | Portable Design | Driverless Plug and Play | Easy Slide Switch Mode | 10m Range,239.0,999.0,0.76,3.8,564.0,Electronics > Car & Vehicle Electronics > Car & Vehicle Electronics Accessories > Audio & Video Accessories > Bluetooth Kits,Bluetooth Kits
B0CP3J6NKP,https://www.amazon.in/dp/B0CP3J6NKP?th=1&psc=1&language=en_IN,boAt Immortal 131 in Ear Earbuds(White Sabre),2618.412331406551,5360.055396825397,0.5959722222222222,4.5,122.0,"Electronics > Headphones, Earbuds & Accessories > Headphones > In-Ear",In-Ear
B078497FWZ,https://www.amazon.in/dp/B078497FWZ?th=1&psc=1&language=en_IN,"Saregama Carvaan Tamil - Portable Music Player with 5000 Preloaded Songs, FM/BT/AUX (Porcelain White)",6990.0,7190.0,0.03,4.1,734.0,Electronics > Portable Media Players > Radios,Radios
B0CXL4FQBK,https://www.amazon.in/dp/B0CXL4FQBK?th=1&psc=1&language=en_IN,"SONY ULT Field 1 with Massive Bass,12hrs Playtime,Hands Free Calling (with MIC),IP67(Waterproof,Dustproof,Rustproof),Sound Connect App,Wireless Bluetooth Speaker-Black",8990.0,16990.0,0.47,4.4,1272.0,Electronics > Home Audio > Speakers > Bluetooth Speakers,Bluetooth Speakers
B014UTBZIM,https://www.amazon.in/dp/B014UTBZIM?th=1&psc=1&language=en_IN,"ZEBRONICS BT4440RUCF 60W 4.1 Channel Multimedia Speakers With Supporting SD Card, USB, AUX, FM & LED Display",2999.0,4299.0,0.3,3.8,14004.0,Electronics > Home Audio > Speakers > Multimedia Speaker Systems,Multimedia Speaker Systems
B0D8FR899D,https://www.amazon.in/dp/B0D8FR899D?th=1&psc=1&language=en_IN,EDNITA Earphone Pouch Case Cover Carrying Storage Case for Headphone |Headset | Pen Drives | SD Cards & All Mobile Accessories - Black - Pack of - 2,108.0,899.0,0.88,4.1,178.0,"Electronics > Headphones, Earbuds & Accessories > Cases",Cases
B0DZ797449,https://www.amazon.in/dp/B0DZ797449?th=1&psc=1&language=en_IN,"Ubon SP-47 Hi Bass Portable Bluetooth v5.3 Speaker 10W Wireless v5.3 Audio Box with Control Buttons, RGB Lights, Black and Gold",899.0,1999.0,0.55,4.098,7215.486301369863,Electronics > Home Audio > Speakers > Bluetooth Speakers,Bluetooth Speakers
B0B75MQJQR,https://www.amazon.in/dp/B0B75MQJQR?th=1&psc=1&language=en_IN,"Skullcandy Riff 2 On Ear Wireless Headphones, 40mm Drivers, Advanced Features Through The App, Collapsible Design, 34Hr Playtime + Rapid Charge- Black",3997.0,16999.0,0.76,4.2,1709.0,"Electronics > Headphones, Earbuds & Accessories > Headphones > On-Ear",On-Ear
B0DGG3X54H,https://www.amazon.in/dp/B0DGG3X54H?th=1&psc=1&language=en_IN,Airtel Xstream Only Box | Android TV Box | 1 Month Hindi Entertainment HD Pack | Free Installation | No Dish Antenna,2661.0,4999.0,0.47,2.8,13.0,Electronics > Home Audio > Media Streaming Devices > Streaming Clients,Streaming Clients
B0DQQ2VX26,https://www.amazon.in/dp/B0DQQ2VX26?th=1&psc=1&language=en_IN,"boAt Stone Ignite w/ 90 W RMS Sound, RGB LEDs, EQ Modes, IPX6,BT v5.3,Multi- Compatibility– Aux&USB, Playback time Up to 5 Hours & Type C Charging (Jade Black)",5999.0,21990.0,0.73,4.1,49.0,Electronics > Home Audio > Speakers > Bluetooth Speakers,Bluetooth Speakers
B0D3DH8TSC,https://www.amazon.in/dp/B0D3DH8TSC?th=1&psc=1&language=en_IN,"boAt Airdopes 300, Cinematic Spatial Audio, 50HRS Battery, 4Mic AI ENx, Fast Charge, App Support, Low Latency, IPX4, v5.3 Bluetooth Earbuds, TWS Ear Buds Wireless Earphones with mic (Gunmetal Black)",1498.0,6490.0,0.77,4.0,4759.0,"Electronics > Headphones, Earbuds & Accessories > Headphones > In-Ear",In-Ear
B0DBLL8C86,https://www.amazon.in/dp/B0DBLL8C86?th=1&psc=1&language=en_IN,SpinBot BattleBudz C20 Wired in Ear Type C Gaming Earphones with LED Light |10mm Drivers| in-line Media Controls| Carry Case,2618.412331406551,5360.055396825397,0.5959722222222222,2.5,119.0,"Electronics > Headphones, Earbuds & Accessories > Headphones > In-Ear",In-Ear
B0CMTXW7JP,https://www.amazon.in/dp/B0CMTXW7JP?th=1&psc=1&language=en_IN,"Noise Airwave Bluetooth in Ear Neckband with 50H of Playtime, 3 EQ Modes, ENC for Calling, Low Latency(Upto 50ms), 10mm Driver, BT v5.3(Ice Blue)",999.0,2499.0,0.6,3.8,18108.0,"Electronics > Headphones, Earbuds & Accessories > Headphones > In-Ear",In-Ear
B0961X3R2H,https://www.amazon.in/dp/B0961X3R2H?th=1&psc=1&language=en_IN,"Sony HT-S40R Real 5.1ch Dolby Audio Soundbar for TV with Subwoofer & Wireless Rear Speakers, 5.1ch Home Theatre System (600W, Bluetooth & USB Connectivity, HDMI & Optical Connectivity, Sound Mode)",24990.0,34990.0,0.29,4.6,7837.0,"Electronics > Home Theater, TV & Video > Home Theater Systems",Home Theater Systems
B0BYZ26QGB,https://www.amazon.in/dp/B0BYZ26QGB?th=1&psc=1&language=en_IN,"Boat Stone 352 Bluetooth Speaker with 10W RMS Stereo Sound, IPX7 Water Resistance, TWS Feature, Up to 12H Total Playtime, Multi-Compatibility Modes and Type-C Charging(Raging Black)",1199.0,3490.0,0.66,4.0,12594.0,Electronics > Home Audio > Speakers > Bluetooth Speakers,Bluetooth Speakers
B0CFQQ9FDL,https://www.amazon.in/dp/B0CFQQ9FDL?th=1&psc=1&language=en_IN,"COROS PACE 3 Running GPS Unit, Lightweight and Comfort, 15 Days Battery Life, Dual-Frequency GPS, Heart Rate, Navigation, Sleep Track, Training Plan, Run, Bike, and Ski (Black Silicone)",26990.0,,,4.4,1815.0,"Sports, Fitness & Outdoors > Sports Gadgets > GPS Units > Running GPS Units",Running GPS Units
B008XT42JU,https://www.amazon.in/dp/B008XT42JU?th=1&psc=1&language=en_IN,"GM 3060 E-Book 4 + 1 Power Strip Red & White Color 250 Volts with Master Switch, Indicator, Safety Shutter & 4 International sockets, Extension Cord for Home Appliances",495.0,650.0,0.24,4.4,63462.0,Home Improvement > Electrical > Power Strips,Power Strips
B0CDPNTPJL,https://www.amazon.in/dp/B0CDPNTPJL?th=1&psc=1&language=en_IN,"boAt Immortal 181 in Ear TWS Gaming Earbuds with up to 40 hrs Playtime,Quad Mics with ENx Tech,Beast Mode with 40ms Latency,ASAP Charge,IPX4,IWP, RGB LED Lights, BTv5.3(White Sabre)",799.0,3499.0,0.77,3.6,62.0,"Electronics > Headphones, Earbuds & Accessories > Headphones > In-Ear",In-Ear
B0BMXMBSH9,https://www.amazon.in/dp/B0BMXMBSH9?th=1&psc=1&language=en_IN,MZ M412SP (Portable Bluetooth Speaker) Dynamic Thunder Sound with High Bass 5 W Bluetooth Speaker 1200mAh Battery,11266.564285714287,16798.04651162791,0.4441860465116279,3.8,39.0,Electronics > Home Audio > Speakers > Bluetooth Speakers,Bluetooth Speakers
B0DY89QW1V,https://www.amazon.in/dp/B0DY89QW1V?th=1&psc=1&language=en_IN,"MVC ENTERPRISE HDMI TV 4K Wireless Adapter WiFi Display Dongle Mirror Miracast Receiver Compatible with Android, Mac iOS, Windows Support Miracast Airplay DLNA",899.0,1999.0,0.55,5.0,10.125,Electronics > Home Audio > Media Streaming Devices > Streaming Clients,Streaming Clients
B09Y8MV934,https://www.amazon.in/dp/B09Y8MV934?th=1&psc=1&language=en_IN,Blaupunkt BH31 Bluetooth Wireless Over Ear Headphones I 40MM Drivers I HD Sound I Soft PU Headband I Media & Volume Control with Built in Mic I TurboVolt Fast Charging I AUX Port (Black),1199.0,2999.0,0.6,4.0,1415.0,"Electronics > Headphones, Earbuds & Accessories > Headphones > Over-Ear",Over-Ear
B07X9XYWTH,https://www.amazon.in/dp/B07X9XYWTH?th=1&psc=1&language=en_IN,"TIMMKOO 72GB MP3 Player with Bluetooth, 4.0"" Full Touchscreen Mp4 Mp3 Player with Speaker, Portable HiFi Sound Mp3 Player with Bluetooth, Voice Recorder, E-Book, Supports up to 512GB TF Card (Blue)",5799.0,30099.0,0.81,3.8,9547.0,Electronics > Portable Media Players > MP3/MP4 Players,MP3/MP4 Players
B0DQ5BCGCF,https://www.amazon.in/dp/B0DQ5BCGCF?th=1&psc=1&language=en_IN,"Cason 32GB Voice Recorder Device with AI Noise Reduction & Mp3 Player with Earphones,Audio Recording Device/Voice Recorder Mic Upto 50 Hours for Meetings/Lectures(Black)",2799.0,4995.0,0.44,4.4,13.0,Office Products > Office Electronics > Voice Recorders,Voice Recorders
B07DRP4N1P,https://www.amazon.in/dp/B07DRP4N1P?th=1&psc=1&language=en_IN,Denon AVR-X250BT 5.1 Ch. 4K Ultra HD AV Receiver with Bluetooth (Black),27000.0,52900.0,0.49,4.1,328.0,"Electronics > Home Theater, TV & Video > AV Receivers & Amplifiers",AV Receivers & Amplifiers
B0CCL64F8F,https://www.amazon.in/dp/B0CCL64F8F?th=1&psc=1&language=en_IN,Hamaan Full HD Double Din Android 11 Car Stereo MP5 Multimedia Player with 2GB RAM/ 32GB ROM/WiFi/GPS/Bluetooth/USB/Steering Wheel Connectivity Supports iOS/Android (Universal 9 Inches),8497.0,17999.0,0.53,2.6,5.0,Electronics > Car & Vehicle Electronics > Car Electronics > Car Audio > Car Stereos,Car Stereos
B0CGM9DWPY,https://www.amazon.in/dp/B0CGM9DWPY?th=1&psc=1&language=en_IN,Oboe Silicone TV Remote Cover Compatible With Samsung Smart TV 2023 Model TM-2360 E - Protective Open Key Case With Lanyard (E-Black) [Remote NOT Included],664.0,1499.0,0.56,4.2,2047.0,"Electronics > Home Theater, TV & Video > Accessories > Remote Controls",Remote Controls
B0BZJTQ5YP,https://www.amazon.in/dp/B0BZJTQ5YP?th=1&psc=1&language=en_IN,"NVIDIA Jetson Orin Nano Super Developer Kit: Jetson Orin Nano 8GB Module & Carrier Board, USB, MIPI CSI, HDMI, Ethernet, Bluetooth, Linux, Single-Board Computer",77999.0,105000.0,0.26,4.1,95.0,Computers & Accessories > Components > Barebones,Barebones
B07CD2BN46,https://www.amazon.in/dp/B07CD2BN46?th=1&psc=1&language=en_IN,"Xiaomi Wired in-Ear Earphones with Mic, Ultra Deep Bass & Metal Sound Chamber (Black)",429.0,599.0,0.28,4.1,107380.0,"Electronics > Headphones, Earbuds & Accessories > Headphones > In-Ear",In-Ear
B0111M7SD2,https://www.amazon.in/dp/B0111M7SD2?th=1&psc=1&language=en_IN,HP Original Hs04 4-Cell Notebook Battery (N2L85Aa) for 250G4/Pavilion 14/15-Ac/Af/Ad/Aj0Xx,2599.0,3999.0,0.35,3.6,1781.0,Computers & Accessories > Accessories & Peripherals > Laptop Accessories > Laptop Batteries,Laptop Batteries
B0D44H2RG3,https://www.amazon.in/dp/B0D44H2RG3?th=1&psc=1&language=en_IN,"JBL New Launch Live Beam 3,Hi-Res Audio True ANC TWS,Smart Case with Touch Display,48H Playtime,Wireless Charging,6 Mic,Multipoint Connection,Ip55 Proof,in Ear Headphones App,Personi-Fi 3.0 (Black)",11999.0,24999.0,0.52,3.7,735.0,"Electronics > Headphones, Earbuds & Accessories > Headphones > In-Ear",In-Ear
B09ST2KNS2,https://www.amazon.in/dp/B09ST2KNS2?th=1&psc=1&language=en_IN,"Sounce Bluetooth Receiver/Hands-Free Car Kit, Portable 3.5mm Bluetooth Aux Adapter Wireless Music Streaming for Home, Car Audio System, Headphone, Speaker (Bluetooth 4.2, A2DP, 40 FT Range)",249.0,999.0,0.75,3.0,1713.0,Electronics > Car & Vehicle Electronics > Car & Vehicle Electronics Accessories > Audio & Video Accessories > Bluetooth Kits,Bluetooth Kits
B0DWT9XPLS,https://www.amazon.in/dp/B0DWT9XPLS?th=1&psc=1&language=en_IN,"JBL Tour One M3 Smart Tx - Wireless Over-Ear Noise Cancelling Headphones with Smart Transmitter, Hi-Res Audio (3.5mm or USB-C), Spatial 360 Sound with Head Tracking & 70Hrs of Playback (Blue)",8920.576086956522,12721.32558139535,0.493139534883721,4.4,6.0,"Electronics > Headphones, Earbuds & Accessories > Headphones > Over-Ear",Over-Ear
B073JQXC1J,https://www.amazon.in/dp/B073JQXC1J?th=1&psc=1&language=en_IN,"Sony MDR-EX155AP Wired in-Ear Headphones with Tangle Free Cable, 3.5mm Jack, Headset with Mic for Phone Calls and 1 Year Warranty - (Black)",999.0,1290.0,0.23,4.0,7891.0,"Electronics > Headphones, Earbuds & Accessories > Headphones > In-Ear",In-Ear
B0BKQTRCQV,https://www.amazon.in/dp/B0BKQTRCQV?th=1&psc=1&language=en_IN,"Concept Kart Kz Edx Pro Iem Earphone,Hifi Stereo Special Dual Magnetic Circuit Dynamic Driver Resin Inlay Metal Process In-Ear Monitors Earbuds With 5N Ofc 2Pin Detachable Cable(White,With Mic),Wired",1139.0,1999.0,0.43,3.8,1683.0,"Electronics > Headphones, Earbuds & Accessories > Headphones > In-Ear",In-Ear
B0D4VN3S8T,https://www.amazon.in/dp/B0D4VN3S8T?th=1&psc=1&language=en_IN,"boAt Nirvana Space, 360º Spatial Audio, Active Noise Cancellation (~32dB), 100Hrs Battery,4Mics ENx, Fast Charge, v5.3 Bluetooth Earbuds, TWS Ear Buds Wireless Earphones with mic (Cosmic Black)",2099.0,7999.0,0.74,4.0,4184.0,"Electronics > Headphones, Earbuds & Accessories > Headphones > In-Ear",In-Ear
B09LHXTXMX,https://www.amazon.in/dp/B09LHXTXMX?th=1&psc=1&language=en_IN,"Boat Rockerz 330 Pro in-Ear Bluetooth Neckband with 60HRS Playtime, ASAP Charge, ENx Tech, Signature Sound, BT v5.2, Dual Pairing, IPX5, with Mic (Active Black)",2618.412331406551,5360.055396825397,0.5959722222222222,4.0,14077.0,"Electronics > Headphones, Earbuds & Accessories > Headphones > In-Ear",In-Ear
B0DM5FV2MK,https://www.amazon.in/dp/B0DM5FV2MK?th=1&psc=1&language=en_IN,"Boult Newly Launched Retroamp Z40 with 40W Bluetooth Speaker with Dual Dynamic Drivers, 14Hrs Playtime, Rugged Leather Body, Type-C Charging, Karaoke Mic Input, BTv 5.3 Portable Speaker (Royal Gold)",1999.0,17999.0,0.89,3.1,463.0,Electronics > Home Audio > Speakers > Bluetooth Speakers,Bluetooth Speakers
B0CXQ2WJFP,https://www.amazon.in/dp/B0CXQ2WJFP?th=1&psc=1&language=en_IN,"NU REPUBLIC Sonicpop 50 with Upto 14 Hrs Playtime, RGB Led Lights, 5W Output, 50mm Dynamic Drivers, BT V5.3 Bluetooth Speaker",699.0,1999.0,0.65,4.2,128.0,Electronics > Home Audio > Speakers > Bluetooth Speakers,Bluetooth Speakers
B0CJDXRZJ3,https://www.amazon.in/dp/B0CJDXRZJ3?th=1&psc=1&language=en_IN,"Zevpoint 7.2 kW EV Charger | Carry Bag + Holder Clips + CEE Socket | 32A, Waterproof | 5m Cable, 3” Display | Adjustable Power | Auto Cut, Overload & Earthing Protection | 5-Yr Warranty | Dash",20999.0,39999.0,0.48,4.8,75.0,Car & Motorbike > Vehicle Tools > Garage & Workshop Equipment > Electric Vehicle Charging Equipment > Charging Stations,Charging Stations
B0BM3LTJMN,https://www.amazon.in/dp/B0BM3LTJMN?th=1&psc=1&language=en_IN,"Ambrane Wired in Ear Earphones with in-line Mic for Clear Calling, 14mm Dynamic Drivers for BoostedBass, 3.5mm Jack, Multi-Functional Controller (Stringz 38 Lite, Green)",179.0,449.0,0.6,3.8,5586.0,"Electronics > Headphones, Earbuds & Accessories > Headphones > In-Ear",In-Ear
B0BXGY76GX,https://www.amazon.in/dp/B0BXGY76GX?th=1&psc=1&language=en_IN,"HEAVY DRIVER® Phone Holster for Men Belt Clip Pouch, for iPhone 14 Plus, Pro Max, 13, 12, 11 and More, 6.8"" Nylon Cell Phone Holster Mobile Card Holder Case (XL, Black)",498.0,1999.0,0.75,4.1,507.0,Electronics > Mobiles & Accessories > Mobile Accessories > Cases & Covers > Holsters,Holsters
B0C6T54WWJ,https://www.amazon.in/dp/B0C6T54WWJ?th=1&psc=1&language=en_IN,"ZEBRONICS Omega 7.1 Home Theatre Speaker with 120W Output, Bluetooth v5.0, USB, AUX, FM Radio, Powerful Subwoofer, LED Display, Remote, Volume & Bass Control",2999.0,6499.0,0.54,3.8,14004.0,Electronics > Home Audio > Speakers > Multimedia Speaker Systems,Multimedia Speaker Systems
B07CD2BN46,https://www.amazon.in/dp/B07CD2BN46?th=1&psc=1&language=en_IN,"Xiaomi Wired in-Ear Earphones with Mic, Ultra Deep Bass & Metal Sound Chamber (Black)",429.0,599.0,0.28,4.1,107381.0,"Electronics > Headphones, Earbuds & Accessories > Headphones > In-Ear",In-Ear
B0CQ5CZ9M1,https://www.amazon.in/dp/B0CQ5CZ9M1?th=1&psc=1&language=en_IN,"Sleep by Saregama Carvaan - Portable White Noise Player with 20 Soothing Sounds for Better Sleep, Stress Relief, Relax Mind and Body| Rechargable, Auto Timer",1290.0,1990.0,0.35,4.0,218.0,Health & Personal Care > Health Care > Sleep & Snoring,Sleep & Snoring
B0BWFFMCJN,https://www.amazon.in/dp/B0BWFFMCJN?th=1&psc=1&language=en_IN,FABTEC 8 Inch Grey Car Bass Tube Subwoofer with Inbuilt Amplifier - Powerful Audio and Deep Bass (8 Inch),3199.0,8999.0,0.64,3.8,154.0,Electronics > Car & Vehicle Electronics > Car Electronics > Car Audio > Car Speakers > Component Subwoofers,Component Subwoofers
B008XT42JU,https://www.amazon.in/dp/B008XT42JU?th=1&psc=1&language=en_IN,"GM 3060 E-Book 4 + 1 Power Strip Red & White Color 250 Volts with Master Switch, Indicator, Safety Shutter & 4 International sockets, Extension Cord for Home Appliances",495.0,650.0,0.24,4.4,63462.0,Home Improvement > Electrical > Power Strips,Power Strips
B0CMTWPKCJ,https://www.amazon.in/dp/B0CMTWPKCJ?th=1&psc=1&language=en_IN,"Noise Airwave Bluetooth in Ear Neckband with 50H of Playtime, 3 EQ Modes, ENC for Calling, Low Latency(Upto 50ms), 10mm Driver, BT v5.3(Jet Black)",999.0,2499.0,0.6,3.8,18108.0,"Electronics > Headphones, Earbuds & Accessories > Headphones > In-Ear",In-Ear
B0F3JPQCTC,https://www.amazon.in/dp/B0F3JPQCTC?th=1&psc=1&language=en_IN,Ele' Espirit Electronics (1),11499.0,16999.0,0.32,,,Toys & Games > Baby & Toddler Toys > Early Development & Activity Toys > Electronic Early Development Toys,Electronic Early Development Toys
B0D5CYDG22,https://www.amazon.in/dp/B0D5CYDG22?th=1&psc=1&language=en_IN,"boAt Airdopes Atom 81 Pro, 100Hrs Battery, 4Mics ENx Tech, 50ms Low Latency, 13mm Drivers, Fast Charge, IPX5, v5.1 Bluetooth TWS in Ear Earbuds Wireless Earphones with mic (Obsidian Noir)",899.0,3990.0,0.77,3.4,4280.0,"Electronics > Headphones, Earbuds & Accessories > Headphones > In-Ear",In-Ear
B09YNBHR73,https://www.amazon.in/dp/B09YNBHR73?th=1&psc=1&language=en_IN,Fosi Audio BT30D Pro TPA3255 Hi-Fi Bluetooth 5.0 Stereo Audio Receiver Amplifier 2.1 Channel Mini Class D Integrated Amp 165 Watt x2+350 Watt for Home Outdoor Desktop Bookshelf Speakers/Subwoofers,9698.0,12999.0,0.25,4.1,1098.0,Electronics > Home Audio > Receivers & Separates > Amplifiers,Amplifiers
B0CYSM7VP4,https://www.amazon.in/dp/B0CYSM7VP4?th=1&psc=1&language=en_IN,Striff 2 in 1 Bluetooth 5.0 Transmitter Receiver | 3.5mm Stereo Audio Adapter with Mic | Portable Design | Driverless Plug and Play | Easy Slide Switch Mode | 10m Range,239.0,999.0,0.76,3.8,564.0,Electronics > Car & Vehicle Electronics > Car & Vehicle Electronics Accessories > Audio & Video Accessories > Bluetooth Kits,Bluetooth Kits
B0CYQ7Q3CN,https://www.amazon.in/dp/B0CYQ7Q3CN?th=1&psc=1&language=en_IN,"Robustt Heavy Duty TV Wall Mount Bracket for 14 to 42 inch LED/HD/Smart TV’s, Swivel Rotatable Universal TV Wall Mount Stand - Pack of 1",599.0,899.0,0.33,3.6,187.0,"Electronics > Home Theater, TV & Video > Accessories > TV Mounts, Stands & Turntables > TV Wall & Ceiling Mounts",TV Wall & Ceiling Mounts
B09B5CPV71,https://www.amazon.in/dp/B09B5CPV71?th=1&psc=1&language=en_IN,"ZEBRONICS Thunder Bluetooth 5.3 Wireless Over Ear Headphones with 60H Backup, Gaming Mode, Dual Pairing, Enc, Aux, Micro Sd, Voice Assistant, Comfortable Earcups, Call Function (Sea Green)",799.0,1399.0,0.43,3.8,6376.0,"Electronics > Headphones, Earbuds & Accessories > Headphones > On-Ear",On-Ear
B072PQRS12,https://www.amazon.in/dp/B072PQRS12?th=1&psc=1&language=en_IN,"boAt Stone 1000 14W Bluetooth Speaker with 8 Hours Playback, Bluetooth v5.0 & IPX5(Black)",2499.0,6990.0,0.64,4.2,44180.0,Electronics > Home Audio > Speakers > Bluetooth Speakers,Bluetooth Speakers
B0C2F5KD26,https://www.amazon.in/dp/B0C2F5KD26?th=1&psc=1&language=en_IN,"Skullcandy Smokin Buds In-Ear Wireless Earbuds,ENC,Music, Movie &Podcast EQ Modes,20Hr+Rapid Charge,Capacitive Touch Controls,Use Either Bud Solo,Premium Audio Quality,work with Android and iOS- Black",2849.0,8199.0,0.65,3.6,12908.0,"Electronics > Headphones, Earbuds & Accessories > Headphones > In-Ear",In-Ear
B0CCZ26B5V,https://www.amazon.in/dp/B0CCZ26B5V?th=1&psc=1&language=en_IN,"Bose New QuietComfort Wireless Noise Cancelling Headphones, Bluetooth Over Ear Headphones with Up to 24 Hours of Battery Life - Black",27900.0,12721.32558139535,0.493139534883721,4.4,7413.0,"Electronics > Headphones, Earbuds & Accessories > Headphones > Over-Ear",Over-Ear
B0DR8MDSNG,https://www.amazon.in/dp/B0DR8MDSNG?th=1&psc=1&language=en_IN,"iBELL FM720BT Portable Pocket FM Radio with Bluetooth Speaker, USB/SD MP3 Player, Rechargeable with Type C Port, 2 Band (Black)",857.0,1899.0,0.55,4.1,388.0,Electronics > Portable Media Players > Radios > AM/FM Radios,AM/FM Radios
B088FKCD4J,https://www.amazon.in/dp/B088FKCD4J?th=1&psc=1&language=en_IN,"boAt Airdopes 131/138 with 60 Hrs Playback, ASAP Charge Truly Wireless Bluetooth in Ear Earbuds with Mic (Active Black)",699.0,2990.0,0.77,3.5,1061.0,"Electronics > Headphones, Earbuds & Accessories > Headphones > In-Ear",In-Ear
B015SG1R52,https://www.amazon.in/dp/B015SG1R52?th=1&psc=1&language=en_IN,Procus ONE Virtual Reality Headset 40MM Lenses -For IOS and Android – (Black),1990.0,2999.0,0.34,3.3,4716.0,Electronics > Mobiles & Accessories > Mobile Accessories > Virtual Reality (VR) Headsets,Virtual Reality (VR) Headsets
B0BFNPLC81,https://www.amazon.in/dp/B0BFNPLC81?th=1&psc=1&language=en_IN,"UBON CL-352 Bluetooth Earphone, Rambo Series, Wireless Headphone with Mic, 20 Hours Playtime, Real Stereo Music, High Bass, Quick Charging, Magnetic Earbuds, v50. Bluetooth Headset (Black)",2618.412331406551,5360.055396825397,0.5959722222222222,2.9,8.0,"Electronics > Headphones, Earbuds & Accessories > Headphones > In-Ear",In-Ear
B07TCN5VR9,https://www.amazon.in/dp/B07TCN5VR9?th=1&psc=1&language=en_IN,Boult Audio BassBuds X1 in-Ear Wired Earphones with 10mm Extra Bass Driver and HD Sound with mic(Black),299.0,999.0,0.7,3.9,89161.0,"Electronics > Headphones, Earbuds & Accessories > Headphones > In-Ear",In-Ear
B0F3PFMS4R,https://www.amazon.in/dp/B0F3PFMS4R?th=1&psc=1&language=en_IN,"TWISTURA D-MINOR In-Ear Monitor Wired Earphone with Mic, 10mm Dual-Magnetic Driver, LCP Diaphragm with 3 Replaceable Filters, Oxygen-Free Copper Silver-Plated Cable + DAC Adapter with 3.5mm Plug",3324.0,3999.0,0.17,4.0,29798.275310834815,"Electronics > Headphones, Earbuds & Accessories > Headphones > In-Ear",In-Ear
B0C7QS9M38,https://www.amazon.in/dp/B0C7QS9M38?th=1&psc=1&language=en_IN,"boAt Airdopes 141 ANC(~32dB), 50ms Low Latency, 4Mics ENx,42Hrs Battery, Fast Charge,IPX5, v5.3 Bluetooth TWS in Ear Earbuds Wireless Earphones with mic (Gunmetal Black)",1299.0,5990.0,0.78,3.7,7007.0,"Electronics > Headphones, Earbuds & Accessories > Headphones > In-Ear",In-Ear
B0BZJTQ5YP,https://www.amazon.in/dp/B0BZJTQ5YP?th=1&psc=1&language=en_IN,"NVIDIA Jetson Orin Nano Super Developer Kit: Jetson Orin Nano 8GB Module & Carrier Board, USB, MIPI CSI, HDMI, Ethernet, Bluetooth, Linux, Single-Board Computer",77999.0,105000.0,0.26,4.1,95.0,Computers & Accessories > Components > Barebones,Barebones
B0CDPNTPJL,https://www.amazon.in/dp/B0CDPNTPJL?th=1&psc=1&language=en_IN,"boAt Immortal 181 in Ear TWS Gaming Earbuds with up to 40 hrs Playtime,Quad Mics with ENx Tech,Beast Mode with 40ms Latency,ASAP Charge,IPX4,IWP, RGB LED Lights, BTv5.3(White Sabre)",799.0,3499.0,0.77,3.6,62.0,"Electronics > Headphones, Earbuds & Accessories > Headphones > In-Ear",In-Ear
B07H9GBHMN,https://www.amazon.in/dp/B07H9GBHMN?th=1&psc=1&language=en_IN,Mount Genie Pedestal for Nest Mini (2nd Gen) and Google Home Mini (1st Gen) | Improves Sound and Appearance | Cleanest Mount Holder Stand for Mini (White),2854.0,4328.7,0.34,4.5,4150.0,Electronics > Home Audio > Accessories > Speaker Accessories > Mounts,Mounts
B07ZQK4GF4,https://www.amazon.in/dp/B07ZQK4GF4?th=1&psc=1&language=en_IN,"AMZJK Universal Remote Control for All Samsung TV for All LCD LED HDTV 3D Smart TVs Remote, Black",215.0,299.0,0.28,3.4,23953.0,"Electronics > Home Theater, TV & Video > Accessories > Remote Controls",Remote Controls
B0CYQ6TJN8,https://www.amazon.in/dp/B0CYQ6TJN8?th=1&psc=1&language=en_IN,Robustt TV Wall Mount 26 to 63 Inches - Pack of 1 | Heavy Duty TV Wall Stand | Flat Panel TV Wall Mount | Universal Fixed Stand,299.0,499.0,0.4,3.8,1230.0,"Electronics > Home Theater, TV & Video > Accessories > TV Mounts, Stands & Turntables > TV Wall & Ceiling Mounts",TV Wall & Ceiling Mounts
B09SZ9NLSK,https://www.amazon.in/dp/B09SZ9NLSK?th=1&psc=1&language=en_IN,"WE CLEVER Heavy duty Dual monitor stand Mount, Height Adjustable desk C clamps & Mounting holes, Full motion Tilt & Swivel Monitor Arms, For 13"" - 30 inches computer screens 20kg Each arm (Black)",1749.0,3099.0,0.44,4.3,953.0,Computers & Accessories > Accessories & Peripherals > Monitor Accessories > Monitor Arms,Monitor Arms
B0DYDZG3GS,https://www.amazon.in/dp/B0DYDZG3GS?th=1&psc=1&language=en_IN,"Onelap LocoShield™ 2025 Waterproof GPS (4G SIM) - IP67 Wired GPS Tracker for Bike, Car etc | Bike Wash Protect | Plug & Play | Remote Engine Stop Compatible | Engine On/Off Alerts | 1 Year Mobile App",1990.0,6990.0,0.72,4.4,15456.0,Electronics > GPS & Accessories > GPS Trackers,GPS Trackers
B098JVB1WD,https://www.amazon.in/dp/B098JVB1WD?th=1&psc=1&language=en_IN,"ZEBRONICS Zeb-Sound Feast 500 Bluetooth 5.0 Portable Speaker with 70W, 9H* Backup, TWS, IPX5 Waterproof, Call Function, RGB Lights, AUX, mSD, Voice Assistant, Type C and Grill Finish",3499.0,9499.0,0.63,4.0,4350.0,Electronics > Home Audio > Speakers > Bluetooth Speakers,Bluetooth Speakers
B0CHVXMW2J,https://www.amazon.in/dp/B0CHVXMW2J?th=1&psc=1&language=en_IN,"Boult Audio Z40 Pro with 100H Playtime, Quad Mic ENC, 45ms Low Latency Gaming, Premium Rubber Grip Case, 13mm Bass Drivers, Made in India TWS Bluetooth 5.3 Truly Wireless in Ear Earbuds (Midnight)",1299.0,5499.0,0.76,3.8,34547.0,"Electronics > Headphones, Earbuds & Accessories > Headphones > In-Ear",In-Ear
B00MFNJHO0,https://www.amazon.in/dp/B00MFNJHO0?th=1&psc=1&language=en_IN,"Philips DL167/94 Portable/Hand Carry Radio with MW/SW/FM Bands, Telescopic Aerial, 2xR20 Battery & Optional 3V DC Power, 4? Speaker Impedance, Tuning & Band Selection, Portable Radio Receiver",1159.0,1399.0,0.17,3.6,9347.0,Electronics > Portable Media Players > Radios > AM/FM Radios,AM/FM Radios
B00O1A9FT2,https://www.amazon.in/dp/B00O1A9FT2?th=1&psc=1&language=en_IN,"Jabra Evolve 20 Ms Stereo in Ear, Wired, Black, Pack of 1",4839.0,7156.0,0.32,3.9,707.0,"Electronics > Headphones, Earbuds & Accessories > Headphones > In-Ear",In-Ear
B0DLN3TNJ7,https://www.amazon.in/dp/B0DLN3TNJ7?th=1&psc=1&language=en_IN,"Upix USB Mi Trimmer Charging Cable 1 Meter (3.2 Feet), Compatible for Mi Trimmer, Shavers, Body Groomers - Black (Please match Cable Port before Ordering) (Works with 5V USB Adapter Only)",236.0,799.0,0.7,3.8,68.0,Computers & Accessories > Accessories & Peripherals > Cables & Accessories > Cables > USB Cables,USB Cables
B08LNTVV49,https://www.amazon.in/dp/B08LNTVV49?th=1&psc=1&language=en_IN,LipiWorld® VC129 LCD LED TV Universal Remote Control Compatible for VIDEOCON V-2BG,299.0,499.0,0.4,4.1,43.0,"Electronics > Home Theater, TV & Video > Accessories > Remote Controls",Remote Controls
B0F3JPQCTC,https://www.amazon.in/dp/B0F3JPQCTC?th=1&psc=1&language=en_IN,Ele' Espirit Electronics (1),11499.0,16999.0,0.32,,,Toys & Games > Baby & Toddler Toys > Early Development & Activity Toys > Electronic Early Development Toys,Electronic Early Development Toys
B0BRKYK4HQ,https://www.amazon.in/dp/B0BRKYK4HQ?th=1&psc=1&language=en_IN,"JBL Bar 500 Pro Dolby Atmos® Soundbar with Wireless Subwoofer, 5.1 Channel, 3D Surround, Multibeam™, HDMI eARC with 4K Dolby Vision Pass-Through, One App, Bluetooth, Wi-Fi & Optical Input (590W)",44999.0,54999.0,0.18,4.2,134.0,Electronics > Home Audio > Speakers > Soundbar Speakers,Soundbar Speakers
B0DL4S61RP,https://www.amazon.in/dp/B0DL4S61RP?th=1&psc=1&language=en_IN,"PHILIPS Audio TAE1159BK/00 in-Ear Wired Earphones with C-Type Jack, 10mm Drivers, Inline Mic, Powerful Bass and Clear Sound, Tangle Free 1.2m Cable and 3 x Inter Changeable Ear Tips (Black)",449.0,999.0,0.55,3.8,399.0,"Electronics > Headphones, Earbuds & Accessories > Headphones > In-Ear",In-Ear
B07MS17DDX,https://www.amazon.in/dp/B07MS17DDX?th=1&psc=1&language=en_IN,Electronic Spice 2'' inch Tweeter Speaker max Power 80w Upto 20khz Pack of 2,169.0,450.0,0.62,3.5,293.0,Electronics > Car & Vehicle Electronics > Car Electronics > Car Audio > Car Speakers > Tweeters,Tweeters
B0BL33SHS1,https://www.amazon.in/dp/B0BL33SHS1?th=1&psc=1&language=en_IN,SpinBot Ranger HX300 Wireless Bluetooth Over The Ear Headphones with up to 50ms Low Latency and Flip Boom Mic | 7 Mode RGB Lights | Dedicated Game Mode | Up to 18 Hours of Battery Backup (Black),1699.0,2999.0,0.43,3.8,808.0,Computers & Accessories > Accessories & Peripherals > PC Gaming Peripherals > Headsets,Headsets
B08GSQ4JB9,https://www.amazon.in/dp/B08GSQ4JB9?th=1&psc=1&language=en_IN,3D HUB INDIA RED Cyan 3D Glasses for YouTube Red Cyan Videos - RC-01 Qty - 1 pc,11410.4,31505.8,0.66,3.4,101.0,"Electronics > Home Theater, TV & Video > Accessories > 3D Glasses",3D Glasses
B0CRH95W14,https://www.amazon.in/dp/B0CRH95W14?th=1&psc=1&language=en_IN,Carvaan Saregama Bhakti Plug Play Devotional Music Player - Pre-Loaded with 25 Mantras and Chalisa | Bluetooth Connectivity (Devotional Orange),1390.0,16798.04651162791,0.4441860465116279,3.7,242.0,Electronics > Home Audio > Speakers > Bluetooth Speakers,Bluetooth Speakers
B0BQ3JZXD9,https://www.amazon.in/dp/B0BQ3JZXD9?th=1&psc=1&language=en_IN,"OTOROYS 1 Year Warranty Motorcycle Helmet Wireless Dual Earphone On-Ear Helmet Bluetooth Calling and Music with Mic, (Support iOS & Andriod) (OTOB12)",1237.0,1999.0,0.38,4.2,897.0,Electronics > Car & Vehicle Electronics > Car & Vehicle Electronics Accessories > Audio & Video Accessories > Motorcycle Bluetooth Headsets,Motorcycle Bluetooth Headsets
B09LHXTXMX,https://www.amazon.in/dp/B09LHXTXMX?th=1&psc=1&language=en_IN,"Boat Rockerz 330 Pro in-Ear Bluetooth Neckband with 60HRS Playtime, ASAP Charge, ENx Tech, Signature Sound, BT v5.2, Dual Pairing, IPX5, with Mic (Active Black)",1199.0,2990.0,0.6,4.0,14077.0,"Electronics > Headphones, Earbuds & Accessories > Headphones > In-Ear",In-Ear
B0CWL6FD1D,https://www.amazon.in/dp/B0CWL6FD1D?th=1&psc=1&language=en_IN,"SRS® Headphone Stand Holder | Under Desk Hook & Cable Organizer | Stick-On Adhesive | Superior-Grade ABS | Includes Surface Cleaning Wipes for Easy Setup & Organization (Pack of 1, Black)",199.0,599.0,0.67,4.4,270.0,"Electronics > Headphones, Earbuds & Accessories > Stands",Stands
B0D31C567W,https://www.amazon.in/dp/B0D31C567W?th=1&psc=1&language=en_IN,"soundcore V20i by Anker Open-Ear Headphones, Adjustable Ear Hooks, Ultra-Comfort, Snug Fit, Deep Bass, Clear Calls, IP55, LED Lights, 36H Playtime, Bluetooth 5.4 Earbuds, Multipoint Connection",2499.0,7998.0,0.69,4.4,3846.0,"Electronics > Headphones, Earbuds & Accessories > Headphones > Open-Ear Headphones",Open-Ear Headphones
B0BYY5SJ48,https://www.amazon.in/dp/B0BYY5SJ48?th=1&psc=1&language=en_IN,"DECOWORLD || Printer Stand || Multipurpose Printer Table for Home, Office and Workstation (Black)",1499.0,4000.0,0.63,4.3,154.0,"Home & Kitchen > Furniture > Study & Home Office Furniture > Platforms, Stands & Shelves > Printer Desktop Stands",Printer Desktop Stands
B0F29L645M,https://www.amazon.in/dp/B0F29L645M?th=1&psc=1&language=en_IN,VEHOP Wing Truly Wireless Earbuds TWS | ~32dB ANC & Transparency Mode | Upto 50Hrs Playtime | Bluetooth V5.4 | Quad Mics with AI-ENC | 40ms Low Latency Gaming | Breathing LED Lights (Black),2618.412331406551,5360.055396825397,0.5959722222222222,3.4,3.0,"Electronics > Headphones, Earbuds & Accessories > Headphones > In-Ear",In-Ear
B0C5XDT46R,https://www.amazon.in/dp/B0C5XDT46R?th=1&psc=1&language=en_IN,"EarFun Air Pro 3 Noise Cancellation Earbuds ANC Wireless 2023 VGP Gold Award, Qualcomm aptX Adaptive Sound, 6 Mics CVC 8.0 ENC, Bluetooth 5.3, Multipoint Connection(Black)",5899.0,8999.0,0.34,4.3,8898.0,"Electronics > Headphones, Earbuds & Accessories > Headphones > In-Ear",In-Ear
B0B1N7SGMZ,https://www.amazon.in/dp/B0B1N7SGMZ?th=1&psc=1&language=en_IN,Google Pixel Buds Pro - Noise Canceling in Ear Earbuds - Up to 31 Hour Battery Life with Charging Case - Bluetooth Headphones - Compatible with Wireless Charging - Charcoal,2618.412331406551,5360.055396825397,0.5959722222222222,4.4,3801.0,"Electronics > Headphones, Earbuds & Accessories > Headphones > In-Ear",In-Ear
B0CHMN4KVN,https://www.amazon.in/dp/B0CHMN4KVN?th=1&psc=1&language=en_IN,"JBL Live 770NC True Adaptive Noise Cancellation Headphones Wireless Over Ear, Spatial Sound, 65Hrs Playtime, Speed Charge, Multipoint Connect and Personi-Fi 2.0, BT 5.3, Google Fast Pair, Alexa, Black",8999.0,14999.0,0.4,4.3,1048.0,"Electronics > Headphones, Earbuds & Accessories > Headphones > Over-Ear",Over-Ear
B0B538HW92,https://www.amazon.in/dp/B0B538HW92?th=1&psc=1&language=en_IN,"SOULWIT Earpads Replacement for Jabra Evolve2 65 (Evolve 2 65MS 65UC MS UC)/Evolve2 40 (40UC 40MS USB)/Elite 45h On-Ear Wireless Headset, Ear Pads Cushions with Softer Protein Leather - Black",755.0,2000.0,0.62,4.3,1064.0,"Electronics > Headphones, Earbuds & Accessories > Earpads",Earpads
B09TQVFZDP,https://www.amazon.in/dp/B09TQVFZDP?th=1&psc=1&language=en_IN,NOCXTUN GPS-700 Tracking Device Smart Key Finder Locator GPS Tracking Device for Kids Boys Girls Pets Cat Dog Keychain Wallet Luggage Anti-Lost Tag Alarm Reminder Selfie Shutter,129.0,999.0,0.87,2.8,469.0,Electronics > GPS & Accessories > GPS Trackers,GPS Trackers
B0CP54XBWN,https://www.amazon.in/dp/B0CP54XBWN?th=1&psc=1&language=en_IN,"boAt Airdopes 91, 45HRS Battery, 50ms Low Latency, ENx Tech, Fast Charge, IPX4, IWP Tech, v5.3 Bluetooth Earbuds, TWS Ear Buds Wireless Earphones with mic (Active Black)",749.0,4990.0,0.85,3.4,6414.0,"Electronics > Headphones, Earbuds & Accessories > Headphones > In-Ear",In-Ear
B0CYSM7VP4,https://www.amazon.in/dp/B0CYSM7VP4?th=1&psc=1&language=en_IN,Striff 2 in 1 Bluetooth 5.0 Transmitter Receiver | 3.5mm Stereo Audio Adapter with Mic | Portable Design | Driverless Plug and Play | Easy Slide Switch Mode | 10m Range,239.0,999.0,0.76,3.8,564.0,Electronics > Car & Vehicle Electronics > Car & Vehicle Electronics Accessories > Audio & Video Accessories > Bluetooth Kits,Bluetooth Kits
B0F5MDZWCC,https://www.amazon.in/dp/B0F5MDZWCC?th=1&psc=1&language=en_IN,"Airbuds Pro 2nd Generation with (C-Type) Charging Case (White) TWS in-Ear Earphone | Bluetooth 5.3, Mic & | Earbuds True Wireless in Ear Headset | Active Noise Cancellation pro",999.0,6999.0,0.86,3.4,8.0,"Electronics > Headphones, Earbuds & Accessories > Headphones > In-Ear",In-Ear
B0C5XDT46R,https://www.amazon.in/dp/B0C5XDT46R?th=1&psc=1&language=en_IN,"EarFun Air Pro 3 Noise Cancellation Earbuds ANC Wireless 2023 VGP Gold Award, Qualcomm aptX Adaptive Sound, 6 Mics CVC 8.0 ENC, Bluetooth 5.3, Multipoint Connection(Black)",5899.0,8999.0,0.34,4.3,8898.0,"Electronics > Headphones, Earbuds & Accessories > Headphones > In-Ear",In-Ear
B09YNBHR73,https://www.amazon.in/dp/B09YNBHR73?th=1&psc=1&language=en_IN,Fosi Audio BT30D Pro TPA3255 Hi-Fi Bluetooth 5.0 Stereo Audio Receiver Amplifier 2.1 Channel Mini Class D Integrated Amp 165 Watt x2+350 Watt for Home Outdoor Desktop Bookshelf Speakers/Subwoofers,9698.0,12999.0,0.25,4.1,1098.0,Electronics > Home Audio > Receivers & Separates > Amplifiers,Amplifiers
B0DBHKV9Y6,https://www.amazon.in/dp/B0DBHKV9Y6?th=1&psc=1&language=en_IN,"plimpton Upgraded Portable Carplay Android Auto Screen for Car, 7 Inch IPS Touch Screen Wireless Car Play Driveplay Multimedia Player with Voice Control, BT, Mirror Link for All Vehicle",6073.0,11250.0,0.46,4.4,260.0,Electronics > Car & Vehicle Electronics > Car Electronics > Car Audio > Car Stereos,Car Stereos
B07P29XQR4,https://www.amazon.in/dp/B07P29XQR4?th=1&psc=1&language=en_IN,"PopSockets Phone Grip with Expanding Kickstand, Adhesive Grip - Black",745.0,1190.0,0.37,4.3,75325.0,Electronics > Mobiles & Accessories > Mobile Accessories > Grips,Grips
B0F7FD5BWJ,https://www.amazon.in/dp/B0F7FD5BWJ?th=1&psc=1&language=en_IN,Saplotia® Compatible for Samsung AC Remote Original 1.5ton (Come with 2 AAA Batteries),499.0,699.0,0.29,3.8,503.0,"Electronics > Home Theater, TV & Video > Accessories > Remote Controls",Remote Controls
B0D8ZRQRFY,https://www.amazon.in/dp/B0D8ZRQRFY?th=1&psc=1&language=en_IN,"Multifunctional Data Cable Set Conversion Head Portable Storage Box, Multi-Type Charging Line Convertor USB Type C Adapter Tool Contains Sim Card Slot Tray Eject Pin, Phone Holder (Multi-colour)",119.0,699.0,0.83,4.4,220.0,Electronics > Telephones & Accessories > Accessories,Accessories
B0DS2KD8TN,https://www.amazon.in/dp/B0DS2KD8TN?th=1&psc=1&language=en_IN,"boAt Airdopes 161 ANC TWS Earbuds w/ 32 dB ANC, 50 hrs Playback, 50 ms Low Latency BEASTTM Mode, IWPTM Tech, Dual EQ Modes, 4 Mics with ENx, ASAP Charge, Bluetooth v5.3(White)",1299.0,5999.0,0.78,3.5,17.0,"Electronics > Headphones, Earbuds & Accessories > Headphones > In-Ear",In-Ear
B0CSW9C5HG,https://www.amazon.in/dp/B0CSW9C5HG?th=1&psc=1&language=en_IN,"DIGIMORE Voice Amplifier for Teachers with Bluetooth | 10 Hrs Battery | Wired Headset Mic with 10W Speaker for Tour Guides, Yoga, Classroom Teaching Aid for Schools & Colleges (D-1200)",1299.0,2999.0,0.57,4.4,874.0,Musical Instruments > PA & Stage > PA Systems,PA Systems
B0DPWKD8HW,https://www.amazon.in/dp/B0DPWKD8HW?th=1&psc=1&language=en_IN,"boAt Airdopes 91 Prime, 45HRS Battery, 13mm Drivers, Metallic Finish, Low Latency,ENx Tech, Fast Charge, v5.3 Bluetooth Earbuds, TWS Ear Buds Wireless Earphones with mic (Sonic Silver)",2618.412331406551,5360.055396825397,0.5959722222222222,3.4,6414.0,"Electronics > Headphones, Earbuds & Accessories > Headphones > In-Ear",In-Ear
B0B4G44RFS,https://www.amazon.in/dp/B0B4G44RFS?th=1&psc=1&language=en_IN,"Zebronics Zeb-Storm Wired Headphone with 3.5mm Jack, Built in Microphone for Calling, 1.5 Meter Cable, Soft Ear Cushion, Adjustable Headband, Foldable Ear Cups and Lightweight Design (Black)",449.0,799.0,0.44,3.7,2368.0,"Electronics > Headphones, Earbuds & Accessories > Headphones > On-Ear",On-Ear
B0DBHKV9Y6,https://www.amazon.in/dp/B0DBHKV9Y6?th=1&psc=1&language=en_IN,"plimpton Upgraded Portable Carplay Android Auto Screen for Car, 7 Inch IPS Touch Screen Wireless Car Play Driveplay Multimedia Player with Voice Control, BT, Mirror Link for All Vehicle",6073.0,11250.0,0.46,4.4,260.0,Electronics > Car & Vehicle Electronics > Car Electronics > Car Audio > Car Stereos,Car Stereos
B008ZXS7PY,https://www.amazon.in/dp/B008ZXS7PY?th=1&psc=1&language=en_IN,F&D E200 3W 2.0 Channel Wired Soundbar (Black) | USB Powered | Wired Desktop Speakers | Extra Bass | Speaker for Laptop & PC | Home Theatre | Mobile Connectivity | Perfect for Gamers & Party/Function,1348.0,2698.0,0.5,4.0,12992.0,Electronics > Home Audio > Speakers > Soundbar Speakers,Soundbar Speakers
B09Y5MK1KB,https://www.amazon.in/dp/B09Y5MK1KB?th=1&psc=1&language=en_IN,"Noise Buds VS104 Truly Wireless Earbuds with 45H of Playtime, Quad Mic with ENC, Instacharge(10 min=200 min), 13mm Driver,Low Latency, BT v5.2 (Mint Green)",1099.0,3499.0,0.69,3.8,26596.0,"Electronics > Headphones, Earbuds & Accessories > Headphones > In-Ear",In-Ear
B0CP3J6NKP,https://www.amazon.in/dp/B0CP3J6NKP?th=1&psc=1&language=en_IN,boAt Immortal 131 in Ear Earbuds(White Sabre),2618.412331406551,5360.055396825397,0.5959722222222222,4.5,122.0,"Electronics > Headphones, Earbuds & Accessories > Headphones > In-Ear",In-Ear
B0CXP85GXC,https://www.amazon.in/dp/B0CXP85GXC?th=1&psc=1&language=en_IN,"Philips D633 Wireless Bluetooth Speaker - Ultra Boost Bass, DJ Sound, Portable Home Audio, Line in TV Supported, USB FM AUX Cable, Waterproof TG113 (RV.D)",11266.564285714287,16798.04651162791,0.4441860465116279,4.098,7215.486301369863,Electronics > Home Audio > Speakers > Bluetooth Speakers,Bluetooth Speakers
B08FB396L1,https://www.amazon.in/dp/B08FB396L1?th=1&psc=1&language=en_IN,"JBL Go 3, Wireless Ultra Portable Bluetooth Speaker, Pro Sound, Vibrant Colors with Rugged Fabric Design, Waterproof, Type C (Without Mic, Blue)",2799.0,3999.0,0.3,4.4,18182.0,Electronics > Home Audio > Speakers > Bluetooth Speakers,Bluetooth Speakers
B07ZQK4GF4,https://www.amazon.in/dp/B07ZQK4GF4?th=1&psc=1&language=en_IN,"AMZJK Universal Remote Control for All Samsung TV for All LCD LED HDTV 3D Smart TVs Remote, Black",215.0,299.0,0.28,3.4,23953.0,"Electronics > Home Theater, TV & Video > Accessories > Remote Controls",Remote Controls
B0BHDRW3MK,https://www.amazon.in/dp/B0BHDRW3MK?th=1&psc=1&language=en_IN,"JBL Newly Launched Wave Flex in-Ear Wireless Earbuds TWS with Mic,App for Custom Extra Bass EQ, 32Hrs Battery, Quick Charge, IP54 Water & Dust Proof, Ambient Aware, Talk-Thru,Google FastPair (Black)",2799.0,4999.0,0.44,3.2,10969.0,"Electronics > Headphones, Earbuds & Accessories > Headphones > In-Ear",In-Ear
B0F5MSJWM9,https://www.amazon.in/dp/B0F5MSJWM9?th=1&psc=1&language=en_IN,Blue Star AC Remote Original Compatible (Come with 2 AAA Batteries),499.0,699.0,0.29,3.8,503.0,"Electronics > Home Theater, TV & Video > Accessories > Remote Controls",Remote Controls
B093SGQDSF,https://www.amazon.in/dp/B093SGQDSF?th=1&psc=1&language=en_IN,"Portronics Auto 15 Bluetooth - FM Transmitter in-Car Radio Adapter for Hands-Free Calling, Music Streaming, USB Reading, 20W/38 W Max Output, Fast Charger, Supports All Smartphones (Black)",949.0,1999.0,0.53,3.9,3259.0,Electronics > Car & Vehicle Electronics > Car & Vehicle Electronics Accessories > Audio & Video Accessories > FM Transmitters,FM Transmitters
B0DSG8SNXH,https://www.amazon.in/dp/B0DSG8SNXH?th=1&psc=1&language=en_IN,"Boult Z20 Truly Wireless Bluetooth Ear Buds with 51H Playtime, Zen™ Calling ENC Mic, Made in India, Low Latency Gaming, Touch Controls, Rich Bass Drivers, TWS Earbuds Bluetooth Wireless (Pine Green)",999.0,5499.0,0.82,4.2,2650.0,"Electronics > Headphones, Earbuds & Accessories > Headphones > In-Ear",In-Ear
B017HSSHS4,https://www.amazon.in/dp/B017HSSHS4?th=1&psc=1&language=en_IN,"Sony Car Speaker XS-FB162E 16 cm (6.5 inch) 2-Way Coaxial Speakers (Black), Peak Power - 260W, RMS POWER - 45W, RATED POWER - 40W",2499.0,3290.0,0.24,4.1,3119.0,Electronics > Car & Vehicle Electronics > Car Electronics > Car Audio > Car Speakers > Coaxial Speakers,Coaxial Speakers
B0D73SWGSM,https://www.amazon.in/dp/B0D73SWGSM?th=1&psc=1&language=en_IN,"KDM A2 Glamour Wireless Neckband Bluetooth Earphone Up to 18Hrs Music time, Black (KDM-A2 Glamour)",536.0,3899.0,0.86,2.8,5.0,"Electronics > Headphones, Earbuds & Accessories > Headphones > In-Ear",In-Ear
B0B75MQJQR,https://www.amazon.in/dp/B0B75MQJQR?th=1&psc=1&language=en_IN,"Skullcandy Riff 2 On Ear Wireless Headphones, 40mm Drivers, Advanced Features Through The App, Collapsible Design, 34Hr Playtime + Rapid Charge- Black",3997.0,16999.0,0.76,4.2,1709.0,"Electronics > Headphones, Earbuds & Accessories > Headphones > On-Ear",On-Ear
B08KZ6GWXS,https://www.amazon.in/dp/B08KZ6GWXS?th=1&psc=1&language=en_IN,Infinity Alpha 6520F 320W Wired Coaxial Coaxial Speaker Black,2332.0,3290.0,0.29,3.8,238.0,Electronics > Car & Vehicle Electronics > Car Electronics > Car Audio > Car Speakers > Coaxial Speakers,Coaxial Speakers
B0F63TVX86,https://www.amazon.in/dp/B0F63TVX86?th=1&psc=1&language=en_IN,Betterqualityremote Original Remote Control Compatible with jio Fiber Box with Voice Control.,699.0,999.0,0.3,4.4,8044.0,"Electronics > Home Theater, TV & Video > Accessories > Remote Controls",Remote Controls
B079TP8T89,https://www.amazon.in/dp/B079TP8T89?th=1&psc=1&language=en_IN,"Upix AC Remote No. 25 (3D Auto) (No Backlight), Compatible/Replacement for Mitsubishi AC Remote Control (Exactly Same Remote Will Only Work)",419.0,899.0,0.53,4.1,207.0,"Electronics > Home Theater, TV & Video > Accessories > Remote Controls",Remote Controls
B0C11J5YZH,https://www.amazon.in/dp/B0C11J5YZH?th=1&psc=1&language=en_IN,SOUND FIRE SF-0010 (Black) Bluetooth/USB/SD/AUX/FM/MP3 Car Stereo,796.0,1999.0,0.6,4.0,61.0,Electronics > Car & Vehicle Electronics > Car Electronics > Car Audio > Car Stereos,Car Stereos
B0CTT7PVGC,https://www.amazon.in/dp/B0CTT7PVGC?th=1&psc=1&language=en_IN,"ZEBRONICS Blitz C Dolby Atmos Gaming Over Ear Headphone, 50Mm Neodymium Drivers, Padded Headband, Lightweight & Comfortable, RGB Lights, Flexible Mic, Type-C Connector, Black",1299.0,1999.0,0.35,3.4,345.0,Computers & Accessories > Accessories & Peripherals > PC Gaming Peripherals > Headsets,Headsets
B07DM7F15C,https://www.amazon.in/dp/B07DM7F15C?th=1&psc=1&language=en_IN,"Edifier P12 Passive Bookshelf Speakers - 2-Way Speakers with Built-in Wall-Mount Bracket - Wood Color - Brown, Auxiliary",8990.0,9990.0,0.1,4.6,1418.0,Electronics > Home Audio > Speakers > Bookshelf Speakers,Bookshelf Speakers
B0CKL1TXHN,https://www.amazon.in/dp/B0CKL1TXHN?th=1&psc=1&language=en_IN,"Sonos Era 100 | Smart Speaker with WiFi, Bluetooth, Amazon Alexa - Black",22999.0,29999.0,0.23,4.0,25.0,Electronics > Home Audio > Speakers > Bookshelf Speakers,Bookshelf Speakers
B097135K33,https://www.amazon.in/dp/B097135K33?th=1&psc=1&language=en_IN,"SOUND FIRE SF-1300 1300W 12"" (300mm) Double Magnet Subwoofer",2655.0,4299.0,0.38,4.0,132.0,Electronics > Home Audio > Speakers > Subwoofers,Subwoofers
B0DKTZ6592,https://www.amazon.in/dp/B0DKTZ6592?th=1&psc=1&language=en_IN,"All-new Amazon Kindle Paperwhite (16 GB) – Our fastest Kindle ever, with new 7"" glare-free display and weeks of battery life",16999.0,21999.0,0.23,4.8,85.0,,nan
B0DBS2ZRBT,https://www.amazon.in/dp/B0DBS2ZRBT?th=1&psc=1&language=en_IN,"NVME M2 Enclosure Fan, PiBOX India NVMe SSD Enclosure - USB 3.2 10Gbps, Tool-Free M.2 NVMe Case, PCI-E NVMe Reader, USB-C, Supports M & B&M Keys, 2230/2242/2260/2280 SSDs Powerful -RTL9210",999.0,1999.0,0.5,4.1,287.0,Computers & Accessories > Accessories & Peripherals > Hard Drive Accessories > Enclosures,Enclosures
B0DSFSL4SW,https://www.amazon.in/dp/B0DSFSL4SW?th=1&psc=1&language=en_IN,"PULWTOP Mac Mini M4 Hub with M.2 SSD Enclosure, 8-in-1 Vertical USB-C Hub Accessories for Mac Mini M4 Pro 2024 Dock Stand with USB A/C 3.2 10Gbps, 2 x USB A 2.0, 3.5mm Audio Mic, SD/TF Card Readers",6649.0,10499.0,0.37,4.6,69.0,Computers & Accessories > Accessories & Peripherals > USB Hubs,USB Hubs
B00MFNJHO0,https://www.amazon.in/dp/B00MFNJHO0?th=1&psc=1&language=en_IN,"Philips DL167/94 Portable/Hand Carry Radio with MW/SW/FM Bands, Telescopic Aerial, 2xR20 Battery & Optional 3V DC Power, 4? Speaker Impedance, Tuning & Band Selection, Portable Radio Receiver",1159.0,1399.0,0.17,3.6,9347.0,Electronics > Portable Media Players > Radios > AM/FM Radios,AM/FM Radios
B0B12Q8K2X,https://www.amazon.in/dp/B0B12Q8K2X?th=1&psc=1&language=en_IN,"boAt Stone 135 Portable Wireless Speaker with 5W RMS Immersive Sound,IPX4 Water Resistance, True Wireless Feature, Up to 11H Total Playtime, Multi-Connectivity Modes With Type C Charging(Active Black)",899.0,1990.0,0.55,4.0,3303.0,Electronics > Home Audio > Speakers > Bluetooth Speakers,Bluetooth Speakers
B0CP3N5F5B,https://www.amazon.in/dp/B0CP3N5F5B?th=1&psc=1&language=en_IN,"boAt Rockerz 235 Pro Wireless Bluetooth Neckband in Ear Earphone, Upto 20 hrs of Playtime, Beast Mode, Low Latency, IPX5 Water & Sweat Resistance, ENx Technology, Bluetooth v5.2(Active Black)",899.0,2490.0,0.64,4.1,451.0,"Electronics > Headphones, Earbuds & Accessories > Headphones > In-Ear",In-Ear
B09Y5MK1KB,https://www.amazon.in/dp/B09Y5MK1KB?th=1&psc=1&language=en_IN,"Noise Buds VS104 Truly Wireless Earbuds with 45H of Playtime, Quad Mic with ENC, Instacharge(10 min=200 min), 13mm Driver,Low Latency, BT v5.2 (Mint Green)",1099.0,3499.0,0.69,3.8,26596.0,"Electronics > Headphones, Earbuds & Accessories > Headphones > In-Ear",In-Ear
B00G9RCYAW,https://www.amazon.in/dp/B00G9RCYAW?th=1&psc=1&language=en_IN,"Sony Car Amplifier XM-N502 500W 2 Channel / 1 Channel Amplifier (Black), Rated Power: 4ohm - 65W x 2, 4ohmBTL - 175W x 1, 2ohm - 85W x 2, Automatic Thermal Control, Low Pass Filter for bass",5990.0,7990.0,0.25,4.2,433.0,Electronics > Car & Vehicle Electronics > Car Electronics > Car Audio > Car Amplifiers > Stereo Amplifiers,Stereo Amplifiers
B0CW22HK8D,https://www.amazon.in/dp/B0CW22HK8D?th=1&psc=1&language=en_IN,amazon basics Vertical Laptop Stand | Space-Saving Design | Scratch-Resistant | Fits All Laptops Up to 17.3 inches (43.94cm),799.0,1749.0,0.54,4.4,38.0,Computers & Accessories > Accessories & Peripherals > Laptop Accessories > Notebook Computer Stands,Notebook Computer Stands
B07TCN5VR9,https://www.amazon.in/dp/B07TCN5VR9?th=1&psc=1&language=en_IN,Boult Audio BassBuds X1 in-Ear Wired Earphones with 10mm Extra Bass Driver and HD Sound with mic(Black),299.0,999.0,0.7,3.9,89161.0,"Electronics > Headphones, Earbuds & Accessories > Headphones > In-Ear",In-Ear
B07PRKCRQV,https://www.amazon.in/dp/B07PRKCRQV?th=1&psc=1&language=en_IN,"Honeywell Surge Protector, 4 Universal Sockets,15000Amp, 2 Meter Cord, Device Secure Warranty, Automatic Overload Protection, Spike Guard/Extension Board, Master Switch, 3Years Manufacturer Warranty",999.0,1399.0,0.29,4.4,3710.0,Electronics > Power Accessories > Surge Protectors,Surge Protectors
B0CWD1FGL2,https://www.amazon.in/dp/B0CWD1FGL2?th=1&psc=1&language=en_IN,"ZEBRONICS 120 Watts Party Speaker with 2 Wireless Mic, 7 hrs Playtime, Karaoke & Recording Function, Type-C Charging, TWS, Bluetooth, USB, AUX, mSD, RGB Modes (Thump 700)",9999.0,25499.0,0.61,3.5,202.0,Electronics > Home Audio > Speakers > Outdoor Speakers,Outdoor Speakers
B0CHVXMW2J,https://www.amazon.in/dp/B0CHVXMW2J?th=1&psc=1&language=en_IN,"Boult Audio Z40 Pro with 100H Playtime, Quad Mic ENC, 45ms Low Latency Gaming, Premium Rubber Grip Case, 13mm Bass Drivers, Made in India TWS Bluetooth 5.3 Truly Wireless in Ear Earbuds (Midnight)",1299.0,5499.0,0.76,3.8,34547.0,"Electronics > Headphones, Earbuds & Accessories > Headphones > In-Ear",In-Ear
B0C7QHHT63,https://www.amazon.in/dp/B0C7QHHT63?th=1&psc=1&language=en_IN,"boAt Airdopes 141 ANC (~32dB), 50ms Low Latency, 4Mics ENx, 42Hrs Battery, Fast Charge, IPX5, v5.3 Bluetooth TWS in Ear Earbuds Wireless Earphones with mic (White)",1299.0,5990.0,0.78,3.7,2073.0,"Electronics > Headphones, Earbuds & Accessories > Headphones > In-Ear",In-Ear
B01H3F3LJ6,https://www.amazon.in/dp/B01H3F3LJ6?th=1&psc=1&language=en_IN,"PHILIPS Audio SPA8000B/94 5.1 Channel 120W Multimedia Speaker System with Bluetooth Connectivity, 5X15W Satellite Speakers, USB, LED Display, Robust Design & Matte Finish (Black)",9999.0,13490.0,0.26,4.0,3899.0,Electronics > Home Audio > Speakers > Multimedia Speaker Systems,Multimedia Speaker Systems
B09JC7FD5N,https://www.amazon.in/dp/B09JC7FD5N?th=1&psc=1&language=en_IN,"M-Player Compatible with iPod Nano 3rd(4gb,Silver)",19760.0,44627.7,0.56,4.026315789473684,1837.7631578947369,Electronics > Portable Media Players > Accessories > MP3/MP4 Accessories > Cases,Cases
B0CDPNTPJL,https://www.amazon.in/dp/B0CDPNTPJL?th=1&psc=1&language=en_IN,"boAt Immortal 181 in Ear TWS Gaming Earbuds with up to 40 hrs Playtime,Quad Mics with ENx Tech,Beast Mode with 40ms Latency,ASAP Charge,IPX4,IWP, RGB LED Lights, BTv5.3(White Sabre)",799.0,3499.0,0.77,3.6,62.0,"Electronics > Headphones, Earbuds & Accessories > Headphones > In-Ear",In-Ear
B0BTZ62Y7L,https://www.amazon.in/dp/B0BTZ62Y7L?th=1&psc=1&language=en_IN,"Boat Rockerz Trinity in Ear Earphones with 150H Playtime, Crystal Bionic Sound Powered by HiFi, Signature Sound, Beast™ Mode, ENx™ Tech, ASAP™ Charge,IPX5,Dual Pairing(Cosmic Black)",2618.412331406551,5360.055396825397,0.5959722222222222,3.6,4081.0,"Electronics > Headphones, Earbuds & Accessories > Headphones > In-Ear",In-Ear
B08C5HYHYB,https://www.amazon.in/dp/B08C5HYHYB?th=1&psc=1&language=en_IN,Samsung Galaxy Buds-Live Active Noise-Cancelling Wireless Bluetooth 5.0 Earbuds (Mystic Black),36306.0,60240.0,0.4,4.4,25631.0,"Electronics > Headphones, Earbuds & Accessories > Headphones > In-Ear",In-Ear
B0DCVPY1LV,https://www.amazon.in/dp/B0DCVPY1LV?th=1&psc=1&language=en_IN,"soundcore by Anker R50i VI True Wireless Earbuds, 10mm Drivers with Big Bass, Bluetooth 5.3, 30H Long Playtime, Water-Resistant, 2 Mics for AI Clear Calls, 22 Preset EQs, Customization via App",1099.0,2249.0,0.51,4.2,39107.0,"Electronics > Headphones, Earbuds & Accessories > Headphones > In-Ear",In-Ear
B074SCT5MQ,https://www.amazon.in/dp/B074SCT5MQ?th=1&psc=1&language=en_IN,abcGoodefg 3in1 Multi-Function Universal Pouch Bag Holster Case for GPS PMR446 Motorola Kenwood Midland ICOM Yaesu Two Way Radio Transceiver Walkie Talkie (20C-2PACK),4546.0,6819.19,0.33,4.5,997.0,Electronics > GPS & Accessories > Accessories > Cases,Cases
B079TR2BVY,https://www.amazon.in/dp/B079TR2BVY?th=1&psc=1&language=en_IN,"Upix® AC Remote No. 18, Compatible with Onida AC Remote Control - Old Remote Functions Must BE Exactly Same",352.0,899.0,0.61,4.0,239.0,"Electronics > Home Theater, TV & Video > Accessories > Remote Controls",Remote Controls
B0CHN2D8KM,https://www.amazon.in/dp/B0CHN2D8KM?th=1&psc=1&language=en_IN,"SAMSUNG SmartTag2 (2023) Bluetooth + UWB, IP67 Water and Dust Resistant, Findable via App, 1.5 Year Battery Life - Black (International Version)",4300.0,7999.0,0.46,4.4,2490.0,Electronics > GPS & Accessories > Item Finders,Item Finders
B0F5MSJWM9,https://www.amazon.in/dp/B0F5MSJWM9?th=1&psc=1&language=en_IN,Blue Star AC Remote Original Compatible (Come with 2 AAA Batteries),499.0,699.0,0.29,3.8,503.0,"Electronics > Home Theater, TV & Video > Accessories > Remote Controls",Remote Controls
B09Q62LFQP,https://www.amazon.in/dp/B09Q62LFQP?th=1&psc=1&language=en_IN,Oboe Silicone TV Remote Cover Compatible With LG AN-MR21GA (2021) MR22GA (2022) MR23GA (2023) Magic Remote Case With Loop (B-Black) [Remote NOT Included],379.0,1499.0,0.75,4.4,3106.0,"Electronics > Home Theater, TV & Video > Accessories > Remote Controls",Remote Controls
B0DLN3TNJ7,https://www.amazon.in/dp/B0DLN3TNJ7?th=1&psc=1&language=en_IN,"Upix USB Mi Trimmer Charging Cable 1 Meter (3.2 Feet), Compatible for Mi Trimmer, Shavers, Body Groomers - Black (Please match Cable Port before Ordering) (Works with 5V USB Adapter Only)",255.0,799.0,0.68,3.8,68.0,Computers & Accessories > Accessories & Peripherals > Cables & Accessories > Cables > USB Cables,USB Cables
B0DT91ZF4S,https://www.amazon.in/dp/B0DT91ZF4S?th=1&psc=1&language=en_IN,"TOYOTONE 6"" Inch Stereo Hi-Fi Woofer | 4 Ohms | Magnet 90X17 MM | Speaker Output Power 40W RMS | Copper Coil",664.0,1099.0,0.4,4.0,69.0,Electronics > Car & Vehicle Electronics > Car Electronics > Car Audio > Car Speakers > Component Subwoofers,Component Subwoofers
B0DJ8KY3FT,https://www.amazon.in/dp/B0DJ8KY3FT?th=1&psc=1&language=en_IN,"boAt Airdopes Loop OWS Earbuds w/Clip-On Fit, Air Conduction Tech, 50HRS Battery, 4Mics ENx, Dual EQ Modes, 12mm Drivers, 40ms Latency, ASAP Charge, OWS Ear Buds in Ear Bluetooth Earphones(Cool Grey)",1999.0,7990.0,0.75,2.9,866.0,"Electronics > Headphones, Earbuds & Accessories > Headphones > Open-Ear Headphones",Open-Ear Headphones
B00316263Y,https://www.amazon.in/dp/B00316263Y?th=1&psc=1&language=en_IN,"BlueRigger 8K HDMI 2.1 Cable (6FT, 8K 60Hz HDR, 4K 120Hz, High Speed 48Gbps with Ethernet, eARC, 3D, HDCP 2.3) - Compatible with PS5, Xbox, Roku, Apple TV, Switch, PC",561.0,1199.0,0.53,4.3,49459.0,"Electronics > Home Theater, TV & Video > Accessories > Cables > HDMI Cables",HDMI Cables
B0BV6LN7S7,https://www.amazon.in/dp/B0BV6LN7S7?th=1&psc=1&language=en_IN,Celfiexpt 71-inch Selfie Stick Tripod 360 Degree Rotation Rechargeable Remote Quadripod Stand Gimbal Handle Selfie Stick for Mobile Phone Camera Gopro 360°Panoramic Shooting Vlogging Live Stream,1898.0,3999.0,0.53,4.2,899.0,Electronics > Mobiles & Accessories > Mobile Accessories > Photo & Video Accessories > Tripods,Tripods
B0C4DR8Q4M,https://www.amazon.in/dp/B0C4DR8Q4M?th=1&psc=1&language=en_IN,"Skypearll Car Tire Pressure Monitor Systems with Clock, Solar Power and USB Charge, 4 External Sensors PSI and Temperature Safety Alarm Display, TPMS for Cars",1999.0,3599.0,0.44,3.2,83.0,Car & Motorbike > Vehicle Tools > Tyre & Wheel Tools > Tyre Pressure Gauges,Tyre Pressure Gauges
B017HS2M7Q,https://www.amazon.in/dp/B017HS2M7Q?th=1&psc=1&language=en_IN,"Sony Car Speaker XS-FB102E 10 cm (4 inch) 2-Way Coaxial Speakers (Black), Peak Power - 210W, RMS Power - 30W, Rated Power - 30W",1999.0,2690.0,0.26,3.8,772.0,Electronics > Car & Vehicle Electronics > Car Electronics > Car Audio > Car Speakers > Speaker Sets,Speaker Sets
B0BQN2RMJF,https://www.amazon.in/dp/B0BQN2RMJF?th=1&psc=1&language=en_IN,"Boult Audio Z40 True Wireless in Ear Earbuds with 60H Playtime, Zen™ ENC Mic, Low Latency Gaming, Type-C Fast Charging, Made in India, 10mm Rich Bass Drivers, IPX5, Bluetooth 5.3 Ear Buds TWS (Blue)",999.0,4999.0,0.8,3.8,34547.0,"Electronics > Headphones, Earbuds & Accessories > Headphones > In-Ear",In-Ear
B08319XH53,https://www.amazon.in/dp/B08319XH53?th=1&psc=1&language=en_IN,"Mini DVD Player, All Region DVD CD/Disc Player for TV with HDMI/AV Output, HDMI/AV Cables Included, HD 1080P Supported Built-in PAL/NTSC System USB Input",4959.0,9999.0,0.5,4.2,10284.0,"Electronics > Home Theater, TV & Video > DVD Players & Recorders > DVD Players",DVD Players
B07NYS5TTT,https://www.amazon.in/dp/B07NYS5TTT?th=1&psc=1&language=en_IN,"Creative Pebble Plus 2.1 USB-Powered Desktop Speakers with Powerful Down-Firing Subwoofer and Far-Field Drivers, 8W RMS with 16W Peak Power for Computer PCs and Laptops (Black)",3499.0,5999.0,0.42,3.9,4182.0,Computers & Accessories > Accessories & Peripherals > Audio & Video Accessories > PC Speakers,PC Speakers
B07SVH63PX,https://www.amazon.in/dp/B07SVH63PX?th=1&psc=1&language=en_IN,"JBL Flip 5 Wireless Portable Bluetooth Speaker, Signature Sound with Powerful Bass Radiator, Vibrant Colors with Rugged Fabric Design, Party Boost, IPX7 Waterproof & Type C (Without Mic, Black)",7999.0,10999.0,0.27,4.4,38381.0,Electronics > Home Audio > Speakers > Bluetooth Speakers,Bluetooth Speakers
B0CRB1CP6T,https://www.amazon.in/dp/B0CRB1CP6T?th=1&psc=1&language=en_IN,"KZ EDX Pro IEM Earphone, HiFi Stereo Special Dual Magnetic Circuit Dynamic Driver Resin Inlay Metal Process in-Ear Monitors Earbuds with 5N OFC 2Pin Detachable Cable, Cyan",1092.0,1999.0,0.45,3.8,1683.0,"Electronics > Headphones, Earbuds & Accessories > Headphones > In-Ear",In-Ear
B0F63TVX86,https://www.amazon.in/dp/B0F63TVX86?th=1&psc=1&language=en_IN,Betterqualityremote Original Remote Control Compatible with jio Fiber Box with Voice Control.,699.0,999.0,0.3,4.4,8044.0,"Electronics > Home Theater, TV & Video > Accessories > Remote Controls",Remote Controls
B0DKD5MGR3,https://www.amazon.in/dp/B0DKD5MGR3?th=1&psc=1&language=en_IN,Meyaar Silicone Case for Apple Airpods 4 (2024) Cute Design for AirPods 4 with Active Noise Cancellation (ANC) with Keychain Shockproof Protective Case (Kitty (Peach)),285.0,999.0,0.71,4.3,218.0,"Electronics > Headphones, Earbuds & Accessories > Cases",Cases
B0DGTVWCC4,https://www.amazon.in/dp/B0DGTVWCC4?th=1&psc=1&language=en_IN,"boAt Rockerz 430, 40mm Drivers, Beast Mode (40ms Latency), 40hrs Playback, ENx Tech, Voice Assistant, BTv5.4, Adaptive Fit & Easy Access Controls, Bluetooth Over Ear Headphones(Bold Blue)",1199.0,2490.0,0.52,3.2,1098.0,"Electronics > Headphones, Earbuds & Accessories > Headphones > Over-Ear",Over-Ear
B09XBH7SMM,https://www.amazon.in/dp/B09XBH7SMM?th=1&psc=1&language=en_IN,"JBL PartyBox 710 Bluetooth Party Speaker with Dynamic Music Synced Flashing Club Pattern Lightshow, Pro Sound, Splashproof, PartyBox App Personalisation,Guitar and Mic Input(800 Watt RMS, Black)",64999.0,74999.0,0.13,4.6,41.0,Electronics > Home Audio > Speakers > Bluetooth Speakers,Bluetooth Speakers
B0CT3HF4HM,https://www.amazon.in/dp/B0CT3HF4HM?th=1&psc=1&language=en_IN,"Concept Kart Moondrop Space Travel True Wireless In Ear Earbuds, 13Mm Titanium Driver, Bluetooth 5.3 | Noise Cancelling Tws | Music/Game Dual Mode | Bluetooth Earbuds | Supports Android & Ios (Black)",3514.0,3999.0,0.12,3.6,20.0,"Electronics > Headphones, Earbuds & Accessories > Headphones > In-Ear",In-Ear
B0CZPM5HSZ,https://www.amazon.in/dp/B0CZPM5HSZ?th=1&psc=1&language=en_IN,"Beats Solo 4 – Wireless Bluetooth Over Ear Ultralight Headphones, Up to 50H of Battery Life, 10 min Fast Charge for 5H Battery, Mic w/Voice Assist, 3.5 mm, Apple & Android Compatible - Slate Blue",12041.263157894737,15646.588823529411,0.17823529411764708,4.5,1017.0,,nan
B0F75T23R1,https://www.amazon.in/dp/B0F75T23R1?th=1&psc=1&language=en_IN,Gemstone Diamond 2K (6 GB RAM + 128 GB ROM) Dual Knob 10.1 inch QLED Display Android auto and carplay Wireless car Stereo Music System (Free Mic),7068.375,19095.416666666668,0.5475,3.9346153846153844,215.8,Electronics > Car & Vehicle Electronics > Car Electronics > Car Audio > Car Stereos,Car Stereos
B0BBN3568V,https://www.amazon.in/dp/B0BBN3568V?th=1&psc=1&language=en_IN,"PAGARIA Portable FM/AM/SW Radio with 5 Watts Sound, Bluetooth/USB/TF, Earphone Port & Torch",1424.0,1990.0,0.28,4.0,1023.0,Electronics > Portable Media Players > Radios > AM/FM Radios,AM/FM Radios
B0CLXX5SZG,https://www.amazon.in/dp/B0CLXX5SZG?th=1&psc=1&language=en_IN,"Pioneer Ts-A942Fh 4 Way Oval Speaker 650W,Black",5000.0,6590.0,0.24,3.2,27.0,Electronics > Car & Vehicle Electronics > Car Electronics > Car Audio > Car Speakers > Coaxial Speakers,Coaxial Speakers
B0F633F2W2,https://www.amazon.in/dp/B0F633F2W2?th=1&psc=1&language=en_IN,"Sonos Arc Ultra | Soundbar with Dolby Atmos, WiFi, Bluetooth, Amazon Alexa for 9.1.4 Surround Sound for TV and Music - Black",99999.0,25923.78947368421,0.5797368421052632,4.6,37.0,Electronics > Home Audio > Speakers > Soundbar Speakers,Soundbar Speakers
B0CC2G8L22,https://www.amazon.in/dp/B0CC2G8L22?th=1&psc=1&language=en_IN,"boAt Rockerz 460 Wireless Over Ear Headphones w/Up to 30hrs Playtime, 40mm Drivers, Beast™ Mode, ENx™, Dual Pairing, BT v5.2, Instant Voice Assistant, Adaptive Fit(Active Black)",1199.0,2490.0,0.52,4.0,252.0,"Electronics > Headphones, Earbuds & Accessories > Headphones > Over-Ear",Over-Ear
B0BLS2P293,https://www.amazon.in/dp/B0BLS2P293?th=1&psc=1&language=en_IN,SKYCELL Spiral Charger Cable Protectors for Wires Protector Data Cable Saver Charging Cord Protective Cable Cover Set of 2 (8 Pieces),89.0,399.0,0.78,4.4,864.0,Computers & Accessories > Accessories & Peripherals > Cables & Accessories > Cable Connection Protectors,Cable Connection Protectors
B0CTHY2PQ9,https://www.amazon.in/dp/B0CTHY2PQ9?th=1&psc=1&language=en_IN,"Sennheiser Momentum True Wireless 4 in Ear erabuds with BT v5.4 and AURACAST Technology, Qualcomm aptX Lossless CD-Quality Audio, Intelligent Adaptive ANC, Qi Fast Charge (Black Copper)",17990.0,29990.0,0.4,4.0,1408.0,"Electronics > Headphones, Earbuds & Accessories > Headphones > In-Ear",In-Ear
B0CQKDKPS6,https://www.amazon.in/dp/B0CQKDKPS6?th=1&psc=1&language=en_IN,"Sennheiser Accentum Plus Wireless Bluetooth Over Ear Headphones-Designed in Germany with Quick-Charge,50H Battery(with ANC),Adaptive Hybrid ANC,Sound Personalization and 2 Yr Warranty-Black",13990.0,19990.0,0.3,4.2,664.0,"Electronics > Headphones, Earbuds & Accessories > Headphones > Over-Ear",Over-Ear
B00NIS8IZ0,https://www.amazon.in/dp/B00NIS8IZ0?th=1&psc=1&language=en_IN,"Yamaha DBR12 (12"") Powered Speakers 1000 watts Auxiliary (Black)",39569.0,50600.0,0.22,4.6,116.0,Musical Instruments > PA & Stage > Speakers > Full-Range,Full-Range
B0BVMWZBTB,https://www.amazon.in/dp/B0BVMWZBTB?th=1&psc=1&language=en_IN,"Zebronics Octave Dolby Tower Speaker with 340W RMS Power, Wireless mic, Karaoke, 8 Subwoofer, 3 Way Design, HDMI ARC, Optical, Bluetooth 5.0, LED Display, Touch Panel & Remote Control (Black)",17999.0,39999.0,0.55,3.5,62.0,Electronics > Home Audio > Speakers > Tower Speakers,Tower Speakers
B0DZXX6SKP,https://www.amazon.in/dp/B0DZXX6SKP?th=1&psc=1&language=en_IN,"boAt Airdopes Plus 311 (2025 Launch), Glass Design, Dual Mics ENx, Fast Charge, 50 Hrs Battery, Low Latency, IPX4, Bluetooth Earbuds, TWS Ear Buds Wireless Earphones with mic (Crimson Red)",999.0,3990.0,0.75,4.0,1153.0,"Electronics > Headphones, Earbuds & Accessories > Headphones > In-Ear",In-Ear
B07ZQK4GF4,https://www.amazon.in/dp/B07ZQK4GF4?th=1&psc=1&language=en_IN,"AMZJK Universal Remote Control for All Samsung TV for All LCD LED HDTV 3D Smart TVs Remote, Black",215.0,299.0,0.28,3.4,23953.0,"Electronics > Home Theater, TV & Video > Accessories > Remote Controls",Remote Controls
B0F22C1Y4J,https://www.amazon.in/dp/B0F22C1Y4J?th=1&psc=1&language=en_IN,"boAt Stone Uno, 3W Signature Sound, 6HRS Battery, TWS Feature, Bluetooth v5.4 & Type-C Interface, Bluetooth Speaker, Wireless Speaker, Portable Speaker(Raging Black)",499.0,2990.0,0.83,2.8,22.0,Electronics > Home Audio > Speakers > Bluetooth Speakers,Bluetooth Speakers
B09BJYGS2R,https://www.amazon.in/dp/B09BJYGS2R?th=1&psc=1&language=en_IN,"7SEVEN® Compatible with HTR-U27E HAIER TV Remote Control with Google Assistant, Bluetooth Voice Command HAIER Remote Android tv with Netflix YouTube hot Keys. Pairing Must!",1299.0,4999.0,0.74,4.1,91.0,"Electronics > Home Theater, TV & Video > Accessories > Remote Controls",Remote Controls
B0CD26NJDY,https://www.amazon.in/dp/B0CD26NJDY?th=1&psc=1&language=en_IN,"JBL Authentics 300, Portable Smart Home Wifi Speaker & Music Streaming,Upto 8Hrs Playtime, Voice Assist & Bluetooth Connectivity,Automatic Calibration,Compatible with Google Home & Alexa, Retro Design",39999.0,54999.0,0.27,4.5,388.0,Electronics > Home Audio > Speakers > Bluetooth Speakers,Bluetooth Speakers
B0D7MNX9Y5,https://www.amazon.in/dp/B0D7MNX9Y5?th=1&psc=1&language=en_IN,Apple EarPods with Lightning Connector,1549.0,2000.0,0.23,4.1,3701.0,"Electronics > Headphones, Earbuds & Accessories > Headphones > In-Ear",In-Ear
B0DY8C7PDN,https://www.amazon.in/dp/B0DY8C7PDN?th=1&psc=1&language=en_IN,"Onelap GO Portable GPS (with 4G SIM) - Wireless GPS Tracker for Car, Kids School Bag, Scooty, Trucks or Anything | 10000 mAH Battery | Voice Monitoring | Magnetic Grip | 1 Year Android & iOS App",3890.0,13999.0,0.72,4.4,15456.0,Electronics > GPS & Accessories > GPS Trackers,GPS Trackers
B0F8X9QYXP,https://www.amazon.in/dp/B0F8X9QYXP?th=1&psc=1&language=en_IN,Kanget® QuietComfort Ultra Wireless Noise Cancelling Headphones with Spatial Audio - Black,8920.576086956522,12721.32558139535,0.493139534883721,4.044999999999999,11099.55,"Electronics > Headphones, Earbuds & Accessories > Headphones > Over-Ear",Over-Ear
B0C11J5YZH,https://www.amazon.in/dp/B0C11J5YZH?th=1&psc=1&language=en_IN,SOUND FIRE SF-0010 (Black) Bluetooth/USB/SD/AUX/FM/MP3 Car Stereo,796.0,1999.0,0.6,4.0,61.0,Electronics > Car & Vehicle Electronics > Car Electronics > Car Audio > Car Stereos,Car Stereos
B0CX1NK999,https://www.amazon.in/dp/B0CX1NK999?th=1&psc=1&language=en_IN,"JBL Partybox 320, Portable Bluetooth 240W Party Speaker, AI Sound Boost, Futuristic Light Show, Multispeaker Connection by Auracast, Telescopic Handle & Wheels, Dual Guitar & Mic Inputs (Black)",39999.0,54999.0,0.27,4.6,895.0,Electronics > Home Audio > Speakers > Bluetooth Speakers,Bluetooth Speakers
B0DNFPSF15,https://www.amazon.in/dp/B0DNFPSF15?th=1&psc=1&language=en_IN,"Diamond Android SystemTouchCar Screen10.1In Car Stereo Android System for Car Wireless Android Auto Car Play,4GB/64GB,4th GenCar Display Screen Android System for Car|GPS,Bluetooth,WiFi,FM,AHD Camera",8999.0,33000.0,0.73,3.6,55.0,Electronics > Car & Vehicle Electronics > Car Electronics > Car Audio > Car Stereos,Car Stereos
B0CTMTYY1D,https://www.amazon.in/dp/B0CTMTYY1D?th=1&psc=1&language=en_IN,"JBL Tune 310 Wired in-Ear Type C Headphones, Hi-Res Audio with Digital-to-Analog Converter, 3-Button EQ Preset Remote with Microphone, Tangle-Free Flat Cable, Compatible with USB-C Devices (Black)",1299.0,1999.0,0.35,3.2,1067.0,"Electronics > Headphones, Earbuds & Accessories > Headphones > In-Ear",In-Ear
B0CXPRP216,https://www.amazon.in/dp/B0CXPRP216?th=1&psc=1&language=en_IN,Nothing Wireless Earphones NOTHING Ear (a) Noise Cancelling/ChatGPT Compatible/Bluetooth/Up to 40.5 Hours of Use/Lightweight/Outsound Capture/High Resolution Support (Yellow),21999.0,24999.0,0.12,4.4,3554.0,"Electronics > Headphones, Earbuds & Accessories > Headphones > In-Ear",In-Ear
B09ZPL4HQ5,https://www.amazon.in/dp/B09ZPL4HQ5?th=1&psc=1&language=en_IN,7SEVEN® Compatible with O General AC Remote AR-RHA2E Model 203 Suitable Only for ASGG30CETA-B ASGG36CETAB ASGA24BMAA-B ASGA24FUTD-B ASGG30CETA-B Air Conditioner of Ogeneral,539.0,999.0,0.46,3.7,14.0,"Electronics > Home Theater, TV & Video > Accessories > Remote Controls",Remote Controls
B0F5MSJWM9,https://www.amazon.in/dp/B0F5MSJWM9?th=1&psc=1&language=en_IN,Blue Star AC Remote Original Compatible (Come with 2 AAA Batteries),499.0,699.0,0.29,3.8,503.0,"Electronics > Home Theater, TV & Video > Accessories > Remote Controls",Remote Controls
B0F6KGTB3W,https://www.amazon.in/dp/B0F6KGTB3W?th=1&psc=1&language=en_IN,Wireless Earbuds Bluetooth 5.1 TWS Earphones Full Touch Control Headphones Built-in Microphone Immersive Sound Quality Ensure Fast Stable & Connection Smart LED Headset Sports Bud,338.0,799.0,0.58,3.9,25.0,"Electronics > Headphones, Earbuds & Accessories > Headphones > In-Ear",In-Ear
B0DC6VGNBQ,https://www.amazon.in/dp/B0DC6VGNBQ?th=1&psc=1&language=en_IN,"realme Buds T01 Truly Wireless in Ear Earbuds with AI ENC for Calls, 13mm Dynamic Driver, Upto 28Hrs Battery,88mm Latency,Bluetooth V5.4 & Google Fast Pair (Black)",1099.0,2999.0,0.63,3.7,337.0,"Electronics > Headphones, Earbuds & Accessories > Headphones > In-Ear",In-Ear
B0CMZWW78K,https://www.amazon.in/dp/B0CMZWW78K?th=1&psc=1&language=en_IN,BAERFIT 10 Pcs Controller Thumb Grips Joy Stick Replacement Ps 5c Console Thumb Grip Caps Compatible with ps5 Remote Controller Thumb Grips Ps4 Accessories Xbox One/360 Game Controller Joystick caps,218.0,290.0,0.25,4.7,113.0,Video Games > PlayStation 4 > Accessories > Thumb Grips,Thumb Grips
B0961X3R2H,https://www.amazon.in/dp/B0961X3R2H?th=1&psc=1&language=en_IN,"Sony HT-S40R Real 5.1ch Dolby Audio Soundbar for TV with Subwoofer & Wireless Rear Speakers, 5.1ch Home Theatre System (600W, Bluetooth & USB Connectivity, HDMI & Optical Connectivity, Sound Mode)",26990.0,34990.0,0.23,4.6,7837.0,"Electronics > Home Theater, TV & Video > Home Theater Systems",Home Theater Systems
B09X78PKS4,https://www.amazon.in/dp/B09X78PKS4?th=1&psc=1&language=en_IN,7SEVEN® Compatible with Videocon Ac Remote YB1F2 Part Number and 18a Suitable List of Remotes Model YB1FA YB0F YB1FB YB0F2 YB1FAF YB1F2F YB1F Y512V2 YB1B4 Y612C Y201M YAP0D Y202,359.0,799.0,0.55,3.3,63.0,"Electronics > Home Theater, TV & Video > Accessories > Remote Controls",Remote Controls
B08TZRP19J,https://www.amazon.in/dp/B08TZRP19J?th=1&psc=1&language=en_IN,Bang & Olufsen Beoplay HX Comfortable Wireless ANC Over Ear Headphones - Black Anthracite,8920.576086956522,12721.32558139535,0.493139534883721,4.2,1268.0,"Electronics > Headphones, Earbuds & Accessories > Headphones > Over-Ear",Over-Ear
B0DBHD2F5R,https://www.amazon.in/dp/B0DBHD2F5R?th=1&psc=1&language=en_IN,"boAt Nirvana Ivy, 50dB Hybrid Active Noise Cancellation, 360º Spatial Audio,Fast Charge,App Support, v5.3 Bluetooth Earbuds, TWS Ear Buds Wireless Earphones with mic (Gunmetal Black)",2999.0,17990.0,0.83,3.8,529.0,"Electronics > Headphones, Earbuds & Accessories > Headphones > In-Ear",In-Ear
B0DDCJYRXC,https://www.amazon.in/dp/B0DDCJYRXC?th=1&psc=1&language=en_IN,Carlizem Latest 2025 Wireless Carplay and Android Auto Adapter 2-in-1 | Quick Connection & Auto Reconnect | Bluetooth 5.3 & 5.8Ghz WiFi| High Performance | Easy to Use & Setup iOS & Android,4179.0,9000.0,0.54,4.4,246.0,Electronics > Car & Vehicle Electronics > Car & Vehicle Electronics Accessories > Audio & Video Accessories,Audio & Video Accessories
B0BTZ62Y7L,https://www.amazon.in/dp/B0BTZ62Y7L?th=1&psc=1&language=en_IN,"Boat Rockerz Trinity in Ear Earphones with 150H Playtime, Crystal Bionic Sound Powered by HiFi, Signature Sound, Beast™ Mode, ENx™ Tech, ASAP™ Charge,IPX5,Dual Pairing(Cosmic Black)",2618.412331406551,5360.055396825397,0.5959722222222222,3.6,4081.0,"Electronics > Headphones, Earbuds & Accessories > Headphones > In-Ear",In-Ear
B0DSC2Z45C,https://www.amazon.in/dp/B0DSC2Z45C?th=1&psc=1&language=en_IN,"5 Years Warranty Ac Remote Compatible for Carrier Ac Remote 1 ton 1.5 ton 2 ton, Flexi Cool 6 in 1 Model no. RG56CMI-B2, Black",495.39864864864865,1239.0067567567567,0.5502027027027028,4.8,10.0,"Electronics > Home Theater, TV & Video > Accessories > Remote Controls",Remote Controls
B06XBX8C9H,https://www.amazon.in/dp/B06XBX8C9H?th=1&psc=1&language=en_IN,LOHAYA Air Conditioner Remote Compatible with Whirlpool/Godrej Split/Window AC Remote (AC-19A) Control by LOHAYA,399.0,999.0,0.6,3.4,455.0,"Electronics > Home Theater, TV & Video > Accessories > Remote Controls",Remote Controls
B0CT5F1SW4,https://www.amazon.in/dp/B0CT5F1SW4?th=1&psc=1&language=en_IN,"Tribit XSound Plus 2 30W 5.3 Bluetooth Wireless Speakers,Powerful Louder Stereo Sound with Bass-Enhanced XBass Function,24H Playtime,IPX7 Waterproof,Built in Mic,150ft BT Range for Home/Outdoor,Black",5699.0,7999.0,0.29,4.4,1530.0,Electronics > Home Audio > Speakers > Outdoor Speakers,Outdoor Speakers
B0DWFMMS3Y,https://www.amazon.in/dp/B0DWFMMS3Y?th=1&psc=1&language=en_IN,"INICIO Magnetic M.2 2230 NVMe SSD Enclosure 8 in 1 Hub with Mag-Safe, USB C 3.2 Gen2 4K HDMI SD TF Card Reader PD100W 10Gbps Adapter For iPhone 16 15 Pro Max ProRes, MacBook Pro Air, iPad Pro, Android",3999.0,7999.0,0.5,4.5,4.0,Computers & Accessories > Accessories & Peripherals > Hard Drive Accessories > Enclosures,Enclosures
B0CWY1BPFD,https://www.amazon.in/dp/B0CWY1BPFD?th=1&psc=1&language=en_IN,"Portronics Pure Sound 106 | 120W Bluetooth Soundbar with Wired Subwoofer for Deep Bass, 2.1 Channel Home Theatre, HD Sound,3 EQ Modes, BT 5.3V,HDMI, AUX in, USB Port, Sleek Remote Control(Black)",4999.0,12999.0,0.62,4.1,43.0,Electronics > Home Audio > Speakers > Soundbar Speakers,Soundbar Speakers
B08ZHGKDGV,https://www.amazon.in/dp/B08ZHGKDGV?th=1&psc=1&language=en_IN,(Refurbished) Razer BlackShark V2 X - Wired Gaming Headset - Black - RZ04-03240100-R3M1,1833.0,3799.0,0.46799999999999997,4.2,31.0,Computers & Accessories > Accessories & Peripherals > PC Gaming Peripherals > Headsets,Headsets
B0C3ZYFZ77,https://www.amazon.in/dp/B0C3ZYFZ77?th=1&psc=1&language=en_IN,"Boat Airdopes Joy, 35Hrs Battery, Fast Charge, IWP Tech, Low Latency, 2Mic ENx, Type-C Port, v5.3 Bluetooth Earbuds, TWS Ear Buds Wireless Earphones with mic(Jet Black)",899.0,3490.0,0.74,3.8,1174.0,"Electronics > Headphones, Earbuds & Accessories > Headphones > In-Ear",In-Ear
B0BQN2RMJF,https://www.amazon.in/dp/B0BQN2RMJF?th=1&psc=1&language=en_IN,"Boult Audio Z40 True Wireless in Ear Earbuds with 60H Playtime, Zen™ ENC Mic, Low Latency Gaming, Type-C Fast Charging, Made in India, 10mm Rich Bass Drivers, IPX5, Bluetooth 5.3 Ear Buds TWS (Blue)",999.0,4999.0,0.8,3.8,34547.0,"Electronics > Headphones, Earbuds & Accessories > Headphones > In-Ear",In-Ear
B0DFC7SWYN,https://www.amazon.in/dp/B0DFC7SWYN?th=1&psc=1&language=en_IN,"Boult Klarity 3 6-Mic Hybrid ANC (Upto 50dB) in Ear Earbuds, Spatial Audio, Dual Device Pairing, 50H Playtime, Wind Noise Reduction 6 Mic Calling, Type-C Fast Charging, 13mm Bass Driver TWS (Black)",1799.0,5999.0,0.7,3.4,2045.0,"Electronics > Headphones, Earbuds & Accessories > Headphones > In-Ear",In-Ear
B00O1A9FT2,https://www.amazon.in/dp/B00O1A9FT2?th=1&psc=1&language=en_IN,"Jabra Evolve 20 Ms Stereo in Ear, Wired, Black, Pack of 1",4839.0,7156.0,0.32,3.9,707.0,"Electronics > Headphones, Earbuds & Accessories > Headphones > In-Ear",In-Ear
B0C8FRF8KS,https://www.amazon.in/dp/B0C8FRF8KS?th=1&psc=1&language=en_IN,"(Refurbished) Ant Esports GS270 2.1 Stereo Wired Gaming Speakers with Subwoofer, RGB Lights Stereo Bass 11W - Black",1670.9285714285713,2962.714285714286,0.47500000000000003,3.5,49.0,Computers & Accessories > Accessories & Peripherals > Audio & Video Accessories > PC Speakers,PC Speakers
B0BR677K4Y,https://www.amazon.in/dp/B0BR677K4Y?th=1&psc=1&language=en_IN,"Boxwave Corporation Cable Compatible With Ayaneo Air Pro (Cable By ) - Powerdisplay Pd Cable (6Ft) - Usb-C To Usb-C (100W), Led Display 6 Foot Pd Braided Nylon Cable For Ayaneo Air Pro - Jet Black",4783.0,849.0,0.735,3.6166666666666667,61.666666666666664,Computers & Accessories > Accessories & Peripherals > Cables & Accessories > Cables > USB Cables,USB Cables
B0DCF4BB2B,https://www.amazon.in/dp/B0DCF4BB2B?th=1&psc=1&language=en_IN,Sounce Earphone Case Cover for Boult Audio Z40 Gaming TWS Soft Silicone Skin Case Cover Shock Absorbing Protective Case with Keychain [Front LED Visible] - Black,109.0,499.0,0.78,3.9,3043.0,"Electronics > Headphones, Earbuds & Accessories > Cases",Cases
B0DYDZG3GS,https://www.amazon.in/dp/B0DYDZG3GS?th=1&psc=1&language=en_IN,"Onelap LocoShield™ 2025 Waterproof GPS (4G SIM) - IP67 Wired GPS Tracker for Bike, Car etc | Bike Wash Protect | Plug & Play | Remote Engine Stop Compatible | Engine On/Off Alerts | 1 Year Mobile App",1990.0,6990.0,0.72,4.4,15456.0,Electronics > GPS & Accessories > GPS Trackers,GPS Trackers
B07SVH63PX,https://www.amazon.in/dp/B07SVH63PX?th=1&psc=1&language=en_IN,"JBL Flip 5 Wireless Portable Bluetooth Speaker, Signature Sound with Powerful Bass Radiator, Vibrant Colors with Rugged Fabric Design, Party Boost, IPX7 Waterproof & Type C (Without Mic, Black)",7999.0,10999.0,0.27,4.4,38381.0,Electronics > Home Audio > Speakers > Bluetooth Speakers,Bluetooth Speakers
B0CLRQMKYR,https://www.amazon.in/dp/B0CLRQMKYR?th=1&psc=1&language=en_IN,"JioMotive OBD GPS Tracker & Wi-fi Router| 4G eSIM Plug n Play| Instant On/Off, Geo Fencing Alerts| 1 Year Free Subscription| Jio Locked",3999.0,11999.0,0.67,3.6,1134.0,Electronics > GPS & Accessories > GPS Trackers,GPS Trackers
B0CCL98TPS,https://www.amazon.in/dp/B0CCL98TPS?th=1&psc=1&language=en_IN,"FINGERS SizeZero Pods2 World's Tiniest TWS Earbuds with 15-Hour Total Playtime, Quick Charge of 10 mins for 2-Hour Playtime, Built-in Mic with SNC™ Technology for Clear Calls (Lilac)",1349.0,2499.0,0.46,3.5,185.0,"Electronics > Headphones, Earbuds & Accessories > Headphones > In-Ear",In-Ear
B09YL76VSR,https://www.amazon.in/dp/B09YL76VSR?th=1&psc=1&language=en_IN,"Sony LinkBuds S WF-LS900N Noise Cancellation Bluetooth Earbuds, TWS, Hi-Res Audio, Up to 23Hrs Battery-Black",10990.0,24990.0,0.56,3.8,4786.0,"Electronics > Headphones, Earbuds & Accessories > Headphones > In-Ear",In-Ear
B0D2DFMNHW,https://www.amazon.in/dp/B0D2DFMNHW?th=1&psc=1&language=en_IN,"Meyaar Compatible for AirPods Pro 2nd Generation Case Cover with Keychain, Soft Silicone Skin Case Cover Full Protective (Only Silicone Cover) (Cool Kitty)",285.0,799.0,0.64,3.9,1041.0,"Electronics > Headphones, Earbuds & Accessories > Cases",Cases
B0DKTZ6592,https://www.amazon.in/dp/B0DKTZ6592?th=1&psc=1&language=en_IN,"All-new Amazon Kindle Paperwhite (16 GB) – Our fastest Kindle ever, with new 7"" glare-free display and weeks of battery life",16999.0,21999.0,0.23,4.8,85.0,,nan
B09D985JP8,https://www.amazon.in/dp/B09D985JP8?th=1&psc=1&language=en_IN,LOHAYA Remote for OnePlus Y Series HD Ready LED Smart Android TV [32 INC [32Y1] 43 INC [43Y1] | 1+ Android TV Remote with Netflix YouTube Prime Video [Non-Voice & NO PARING Needed] (2ND GEN NON VOICE),299.0,1999.0,0.85,3.5,411.0,"Electronics > Home Theater, TV & Video > Accessories > Remote Controls",Remote Controls
B0B4G44RFS,https://www.amazon.in/dp/B0B4G44RFS?th=1&psc=1&language=en_IN,"Zebronics Zeb-Storm Wired Headphone with 3.5mm Jack, Built in Microphone for Calling, 1.5 Meter Cable, Soft Ear Cushion, Adjustable Headband, Foldable Ear Cups and Lightweight Design (Black)",449.0,799.0,0.44,3.7,2369.0,"Electronics > Headphones, Earbuds & Accessories > Headphones > On-Ear",On-Ear
B00608WXGA,https://www.amazon.in/dp/B00608WXGA?th=1&psc=1&language=en_IN,BlueRigger High Speed Mini HDMI(NOT Micro) to HDMI cable with Ethernet (6 Feet / 1.8 Meters),659.0,1199.0,0.45,4.3,7541.0,"Electronics > Home Theater, TV & Video > Accessories > Cables > HDMI Cables",HDMI Cables
B0CDGGT5RJ,https://www.amazon.in/dp/B0CDGGT5RJ?th=1&psc=1&language=en_IN,"OnePlus Bullets Wireless Z2 ANC Bluetooth in Ear Earphones with Mic, 45dB Hybrid ANC, Bombastic Bass - 12.4 mm Drivers, 10 Mins Charge - 20 Hrs Music, 28 Hrs Battery (Grand Green)",1799.0,2999.0,0.4,4.1,193572.0,"Electronics > Headphones, Earbuds & Accessories > Headphones > In-Ear",In-Ear
B000GFK81K,https://www.amazon.in/dp/B000GFK81K?th=1&psc=1&language=en_IN,"CleanDr VHS Video Head Cleaner, Dry Technology - No Fluid Required (6012800)",2251.0,7000.0,0.68,4.2,4658.0,"Electronics > Home Theater, TV & Video > Accessories > Cleaning > Head Cleaners",Head Cleaners
B0CR1NWYLD,https://www.amazon.in/dp/B0CR1NWYLD?th=1&psc=1&language=en_IN,"ZEBRONICS Juke BAR 3902 Soundbar with 140 Watts, HDMI (ARC), Optical, USB, AUX, Bluetooth v5.0, Virtual 5.1, Wall Mountable Design",18077.130952380954,25923.78947368421,0.5797368421052632,4.0,437.0,Electronics > Home Audio > Speakers > Soundbar Speakers,Soundbar Speakers
B0CDH5P5NK,https://www.amazon.in/dp/B0CDH5P5NK?th=1&psc=1&language=en_IN,GM Cuba 3341 Power Strip with USB Type–C & 3 International Sockets | Extension Cord with Surge Protection | Fireproof Body Upto 750 Degree | 3.4A Power Output & 1.8mtr Cord Spike Guard,699.0,999.0,0.3,4.2,686.0,Electronics > Power Accessories > Extension Cords,Extension Cords
B08HRWSYH6,https://www.amazon.in/dp/B08HRWSYH6?th=1&psc=1&language=en_IN,"JBL Clip 4, Wireless Ultra Portable Bluetooth Speaker, Pro Sound, Integrated Carabiner, Vibrant Colors with Rugged Fabric Design, Dust & Waterproof, Type C (Without Mic, Black)",3299.0,5499.0,0.4,4.4,14031.0,Electronics > Home Audio > Speakers > Bluetooth Speakers,Bluetooth Speakers
B0F9B1Z33J,https://www.amazon.in/dp/B0F9B1Z33J?th=1&psc=1&language=en_IN,P9 Best wirless gameing Headphone,1833.0,3799.0,0.46799999999999997,3.630769230769231,3010.5,Computers & Accessories > Accessories & Peripherals > PC Gaming Peripherals > Headsets,Headsets
B002RJLHB8,https://www.amazon.in/dp/B002RJLHB8?th=1&psc=1&language=en_IN,Polk Audio T15 100 Watt 5.1 Channel Wired Bookshelf Speaker with Dolby (Black),15999.0,16900.0,0.05,4.6,10480.0,Electronics > Home Audio > Speakers > Bookshelf Speakers,Bookshelf Speakers
B00LQJHMXW,https://www.amazon.in/dp/B00LQJHMXW?th=1&psc=1&language=en_IN,"Sony Car Amplifier XM-N1004 1000W 4 Channel / 3 Channel / 2 Channel Amplifier (Black), Rated Power: 4ohm - 70W x 4, 4ohmBTL - 175W x 2, 2ohm - 85W x 4, Low Pass Filter and high Pass Filter",7989.0,9990.0,0.2,4.2,1369.0,Electronics > Car & Vehicle Electronics > Car Electronics > Car Audio > Car Amplifiers > Multichannel Amplifiers,Multichannel Amplifiers
B09DG9RCXB,https://www.amazon.in/dp/B09DG9RCXB?th=1&psc=1&language=en_IN,Blaupunkt BT03 Wireless Bluetooth Speaker with Deep Bass & Mobile Stand (Black),764.0,1999.0,0.62,3.9,1291.0,Electronics > Home Audio > Speakers > Bluetooth Speakers,Bluetooth Speakers
B0D6Y7Y3N3,https://www.amazon.in/dp/B0D6Y7Y3N3?th=1&psc=1&language=en_IN,"boAt Rockerz 255 Z Plus,AI-Enx Tech,Spatial Audio,50HRS Battery,Low Latency Mode,Fast Charge,App Support,IPX4,GFPS,BT V5.3,Bluetooth Neckband,in Ear Wireless with Mic Earphones (Classic Black)",999.0,4489.0,0.78,3.9,227806.0,"Electronics > Headphones, Earbuds & Accessories > Headphones > In-Ear",In-Ear
B0DPXCM5NC,https://www.amazon.in/dp/B0DPXCM5NC?th=1&psc=1&language=en_IN,"boAt Airdopes Ultra Pro (2025 Launch), 100Hrs Battery, Dual Pairing, Spatial Audio,App Support, Fast Charge,4Mics ENx, v5.3 Bluetooth Earbuds, TWS Ear Buds Wireless Earphones with mic (Gunmetal Black)",1999.0,6990.0,0.71,4.3,391.0,"Electronics > Headphones, Earbuds & Accessories > Headphones > In-Ear",In-Ear
B0DTRRS558,https://www.amazon.in/dp/B0DTRRS558?th=1&psc=1&language=en_IN,"Intex IT-120 2.0 Channel Desktop Speaker with 10W Powerful Sound, USB Powered, 3.5mm Jack, in-Line Volume Control, Loud & Compact Design, Portable for Laptop, Computer, Mobile – Grey",1670.9285714285713,2962.714285714286,0.47500000000000003,3.7941176470588234,5087.882352941177,Computers & Accessories > Accessories & Peripherals > Audio & Video Accessories > PC Speakers,PC Speakers
B0D7M4G3NP,https://www.amazon.in/dp/B0D7M4G3NP?th=1&psc=1&language=en_IN,Samsung Galaxy Buds 3 Pro (Silver) with Galaxy AI | Adaptive ANC | Real-time Interpreter | 24-bit Hi-Fi Audio | Up to 37H Battery | IP57,18499.0,24999.0,0.26,3.9,422.0,"Electronics > Headphones, Earbuds & Accessories > Headphones > In-Ear",In-Ear
B0C8NQ6QV4,https://www.amazon.in/dp/B0C8NQ6QV4?th=1&psc=1&language=en_IN,"AmazonBasics 16-Gauge/AWG Speaker Wire, Oxygen-Free Copper, Two Conductors, Audio Speaker Cable for Car, Stereo, Subwoofer, Home Theatre, Hi-Fi Surround Sound (50 Feet, Copper, Transparent)",363.0,1099.0,0.67,3.9,201.0,Car & Vehicle Electronics > Car & Vehicle Electronics Accessories > Audio & Video Accessories > Electronics Installation Equipment > Speaker Wire,Speaker Wire
B0748N1BZD,https://www.amazon.in/dp/B0748N1BZD?th=1&psc=1&language=en_IN,"Bose SoundLink Micro, Portable Outdoor Speaker, (Wireless Bluetooth Connectivity), Black",10899.0,16798.04651162791,0.4441860465116279,4.5,52472.0,Electronics > Home Audio > Speakers > Bluetooth Speakers,Bluetooth Speakers
B0D2HKCMBP,https://www.amazon.in/dp/B0D2HKCMBP?th=1&psc=1&language=en_IN,"SHOKZ OpenRun Pro 2 Bone Conduction Sports Headphones, Open-Ear Wireless Earphones with Bluetooth 5.3, Noise Cancelling Mics, IP55 Waterproof, 12h Playtime for Running, USB-C Qiuck Charge (Black)",17999.0,25799.0,0.3,4.5,2556.0,"Electronics > Headphones, Earbuds & Accessories > Headphones > Open-Ear Headphones",Open-Ear Headphones
B0CC9J1GN3,https://www.amazon.in/dp/B0CC9J1GN3?th=1&psc=1&language=en_IN,"Boult Audio X1 Pro Wired Earphones with Type-C Port, 10mm Bass Drivers, Inline Controls, IPX5 Water Resistant, Comfort Fit earphones wired headphones with mic, Type C earphones, Voice Assistant (Blue)",449.0,999.0,0.55,3.9,89192.0,"Electronics > Headphones, Earbuds & Accessories > Headphones > In-Ear",In-Ear
B0CS3RHBZQ,https://www.amazon.in/dp/B0CS3RHBZQ?th=1&psc=1&language=en_IN,"PHILIPS TAT1209BK/00 True Wireless Earbuds, in-Ear Active Noise Cancelling Bluetooth v5.3 Earphones with Mic, 18H Play Time, Shank Shape, IPX4, Touch Controls & Charging Case for iPhone/iPad (Black)",1449.0,2999.0,0.52,4.4,2955.0,"Electronics > Headphones, Earbuds & Accessories > Headphones > In-Ear",In-Ear
B0C8NQ6QV4,https://www.amazon.in/dp/B0C8NQ6QV4?th=1&psc=1&language=en_IN,"AmazonBasics 16-Gauge/AWG Speaker Wire, Oxygen-Free Copper, Two Conductors, Audio Speaker Cable for Car, Stereo, Subwoofer, Home Theatre, Hi-Fi Surround Sound (50 Feet, Copper, Transparent)",363.0,1099.0,0.67,3.9,201.0,Car & Vehicle Electronics > Car & Vehicle Electronics Accessories > Audio & Video Accessories > Electronics Installation Equipment > Speaker Wire,Speaker Wire
B09WMJCQRM,https://www.amazon.in/dp/B09WMJCQRM?th=1&psc=1&language=en_IN,"soundcore Sport X10 True Wireless Bluetooth Sport Earbuds, Rotatable Over-Ear Hooks for Ultimate Comfort and Secure Fit, Deep Bass, IPX7 Waterproof, Sweatproof, Fast Charge, App, Gym, Running",5999.0,15998.0,0.63,4.2,9881.0,"Electronics > Headphones, Earbuds & Accessories > Headphones > In-Ear",In-Ear
B09Z25SH4W,https://www.amazon.in/dp/B09Z25SH4W?th=1&psc=1&language=en_IN,"Fleettrack Pro (with 12 Months SIM Recharge) - Wired GPS Tracker for Car, Bike, Scooty, EV, Trucks | Live Location, Instant Engine ON/Off Alerts, Theft Alarms with Next-Gen Mobile App",2520.0,5999.0,0.58,4.5,1895.0,Electronics > GPS & Accessories > GPS Trackers,GPS Trackers
B0CDMB5ZQW,https://www.amazon.in/dp/B0CDMB5ZQW?th=1&psc=1&language=en_IN,"Huawei FreeBuds SE 2, 40-Hour Battery Life, Compact and Comfortable to Grip, 3 Hours of Music Playback on a 10-Minute Charge, IP54 Dust & Splash Resistance, Robust Bluetooth 5.3 Connections (White)",2999.0,4499.0,0.33,4.5,8032.0,"Electronics > Headphones, Earbuds & Accessories > Headphones > In-Ear",In-Ear
B0DD2VL3MX,https://www.amazon.in/dp/B0DD2VL3MX?th=1&psc=1&language=en_IN,"JLab Go Pop ANC Active Noise Cancelling Earbuds, Bluetooth Earphones, 24+ Hr Playtime Wireless Headphones, IP55 Sweat-Resistant in Ear Buds with Microphone, Clear Calls & Multipoint, Black",2249.0,2999.0,0.25,4.2,948.0,"Electronics > Headphones, Earbuds & Accessories > Headphones > In-Ear",In-Ear
B0F24XNQP4,https://www.amazon.in/dp/B0F24XNQP4?th=1&psc=1&language=en_IN,Cason E7 E-Reader Tablet with Black E-Ink Display –5.8” Portable Glare-Free Ebook Reader with Long Lasting Battery for a Paper-Like Reading Experience(32 GB),7999.0,11995.0,0.33,5.0,4.0,Electronics > eBook Readers & Accessories,eBook Readers & Accessories
B0080R95XI,https://www.amazon.in/dp/B0080R95XI?th=1&psc=1&language=en_IN,"Ceptics UK Adapter for Indian Pins, India to UAE, Hong Kong, Dubai, UK Adapter Plug - Type G Plug - Perfect for Laptop, Camera, Chargers - CE - RoHS - 3 Pack -White- Lifetime Limited Warranty",648.0,1499.0,0.57,4.2,20211.0,Electronics > Power Accessories > International Power Adapters,International Power Adapters
B0C7QJBZ4G,https://www.amazon.in/dp/B0C7QJBZ4G?th=1&psc=1&language=en_IN,"OBAGE Newly Launched Home Theatre System with 200 W Surround Sound 5.1 CH, 8"" Wired Subwoofer, HDMI (ARC), BT v5.3, Multi-Channel Volume Control (Dark Black)",11500.0,25000.0,0.54,4.0,292.0,"Electronics > Home Theater, TV & Video > Home Theater Systems",Home Theater Systems
B09JP65V2X,https://www.amazon.in/dp/B09JP65V2X?th=1&psc=1&language=en_IN,JXL 1280 12 Inch Active Bass Tube Subwoofer with Imported Amplifier 6500W (Black/Round),4999.0,9999.0,0.5,4.0,421.0,Electronics > Car & Vehicle Electronics > Car Electronics > Car Audio > Car Speakers > Component Subwoofers,Component Subwoofers
B0CSSSC5W6,https://www.amazon.in/dp/B0CSSSC5W6?th=1&psc=1&language=en_IN,Lapcare Laptop Battery for HP HS03/HS04/HSTNN-LB6U/HSTNN-LB6V (Black),1499.0,2499.0,0.4,3.9,54.0,Computers & Accessories > Accessories & Peripherals > Laptop Accessories > Laptop Batteries,Laptop Batteries
B07PV1BR4H,https://www.amazon.in/dp/B07PV1BR4H?th=1&psc=1&language=en_IN,AR-RCD2E: Precision-Compatible & Featherweight Remote Control for O General Window Air Conditioner (AC 125),495.39864864864865,1239.0067567567567,0.5502027027027028,4.2,331.0,"Electronics > Home Theater, TV & Video > Accessories > Remote Controls",Remote Controls
B09YBK4982,https://www.amazon.in/dp/B09YBK4982?th=1&psc=1&language=en_IN,"TRONICA TR-1501 Auxiliary, Bluetooth Deep Bass Home Theater with Subwoofer 2.1 Channel with 55W Premium Signature Sound, Multiple Connectivity Modes, Master Remote and Sleek Finish (Black)",3348.0,6000.0,0.44,3.4,940.0,"Electronics > Home Theater, TV & Video > Home Theater Systems",Home Theater Systems
B07XDLCFLD,https://www.amazon.in/dp/B07XDLCFLD?th=1&psc=1&language=en_IN,(Refurbished) Infinity (JBL) Glide 100 Wireless in-Ear Dual EQ Deep Bass Headphones with Mic (Charcoal B,2618.412331406551,5360.055396825397,0.5959722222222222,3.3,142.0,"Electronics > Headphones, Earbuds & Accessories > Headphones > In-Ear",In-Ear
B07DFYSGS3,https://www.amazon.in/dp/B07DFYSGS3?th=1&psc=1&language=en_IN,"JBL C200SI, Premium in Ear Wired Earphones with Mic, Signature Sound, One Button Multi-Function Remote, Premium Metallic Finish, Angled Earbuds for Comfort fit (Gun Metal)",798.0,1499.0,0.47,4.0,24748.0,"Electronics > Headphones, Earbuds & Accessories > Headphones > In-Ear",In-Ear
B0BY56Q55H,https://www.amazon.in/dp/B0BY56Q55H?th=1&psc=1&language=en_IN,JBL A1500Hi Subwoofer 1500 Watt,4589.24,7865.4,0.41480000000000006,3.4,6.0,Electronics > Car & Vehicle Electronics > Car Electronics > Car Audio > Car Speakers > Component Subwoofers,Component Subwoofers
B0CFWQP9MC,https://www.amazon.in/dp/B0CFWQP9MC?th=1&psc=1&language=en_IN,"Denon AVR-X1800H 7.2 Channel AV Receiver - 80W/Channel, Wireless Streaming via Built-in HEOS, WiFi, & Bluetooth, Supports Dolby Vision, HDR10+, Dynamic HDR, and Home Automation Systems",54900.0,104900.0,0.48,4.2,202.0,"Electronics > Home Theater, TV & Video > AV Receivers & Amplifiers",AV Receivers & Amplifiers
B0BRKXF951,https://www.amazon.in/dp/B0BRKXF951?th=1&psc=1&language=en_IN,"JBL Bar 800 Pro, 7.1 (5.1.2) Channel Truly Wireless Soundbar with True Dolby Atmos® 3D Surround Sound, 10” Down-Firing Wireless Subwoofer, PureVoice, HDMI eARC, Bluetooth, Wi-Fi & Optical Input (720W)",74999.0,99999.0,0.25,3.9,22.0,Electronics > Home Audio > Speakers > Soundbar Speakers,Soundbar Speakers
B0CYLBDFZ5,https://www.amazon.in/dp/B0CYLBDFZ5?th=1&psc=1&language=en_IN,"ng EarSafe Lite Open Ear Air Conduction Headphones, Bluetooth V5.2, Dual Pairing, IPx5 Water-Resistant & sweatproof, 12h + Battery Life for Workout, Sports, All Day Long Calls (2024 Model)",1999.0,2999.0,0.33,3.6,393.0,"Electronics > Headphones, Earbuds & Accessories > Headphones > Open-Ear Headphones",Open-Ear Headphones
B0DBZG2794,https://www.amazon.in/dp/B0DBZG2794?th=1&psc=1&language=en_IN,"Tribit Soundbar Speaker S1 with Wired Subwoofer for Deep Bass(200W), 2.1 Channel TV Home Theatre, Bt v5.3, LED Display, Multiple Connectivity and 4 EQ Modes, Bass & Treble Control & Remote Control",9999.0,15999.0,0.38,4.2,58.0,Electronics > Home Audio > Speakers > Soundbar Speakers,Soundbar Speakers
B08F5JND5N,https://www.amazon.in/dp/B08F5JND5N?th=1&psc=1&language=en_IN,Bosch LBD0606 9W Wired in-Ceiling Speaker - White,1250.0,1300.0,0.04,3.8,475.0,Electronics > Home Audio > Speakers > Ceiling & In Wall Speakers,Ceiling & In Wall Speakers
B079R9G78C,https://www.amazon.in/dp/B079R9G78C?th=1&psc=1&language=en_IN,Dell Orignal Battery M5Y1K Inspiron 5558 3458 3558 3551 5558 3451 5758 Vostro 3458 3558 14.6V 2600mAh,2549.0,4199.0,0.39,3.7,2566.0,Computers & Accessories > Accessories & Peripherals > Laptop Accessories > Laptop Batteries,Laptop Batteries
B0DDYXZBZM,https://www.amazon.in/dp/B0DDYXZBZM?th=1&psc=1&language=en_IN,Original for Redmi Tv Remote Xiaomi tv Remote Control Original for Smart Android 4K Led UHD HD Xiaomi Mi Television with Bluetooth Feature and Voice Command - Pairing Must (KPDP),549.0,1499.0,0.63,2.9,207.0,"Electronics > Home Theater, TV & Video > Accessories > Remote Controls",Remote Controls
B0F7LLT7ZM,https://www.amazon.in/dp/B0F7LLT7ZM?th=1&psc=1&language=en_IN,Wireless Earbuds Bluetooth 5.1 TWS Earphones Full Touch Control Headphones Built-in Microphone Immersive Sound Quality Ensure Fast Stable & Connection Smart LED Headset Sports Bud,2618.412331406551,5360.055396825397,0.5959722222222222,3.9,6.0,"Electronics > Headphones, Earbuds & Accessories > Headphones > In-Ear",In-Ear
B0CGJ9STNF,https://www.amazon.in/dp/B0CGJ9STNF?th=1&psc=1&language=en_IN,Intel CoreTM i5-14600K LGA 1700 Socket New Gaming Desktop Processor 14 (6 P-cores + 8 E-cores) with Integrated Graphics - Unlocked,29990.0,48500.0,0.38,4.3,2765.0,Computers & Accessories > Components > Processors,Processors
B0DHCJLPKJ,https://www.amazon.in/dp/B0DHCJLPKJ?th=1&psc=1&language=en_IN,"Xiaomi Mi 2 Ultra Wireless Bluetooth Speaker - Boost Bass, DJ Sound, Portable for Home, Audio Line-In, TV Support, USB, FM, AUX Cable, Waterproof Mini - (SE.B)",999.0,1599.0,0.38,4.098,7215.486301369863,Electronics > Home Audio > Speakers > Bluetooth Speakers,Bluetooth Speakers
B0F5PX1JVY,https://www.amazon.in/dp/B0F5PX1JVY?th=1&psc=1&language=en_IN,"Sony WH-CH520 Wireless Bluetooth Headphones with Mic, Up to 50Hrs Battery-Pink",4490.0,5990.0,0.25,4.1,20703.0,"Electronics > Headphones, Earbuds & Accessories > Headphones > Over-Ear",Over-Ear
B08HMWZBXC,https://www.amazon.in/dp/B08HMWZBXC?th=1&psc=1&language=en_IN,"soundcore by Anker Life Q30 Hybrid Active Noise Cancelling Bluetooth Headphones with Multiple Modes, Hi-Res Sound, Custom Eq Via App, 40H Playtime, Comfortable Fit, Multipoint Connection - Over Ear",6898.0,15998.0,0.57,4.4,67294.0,"Electronics > Headphones, Earbuds & Accessories > Headphones > Over-Ear",Over-Ear
B01IR2PZPW,https://www.amazon.in/dp/B01IR2PZPW?th=1&psc=1&language=en_IN,"Microware USB Cassette to MP3 Converter Capture, Portable Audio Tape-to-MP3 Player Switcher Converter",1895.0,4999.0,0.62,3.9,359.0,Electronics > Home Audio > Receivers & Separates > Cassette Players,Cassette Players
B0F8N9LVPR,https://www.amazon.in/dp/B0F8N9LVPR?th=1&psc=1&language=en_IN,M19 Wireless Earbuds TWS 5.1 Large Screen Dual LED Digital Display Touch Bluetooth Headphones Mini Compact Portable Sports Waterproof Stereo in Ear Earphones,290.0,999.0,0.71,1.0,3.0,"Electronics > Headphones, Earbuds & Accessories > Headphones > In-Ear",In-Ear
B09P3QNWS1,https://www.amazon.in/dp/B09P3QNWS1?th=1&psc=1&language=en_IN,"F&D F7700X 4.1 Channel Bluetooth Home Audio Multimedia Speaker & Home Theatre, 80 Watt with Subwoofer Satellite Speaker, Multicolor LED Display, Remote, Digital FM & USB",8999.0,17998.0,0.5,3.905882352941176,8565.588235294117,Electronics > Home Audio > Speakers > Multimedia Speaker Systems,Multimedia Speaker Systems
B08667772G,https://www.amazon.in/dp/B08667772G?th=1&psc=1&language=en_IN,"boAt Rockerz 450, 15 HRS Battery, 40mm Drivers, Padded Ear Cushions, Integrated Controls, Dual Modes, Bluetooth Headphones, Wireless Headphone with Mic (Aqua Blue)",1299.0,3990.0,0.67,4.0,117462.0,"Electronics > Headphones, Earbuds & Accessories > Headphones > On-Ear",On-Ear
B0D144T8LN,https://www.amazon.in/dp/B0D144T8LN?th=1&psc=1&language=en_IN,"ETZIN Wireless HDMI Receiver and Transmitter Extender Kit,Plug & Play 50M/165FT Portable 2.4G/5G Wirelessly Simultaneous Expansion for Multiple Screens and Camera to TVs,Projectors EPL-1403H.",5984.0,8999.0,0.34,3.7,45.0,Computers & Accessories > Networking Devices > Repeaters & Extenders,Repeaters & Extenders
B0D4F1NVLT,https://www.amazon.in/dp/B0D4F1NVLT?th=1&psc=1&language=en_IN,"Sounce Replacement Earpads Cushion Ear Muffs Headphone Cushion (60mm / 6cm) 6Pcs 5mm Thick Replacement Earpads for Headphone Sponge Cover, High-Density Foam Ear Cushion Earmuffs - Black",249.0,999.0,0.75,4.0,1521.0,"Electronics > Headphones, Earbuds & Accessories > Earpads",Earpads
B0D9D9NGB8,https://www.amazon.in/dp/B0D9D9NGB8?th=1&psc=1&language=en_IN,"7SEVEN® Compatible of IFB Ac Remote Convertible 8-in-1 Split Inverter 7 Stage Air Treatment with Wi-Fi Remote Control, Ensure Each Key Function Match and Genuine Remotes Should Replicate Exactly",495.39864864864865,1239.0067567567567,0.5502027027027028,3.5,6.0,"Electronics > Home Theater, TV & Video > Accessories > Remote Controls",Remote Controls
B08VFCN8WK,https://www.amazon.in/dp/B08VFCN8WK?th=1&psc=1&language=en_IN,Certified Refurbished Fire TV Stick with all-new Alexa Voice Remote (includes TV and app controls) | HD streaming device,3149.0,4199.0,0.25,3.9,3218.0,,nan
B092MWY7T1,https://www.amazon.in/dp/B092MWY7T1?th=1&psc=1&language=en_IN,"Concept Kart Kz Zsn Pro HiFi in Ear Monitor Earphone Bass Sound IEM Headphones Noise Cancelling Earphone with Mic 0.75mm 2Pin Detachable Cable for Phone Android Mp3 Mp4 Music,Blue",2042.0,3299.0,0.38,4.1,108.0,"Electronics > Headphones, Earbuds & Accessories > Headphones > In-Ear",In-Ear
B0DK8S2ZVH,https://www.amazon.in/dp/B0DK8S2ZVH?th=1&psc=1&language=en_IN,"AUDIOCULAR M71 MP3 Music Player with Bluetooth 5.3, HiFi Speaker, 2.4” Touch Screen, 32GB Storage (Up to 128GB), Dual Audio Jack, Type-C Port, Video Playback, E-Book, Alarm, FM Radio etc. (32GB-Black)",3039.0,3899.0,0.22,3.2,60.0,Electronics > Portable Media Players > MP3/MP4 Players,MP3/MP4 Players
B0BRL8RKCK,https://www.amazon.in/dp/B0BRL8RKCK?th=1&psc=1&language=en_IN,"TECHXEWOO Party Blaster 500 Powerfull 200 WATTS Home Theatre Single Tower Party Speaker System with Dynamic Disco Lights, Bluetooth,USB, Digital FM, INBUILT Karaoke,MIC Port�",6598.0,9999.0,0.34,4.0,165.0,"Electronics > Home Theater, TV & Video > Home Theater Systems",Home Theater Systems
B07DJ7XP43,https://www.amazon.in/dp/B07DJ7XP43?th=1&psc=1&language=en_IN,EJEAS V6 Pro Helmet Intercom Communication System V6 Motorcycle Bluetooth On Ear Headphones Connect Up to 6 Riders 1200M V6 Pro(1 Pack),4619.0,8000.0,0.42,4.3,1139.0,Electronics > Car & Vehicle Electronics > Car & Vehicle Electronics Accessories > Audio & Video Accessories > Motorcycle Bluetooth Headsets,Motorcycle Bluetooth Headsets
B0DGXSC4JY,https://www.amazon.in/dp/B0DGXSC4JY?th=1&psc=1&language=en_IN,"amazon basics SB20R 20W Bluetooth Soundbar with 3600 mAh Battery | 2X Bass | Up to 10 hrs of Playback | Blue LED Lights | Bluetooth 5.3, Aux & USB Connectivity (Black)",899.0,3499.0,0.74,3.6,415.0,Electronics > Home Audio > Speakers > Soundbar Speakers,Soundbar Speakers
B0CY8ZH8NR,https://www.amazon.in/dp/B0CY8ZH8NR?th=1&psc=1&language=en_IN,SP Electron Pack of 4 Pcs 2 inch 4 ohm 3W Round Full Range Home Audio Speaker Stereo Subwoofer,295.0,499.0,0.41,4.133333333333334,485.5,Electronics > Home Audio > Speakers > Subwoofers,Subwoofers
B0DGV6RP7C,https://www.amazon.in/dp/B0DGV6RP7C?th=1&psc=1&language=en_IN,"Noise Newly Launched Air Clips Wireless Open Ear Earbuds with Chrome Finish, AirWave™ Technology,Up-to 40H Playtime, Dual Device Pairing, Quad Mic with ENC,12mm Driver,BTv5.4 (Pearl Purple)",2999.0,3999.0,0.25,3.4,1660.0,"Electronics > Headphones, Earbuds & Accessories > Headphones > In-Ear",In-Ear
B0CCPCBW65,https://www.amazon.in/dp/B0CCPCBW65?th=1&psc=1&language=en_IN,"GOVO GoSurround 300 | 25W Bluetooth Sound bar, 2000 mAh Battery, 2.0 Channel with 52mm Drivers, Multicolor LED Lights with TWS, AUX, Bluetooth and USB (Platinum Black)",1199.0,5499.0,0.78,3.6,2345.0,Electronics > Home Audio > Speakers > Soundbar Speakers,Soundbar Speakers
B0CGTVSHB2,https://www.amazon.in/dp/B0CGTVSHB2?th=1&psc=1&language=en_IN,"Lenovo Tab P11 (2nd Gen)| 11.5 Inch| 6 GB, 128 GB Expandable| Wi-Fi + LTE| 120 Hz, 2K Display(2000x1200)|Quad Speakers with Dolby Atmos|Octa-Core Processor |13 MP Front Camera (Storm Grey, ZABG0285IN)",15999.0,30000.0,0.47,4.0,1086.0,Computers & Accessories > Tablets,Tablets
B0CHPB99SP,https://www.amazon.in/dp/B0CHPB99SP?th=1&psc=1&language=en_IN,"Nu Republic Epic X3 with Upto 48 hrs Playtime, X-Bass® Technology, ENC Mic, Type-C Fast Charging True Wireless Earphone (Blue)",899.0,3499.0,0.74,4.0,157.0,"Electronics > Headphones, Earbuds & Accessories > Headphones > In-Ear",In-Ear
B0855TMDY3,https://www.amazon.in/dp/B0855TMDY3?th=1&psc=1&language=en_IN,"Onelap GO Portable GPS (with 12 Months 4G SIM Recharge) - Wireless GPS Tracker for Car, Kids School Bag, Scooty or Trucks | 10000 mAH Battery | Voice Monitoring | Magnetic Grip | 1 Yr Android iOS app",4590.0,13900.0,0.67,4.4,15461.0,Electronics > GPS & Accessories > GPS Trackers,GPS Trackers
B0CT8HT86M,https://www.amazon.in/dp/B0CT8HT86M?th=1&psc=1&language=en_IN,Ethex®(Remote+Cover) Compatible with Videocon D2H Set top Box Remote,495.39864864864865,1239.0067567567567,0.5502027027027028,2.0,2095.7256097560976,"Electronics > Home Theater, TV & Video > Accessories > Remote Controls",Remote Controls
B0D4JQQX8S,https://www.amazon.in/dp/B0D4JQQX8S?th=1&psc=1&language=en_IN,Set top Box Remote Control - Compatible/Suitable for Free Dish D2h DVB - Pure Plastic ABS Body- Silicon Rubber Pad- Carbon Printed Circuit Board- (Kindly Match Image First),259.0,395.0,0.34,3.8813253012048192,2095.7256097560976,"Electronics > Home Theater, TV & Video > Accessories > Remote Controls",Remote Controls
B0BBYDS7PK,https://www.amazon.in/dp/B0BBYDS7PK?th=1&psc=1&language=en_IN,Marshall Acton III Wired Connectivity Stereo Home Speakers with Bluetooth 5.2 & RCA or 3.5mm Input – Brown,27999.0,31999.0,0.13,4.5,1094.0,Electronics > Home Audio > Speakers > Bluetooth Speakers,Bluetooth Speakers
B0F24XNQP4,https://www.amazon.in/dp/B0F24XNQP4?th=1&psc=1&language=en_IN,Cason E7 E-Reader Tablet with Black E-Ink Display –5.8” Portable Glare-Free Ebook Reader with Long Lasting Battery for a Paper-Like Reading Experience(32 GB),7999.0,11995.0,0.33,5.0,4.0,Electronics > eBook Readers & Accessories,eBook Readers & Accessories
B0CY23KHW5,https://www.amazon.in/dp/B0CY23KHW5?th=1&psc=1&language=en_IN,"Noise 3 Wireless On-Ear Headphones with 70H Playtime, 40mm Driver, Low Latency(up to 45ms),Dual Pairing, BT v5.3 (Carbon Black)",1699.0,5499.0,0.69,3.9,1965.0,"Electronics > Headphones, Earbuds & Accessories > Headphones > On-Ear",On-Ear
B0DB8SYVN7,https://www.amazon.in/dp/B0DB8SYVN7?th=1&psc=1&language=en_IN,"Portronics Harmonics Twins S18 in Ear TWS Earbuds with 30H Playtime, in Built HD Mic, Game/Music Mode, 13mm Dynamic Driver, Low Latency, Touch Control, Type C Fast Charging, Light Weight(Black)",699.0,1999.0,0.65,4.0,285.0,"Electronics > Headphones, Earbuds & Accessories > Headphones > In-Ear",In-Ear
B0BVZY8XGR,https://www.amazon.in/dp/B0BVZY8XGR?th=1&psc=1&language=en_IN,Caldipree Silicone Remote Cover Case Pouch Sleeve Compatible for TCL iFFALCON Smart LED TV Remote Cover with Loop (Black),399.0,999.0,0.6,4.4,515.0,"Electronics > Home Theater, TV & Video > Accessories > Remote Controls",Remote Controls
B0CJLQL9VN,https://www.amazon.in/dp/B0CJLQL9VN?th=1&psc=1&language=en_IN,"Boat Aavante Bar 5500DA 500W Bluetooth Soundbar w/Dolby Atmos & Cinematic Sound,5.1.2 Channel,8 Drivers for Surround Sound Effect,Multi- Compatibility, Remote Control(Premium Black)",15999.0,59990.0,0.73,3.8,269.0,Electronics > Home Audio > Speakers > Soundbar Speakers,Soundbar Speakers
B0BM4M8XJB,https://www.amazon.in/dp/B0BM4M8XJB?th=1&psc=1&language=en_IN,AllExtreme EXPINT02 200W Heavy Duty Portable Power Inverter 1 USB Port Charging DC to AC Output Socket with Cooling Fan for Laptops Smartphones Lights Car Gadgets Camping Equipment Vehicle Electronics,1299.0,1699.0,0.24,3.5,608.0,Electronics > Car & Vehicle Electronics > Car & Vehicle Electronics Accessories > Audio & Video Accessories > Power Inverters,Power Inverters
B0BZ82WLVQ,https://www.amazon.in/dp/B0BZ82WLVQ?th=1&psc=1&language=en_IN,"boAt Rockerz 255 Touch Neckband with Full Touch Controls, Spatial Audio, Up to 30H Playtime, ASAP™ Charge, Beast™ Mode, ENx™ Technology(Deep Blue)",799.0,4999.0,0.84,3.9,227966.0,"Electronics > Headphones, Earbuds & Accessories > Headphones > In-Ear",In-Ear
B0BLKLNWZ1,https://www.amazon.in/dp/B0BLKLNWZ1?th=1&psc=1&language=en_IN,"Litvibes Wireless Charging Receiver for Type C Mobiles,Phones,Devices Qi Standard Wireless Patch Magic Tags for Type C Cellular Devices Lightweight Portable Durable & Compact Chip",1709.5,3042.75,0.4275,2.7,178.0,Electronics > Mobiles & Accessories > Mobile Accessories > Chargers > Induction Chargers,Induction Chargers
B0DK8S2ZVH,https://www.amazon.in/dp/B0DK8S2ZVH?th=1&psc=1&language=en_IN,"AUDIOCULAR M71 MP3 Music Player with Bluetooth 5.3, HiFi Speaker, 2.4” Touch Screen, 32GB Storage (Up to 128GB), Dual Audio Jack, Type-C Port, Video Playback, E-Book, Alarm, FM Radio etc. (32GB-Black)",3039.0,3899.0,0.22,3.2,60.0,Electronics > Portable Media Players > MP3/MP4 Players,MP3/MP4 Players
B0DKJJNHZJ,https://www.amazon.in/dp/B0DKJJNHZJ?th=1&psc=1&language=en_IN,"boAt Nirvana Lucid w/ 32 dB ANC, Multi-Point Connectivity, in-Ear Detection, 60HRS Playback, Hearables App, 4 Mics ENx, IPX5 Truly Wireless in Ear Earbuds, TWS Ear Buds(Gunmetal Black)",1999.0,6990.0,0.71,3.5,264.0,"Electronics > Headphones, Earbuds & Accessories > Headphones > In-Ear",In-Ear
B09GFRV7L5,https://www.amazon.in/dp/B09GFRV7L5?th=1&psc=1&language=en_IN,"boAt Stone 620 Bluetooth Speaker with 12W RMS Stereo Sound, 10HRS Playtime, TWS Feature, IPX4, Multi-Compatibility Mode(Black)",1899.0,3990.0,0.52,4.1,7447.0,Electronics > Home Audio > Speakers > Bluetooth Speakers,Bluetooth Speakers
B0B63ZJW6Q,https://www.amazon.in/dp/B0B63ZJW6Q?th=1&psc=1&language=en_IN,BIA ; ACOUSTICS 8 inch Subwoofer V3 Long Strokers 150W 4ohm for Car and Hometheatre,1647.0,3099.0,0.47,4.4,162.0,Electronics > Car & Vehicle Electronics > Car Electronics > Car Audio > Car Speakers > Component Subwoofers,Component Subwoofers
B0DGJ6G1XG,https://www.amazon.in/dp/B0DGJ6G1XG?th=1&psc=1&language=en_IN,"Apple AirPods 4 Wireless Earbuds, Bluetooth Headphones, with Active Noise Cancellation, Adaptive Audio, Transparency Mode, Personalised Spatial Audio, USB-C Charging Case, Wireless Charging, H2 Chip",16990.0,17900.0,0.05,3.9,194.0,,nan
B0C3DH879J,https://www.amazon.in/dp/B0C3DH879J?th=1&psc=1&language=en_IN,"JBL Tune Beam In Ear Wireless TWS Earbuds with Mic, ANC Earbuds, Customized Extra Bass with Headphones App, 48 Hrs Battery, Quick Charge, 4-Mics, IP54, Ambient Aware & Talk-Thru, Bluetooth 5.3 (Black)",4499.0,7999.0,0.44,3.3,937.0,"Electronics > Headphones, Earbuds & Accessories > Headphones > In-Ear",In-Ear
B0D79QF9RC,https://www.amazon.in/dp/B0D79QF9RC?th=1&psc=1&language=en_IN,Google Pixel Buds Pro 2 - Wireless Earbuds with Active Noise Cancellation – Bluetooth Headphones - Porcelain,2618.412331406551,5360.055396825397,0.5959722222222222,4.2,664.0,"Electronics > Headphones, Earbuds & Accessories > Headphones > In-Ear",In-Ear
B0DBF5DXKD,https://www.amazon.in/dp/B0DBF5DXKD?th=1&psc=1&language=en_IN,"SAENYO Mini Vehicle Audio System with Bluetooth, FM Radio, USB Port, AUX Input for Auto Rickshaw, Bus, Tempo",7068.375,19095.416666666668,0.5475,3.1,2.0,Electronics > Car & Vehicle Electronics > Car Electronics > Car Audio > Car Stereos,Car Stereos
B09BW334ML,https://www.amazon.in/dp/B09BW334ML?th=1&psc=1&language=en_IN,Dealfreez Silicone Cover Case Compatible with Fire TV Stick 3rd Gen 2021 Remote Full Wrap Remote Cover with Lanyard (D-Black) [Remote NOT Included],332.0,1499.0,0.78,4.3,9270.0,"Electronics > Home Theater, TV & Video > Accessories > Remote Controls",Remote Controls
B08CK7MDC4,https://www.amazon.in/dp/B08CK7MDC4?th=1&psc=1&language=en_IN,JXL 1063 10 Inch Active Bass Tube Subwoofer with Inbuilt Amplifier 5400W (Black),4399.0,10500.0,0.58,4.2,756.0,Electronics > Car & Vehicle Electronics > Car Electronics > Car Audio > Car Speakers > Component Subwoofers,Component Subwoofers
B08QSFNDF5,https://www.amazon.in/dp/B08QSFNDF5?th=1&psc=1&language=en_IN,"GoMechanic Taurus T1, Bass Tube Subwoofer with Built-in Amplifier (8 Inch- 3200W)",3499.0,6999.0,0.5,3.7,220.0,Electronics > Car & Vehicle Electronics > Car Electronics > Car Audio > Car Speakers > Component Subwoofers,Component Subwoofers
B0DK65QYJM,https://www.amazon.in/dp/B0DK65QYJM?th=1&psc=1&language=en_IN,Zyva Ps5 Dual Controller Stand,399.0,899.0,0.56,4.0,10.0,"Video Games > Xbox One > Accessories > Mounts, Brackets & Stands","Mounts, Brackets & Stands"
B0DJH1MCWF,https://www.amazon.in/dp/B0DJH1MCWF?th=1&psc=1&language=en_IN,"Portronics Worldtag Item Finder with Upto 1 Year Battery Life, Bluetooth Tracker,MFi Certified, Item Locater for Keys, Wallets, Luggage, Pets, Gadgets etc,Only iOS Compatible with Apple Find My App",599.0,1499.0,0.6,3.6,97.0,Electronics > GPS & Accessories > Item Finders,Item Finders
B0CJLQL9VN,https://www.amazon.in/dp/B0CJLQL9VN?th=1&psc=1&language=en_IN,"Boat Aavante Bar 5500DA 500W Bluetooth Soundbar w/Dolby Atmos & Cinematic Sound,5.1.2 Channel,8 Drivers for Surround Sound Effect,Multi- Compatibility, Remote Control(Premium Black)",15999.0,59990.0,0.73,3.8,269.0,Electronics > Home Audio > Speakers > Soundbar Speakers,Soundbar Speakers
B0DZZJQDVD,https://www.amazon.in/dp/B0DZZJQDVD?th=1&psc=1&language=en_IN,"CHEVIK MiniMount Steel Stand – Improved Cooling, Durable Powder-Coated Desktop Mount, Sleek Design & Desk Organizer with Easy Power Button Access for Mac mini M4 & M4 Pro (Power Reach)",799.0,1999.0,0.6,4.1,22.0,Computers & Accessories > Accessories & Peripherals > Laptop Accessories > Notebook Computer Stands,Notebook Computer Stands
B08PW6W54V,https://www.amazon.in/dp/B08PW6W54V?th=1&psc=1&language=en_IN,"PiBOX India, Micro HDMI Cable to HDMI Cable, 4K 60Hz, 1.5 Meter 5 feet, Adapter Ethernet Audio Return for Raspberry Pi 4 pi 5 RPI, GoPro Hero 7, Sony Camera (NOT Mini DP/NOT Micro USB)",306.0,699.0,0.56,4.2,1322.0,Computers & Accessories > Components > Barebones,Barebones
B09437W18T,https://www.amazon.in/dp/B09437W18T?th=1&psc=1&language=en_IN,"elago Armor Case Compatible with AirPods 3 Case Cover - Compatible with AirPods 3rd Generation, Carabiner Included, Supports Wireless Charging, Shock Resistant, Easily Cleaned, Full Protection (Black)",999.0,1199.0,0.17,4.2,2394.0,"Electronics > Headphones, Earbuds & Accessories > Cases",Cases
B0CNRFYLV8,https://www.amazon.in/dp/B0CNRFYLV8?th=1&psc=1&language=en_IN,"boAt Airdopes 163 in Ear Earbuds with 40 HRS Battery, Fast Charge, 13mm Drivers, IPX5, Quick Touch Response Control (Active Black)",899.0,2490.0,0.64,3.8,772.0,"Electronics > Headphones, Earbuds & Accessories > Headphones > In-Ear",In-Ear
B0DNSQ7NGL,https://www.amazon.in/dp/B0DNSQ7NGL?th=1&psc=1&language=en_IN,"Portronics Vlogmate 3 Dual Wireless Collar Lapel Microphone with ENC Noise Cancellation & Charging Case, Type C & 8 Pin Receiver,Wireless Microphone for iPhone, Android, Vlog, Streaming(Black)",2199.0,2999.0,0.27,3.5,36.0,Musical Instruments > Microphones > Wireless,Wireless
B0D2HKCMBP,https://www.amazon.in/dp/B0D2HKCMBP?th=1&psc=1&language=en_IN,"SHOKZ OpenRun Pro 2 Bone Conduction Sports Headphones, Open-Ear Wireless Earphones with Bluetooth 5.3, Noise Cancelling Mics, IP55 Waterproof, 12h Playtime for Running, USB-C Qiuck Charge (Black)",17999.0,25799.0,0.3,4.5,2557.0,"Electronics > Headphones, Earbuds & Accessories > Headphones > Open-Ear Headphones",Open-Ear Headphones
B0B6DSPWB2,https://www.amazon.in/dp/B0B6DSPWB2?th=1&psc=1&language=en_IN,"Amkette Pocket Blast 5 in 1 FM Radio with Bluetooth, Powerful Sound, Voice & FM Recording, External Antenna, 7+ Hours Playback, MP3 Player with Number Pad (AUX, SD Card, USB Input) (Brown)",1349.0,2299.0,0.41,4.0,4682.0,Electronics > Portable Media Players > Radios > AM/FM Radios,AM/FM Radios
B01MTB55WH,https://www.amazon.in/dp/B01MTB55WH?th=1&psc=1&language=en_IN,"Anker Soundcore 2 Portable Bluetooth Speaker With Better Bass, 24-Hour Playtime, 66Ft Bluetooth Range, Ipx5 Water Resistance & Built-In Mic",5871.0,9016.92,0.35,4.6,131134.0,"Electronics > Headphones, Earbuds & Accessories > Headphones > In-Ear",In-Ear
B0D4F1NVLT,https://www.amazon.in/dp/B0D4F1NVLT?th=1&psc=1&language=en_IN,"Sounce Replacement Earpads Cushion Ear Muffs Headphone Cushion (60mm / 6cm) 6Pcs 5mm Thick Replacement Earpads for Headphone Sponge Cover, High-Density Foam Ear Cushion Earmuffs - Black",249.0,999.0,0.75,4.0,1521.0,"Electronics > Headphones, Earbuds & Accessories > Earpads",Earpads
B09Y98Z27S,https://www.amazon.in/dp/B09Y98Z27S?th=1&psc=1&language=en_IN,"Panasonic SC-HT460GW-K 4.1 Ch Home Theatre, 100 W, Bluetooth, USB, AUX, Powerful Subwoofer, LED Display, Remote for Volume & Bass Control (Black)",10164.8125,20215.5625,0.450625,3.8,108.0,"Electronics > Home Theater, TV & Video > Home Theater Systems",Home Theater Systems
B0CQXKZNPF,https://www.amazon.in/dp/B0CQXKZNPF?th=1&psc=1&language=en_IN,"OFIXO (HD101) Electronic Accessories Carrying Hard Protective Travel Case for HardDisk PowerBank Pouch Bag USB Cable Earbuds, Charger Adapter Organizer (Pack of 1 - Black)",264.0,499.0,0.47,4.2,11.0,Computers & Accessories > Accessories & Peripherals > Hard Disk Bags,Hard Disk Bags
B0D734Z9K2,https://www.amazon.in/dp/B0D734Z9K2?th=1&psc=1&language=en_IN,"boAt Airdopes 191 ANC, 32dB ANC, Ambient Mode, 60HRS Battery, 4Mics ENx, in-Ear Detection, IWP Tech, Fast Charge, v5.3 Bluetooth Earbuds, TWS Ear Buds Wireless Earphones with mic (Pellucid White)",1398.0,6990.0,0.8,3.2,279.0,"Electronics > Headphones, Earbuds & Accessories > Headphones > In-Ear",In-Ear
B0CZ3L7SSG,https://www.amazon.in/dp/B0CZ3L7SSG?th=1&psc=1&language=en_IN,"boAt Aavante Bar Orion Plus Bluetooth 2.1-Channel Soundbar with 160 W Signature Sound, BT v5.3, Multi-Compatibility, Attractive Design, EQ Modes & Master Remote Control(Midnight Black)",18077.130952380954,25923.78947368421,0.5797368421052632,3.9,24323.0,Electronics > Home Audio > Speakers > Soundbar Speakers,Soundbar Speakers
B08PDGRR32,https://www.amazon.in/dp/B08PDGRR32?th=1&psc=1&language=en_IN,"boAt Stone 1200 14W Bluetooth Speaker with Upto 9 Hours Battery, RGB LEDs, IPX7 and TWS Feature(Black)",3999.0,6990.0,0.43,4.1,8185.0,Electronics > Home Audio > Speakers > Bluetooth Speakers,Bluetooth Speakers
B08667772G,https://www.amazon.in/dp/B08667772G?th=1&psc=1&language=en_IN,"boAt Rockerz 450, 15 HRS Battery, 40mm Drivers, Padded Ear Cushions, Integrated Controls, Dual Modes, Bluetooth Headphones, Wireless Headphone with Mic (Aqua Blue)",1299.0,3990.0,0.67,4.0,117462.0,"Electronics > Headphones, Earbuds & Accessories > Headphones > On-Ear",On-Ear
B0C2V5T4W8,https://www.amazon.in/dp/B0C2V5T4W8?th=1&psc=1&language=en_IN,"HiDock Conference Speaker and Microphone with Mute/Project, Enhanced Voice Pickup & Full Duplex Noise Cancelling Speakerphone, Omnidirectional Conference Microphone Speaker for Home Office Meeting",14547.0,,,4.2,29.0,Computers & Accessories > Accessories & Peripherals > Audio & Video Accessories > PC Microphones,PC Microphones
B0DCYW5M8D,https://www.amazon.in/dp/B0DCYW5M8D?th=1&psc=1&language=en_IN,"MOMAX Universal Travel Adapter, 170W GAN International Power Adapter, 3 USB-C 1 USB-A, International Power Adapter for Most Europe, Japan, AU (Type C/A/G/I)",15699.0,19990.0,0.21,4.2,66.0,Electronics > Power Accessories > International Power Adapters,International Power Adapters
B0DT4W6GGL,https://www.amazon.in/dp/B0DT4W6GGL?th=1&psc=1&language=en_IN,"Beats Powerbeats Pro 2 Wireless Bluetooth Earbuds – Noise Cancelling, Heart-Rate Monitor, IPX4, Up to 45 Hours Battery & Wireless Charging Case, Works with Apple & Android - Jet Black",26999.0,29900.0,0.1,3.6,73.0,"Electronics > Headphones, Earbuds & Accessories > Headphones > In-Ear",In-Ear
B0F88M7Y2N,https://www.amazon.in/dp/B0F88M7Y2N?th=1&psc=1&language=en_IN,XreaI Air 2 AR Glasses (Black) works with Mobile/Smartphones [Latest Updated Version],54990.0,89990.0,0.39,2.5142857142857147,2048.25,Electronics > Mobiles & Accessories > Mobile Accessories > Virtual Reality (VR) Headsets,Virtual Reality (VR) Headsets
B0F4PMVPJ4,https://www.amazon.in/dp/B0F4PMVPJ4?th=1&psc=1&language=en_IN,"4K Mini PC Box with Android 11.X, 2GB Ram 16 GB ROM,64 Bit RK3318 Processor, H.265 Decoding & WiFi",20482.0,29999.0,0.32,1.6,6.0,Computers & Accessories > Desktops > Mini PCs,Mini PCs
B0CCVZWRD3,https://www.amazon.in/dp/B0CCVZWRD3?th=1&psc=1&language=en_IN,"FRONTECH Premium 2.0 Channel USB Powered Speakers with 1.5W x 2 Output, AUX Input, and 1-Year Warranty (Black)",279.0,600.0,0.54,3.5,354.0,Computers & Accessories > Accessories & Peripherals > Audio & Video Accessories > PC Speakers,PC Speakers
B088FM4QG4,https://www.amazon.in/dp/B088FM4QG4?th=1&psc=1&language=en_IN,"ZEBRONICS Duke Wireless Headphone with Up to 60h Backup, Supports Bluetooth, Dual Pairing, Gaming Mode, Environmental Noise Cancellation (ENC), LED Lights, Deep Bass, Voice Assistant Support (Black)",1199.0,2499.0,0.52,3.7,15022.0,"Electronics > Headphones, Earbuds & Accessories > Headphones > Over-Ear",Over-Ear
B0BDS8MY8J,https://www.amazon.in/dp/B0BDS8MY8J?th=1&psc=1&language=en_IN,"Lapster Caddy for ssd and HDD, Optical Bay 2nd Hard Drive Caddy, Caddy 9.5mm for Laptop",199.0,999.0,0.8,4.0,3781.0,Computers & Accessories > Accessories & Peripherals > Hard Drive Accessories > Caddies,Caddies
B09W71RQWV,https://www.amazon.in/dp/B09W71RQWV?th=1&psc=1&language=en_IN,"Ledger Nano S Plus Crypto Hardware Wallet (Matte-Black) - Safeguard Your Crypto, NFTs and Tokens",9999.0,12000.0,0.17,4.6,2736.0,"Bags, Wallets and Luggage > Wallets, Card Cases & Money Organisers","Wallets, Card Cases & Money Organisers"
B0F6TNFL96,https://www.amazon.in/dp/B0F6TNFL96?th=1&psc=1&language=en_IN,realme Buds 3 (3.5 mm) Wired Earphones with Mic (Black),789.0,999.0,0.21,4.3,149186.0,"Electronics > Headphones, Earbuds & Accessories > Headphones > In-Ear",In-Ear
B08CSNJ35L,https://www.amazon.in/dp/B08CSNJ35L?th=1&psc=1&language=en_IN,"ZEBRONICS Twist 5, 5.1 Home Theatre Speaker, 90 Watts, Bluetooth v5.1 | USB | AUX | FM, 5.25 inch Subwoofer, Powerful Bass, Stylish Design",3299.0,5999.0,0.45,3.8,14010.0,Electronics > Home Audio > Speakers > Multimedia Speaker Systems,Multimedia Speaker Systems
B0DVC5P58G,https://www.amazon.in/dp/B0DVC5P58G?th=1&psc=1&language=en_IN,"realme Buds Wireless 3 Neo in Ear Bluetooth Neckband with 13.4 Mm Dynamic Bass Boost Driver,Upto 32 Hours Playback,Fast Charge,Ai Enc,45Ms Low Latency,Ip55 Dust&Water Resistannt&Bluetooth V 5.4 Blue",999.0,2499.0,0.6,4.0,17.0,"Electronics > Headphones, Earbuds & Accessories > Headphones > In-Ear",In-Ear
B0DWXQC8RS,https://www.amazon.in/dp/B0DWXQC8RS?th=1&psc=1&language=en_IN,"OOGE Tune 15 Wireless Neckband (Black) Bluetooth 5.3, Type-C Fast Charging, 2500h Standby, Magnetic Earbuds, Deep Bass Audio, Lightweight & Comfortable Fit, Sweatproof in-Ear Headphones",299.0,1499.0,0.8,3.9,261.0,"Electronics > Headphones, Earbuds & Accessories > Headphones > In-Ear",In-Ear
B0912M6DNV,https://www.amazon.in/dp/B0912M6DNV?th=1&psc=1&language=en_IN,"Marshall Kilburn II Portable Bluetooth Speaker with 20+ Hours of Portable Playtime, (360° Sound), Water-Resistant (IPX2) – Black & Brass.",23928.0,31999.0,0.25,4.3,3402.0,Electronics > Home Audio > Speakers > Bluetooth Speakers,Bluetooth Speakers
B0F2MCD3Q9,https://www.amazon.in/dp/B0F2MCD3Q9?th=1&psc=1&language=en_IN,"Kratos C Type Earphones Wired, 13mm Bass Drivers Earphone, Inline Control Type c Headphones with Mic, IPX5 Water Resistant, Comfort Fit Type c Earphone with Volume Control, Metallic c pin Earphones",369.0,1099.0,0.66,4.4,153.0,"Electronics > Headphones, Earbuds & Accessories > Headphones > In-Ear",In-Ear
B0D45ZCN3Y,https://www.amazon.in/dp/B0D45ZCN3Y?th=1&psc=1&language=en_IN,"JBL Newly Launched Cinema SB560, Dolby Audio Soundbar with Wireless Subwoofer for Extra Deep Bass, 3.1 Channel, Center Channel for Superior Voice Clarity, HDMI eARC, Bluetooth Connectivity (250W)",14999.0,19999.0,0.25,4.2,1668.0,Electronics > Home Audio > Speakers > Soundbar Speakers,Soundbar Speakers
B0BYPFNW6T,https://www.amazon.in/dp/B0BYPFNW6T?th=1&psc=1&language=en_IN,"Sony WF-C700N Noise Cancellation Bluetooth Earbuds with Mic, TWS, Up to 20Hrs Battery, Adaptive Sound Control- Black",7989.0,12990.0,0.38,3.8,3897.0,"Electronics > Headphones, Earbuds & Accessories > Headphones > In-Ear",In-Ear
B0D9TGFLN4,https://www.amazon.in/dp/B0D9TGFLN4?th=1&psc=1&language=en_IN,icall P47 Gaming Over Ear Bluetooth Headphones Wireless with Mic (Black),392.0,1599.0,0.75,3.2,5.0,"Electronics > Headphones, Earbuds & Accessories > Headphones > Over-Ear",Over-Ear
B08TSSCZR8,https://www.amazon.in/dp/B08TSSCZR8?th=1&psc=1&language=en_IN,"boAt Rockerz 255 Pro+, 60HRS Battery, Fast Charge, IPX7, Dual Pairing, Low Latency, Magnetic Earbuds, in Ear Bluetooth Neckband, Wireless with Mic Earphones (Teal Green)",1099.0,3990.0,0.72,3.9,227967.0,"Electronics > Headphones, Earbuds & Accessories > Headphones > In-Ear",In-Ear
B0CX96ZG1P,https://www.amazon.in/dp/B0CX96ZG1P?th=1&psc=1&language=en_IN,amazon basics TWS in-Ear Earbuds (AB-T01A) with Fast Charging up to 50 Hours of Playtime | Dual 10mm Driver | IPX4 Water-Resistance | Bluetooth 5.3 | Charging Case with Mic | Touch Control (Mint),499.0,2499.0,0.8,3.5,367.0,"Electronics > Headphones, Earbuds & Accessories > Headphones > In-Ear",In-Ear
B0D35BVFYM,https://www.amazon.in/dp/B0D35BVFYM?th=1&psc=1&language=en_IN,"NEWTECHNO Compatible for AirPods Pro 2 Case (2nd/1st Gen), Military Grade Airpods pro 2nd Generation Case,Hard Shell Full-Body Protective Case Cover with Keychain(2023/2022/2019), Black",349.0,999.0,0.65,4.6,306.0,"Electronics > Headphones, Earbuds & Accessories > Cases",Cases
B0912M6DNV,https://www.amazon.in/dp/B0912M6DNV?th=1&psc=1&language=en_IN,"Marshall Kilburn II Portable Bluetooth Speaker with 20+ Hours of Portable Playtime, (360° Sound), Water-Resistant (IPX2) – Black & Brass.",23928.0,31999.0,0.25,4.3,3402.0,Electronics > Home Audio > Speakers > Bluetooth Speakers,Bluetooth Speakers
B07DFYSGS3,https://www.amazon.in/dp/B07DFYSGS3?th=1&psc=1&language=en_IN,"JBL C200SI, Premium in Ear Wired Earphones with Mic, Signature Sound, One Button Multi-Function Remote, Premium Metallic Finish, Angled Earbuds for Comfort fit (Gun Metal)",798.0,1499.0,0.47,4.0,24748.0,"Electronics > Headphones, Earbuds & Accessories > Headphones > In-Ear",In-Ear
B0F6TNFL96,https://www.amazon.in/dp/B0F6TNFL96?th=1&psc=1&language=en_IN,realme Buds 3 (3.5 mm) Wired Earphones with Mic (Black),789.0,999.0,0.21,4.3,149186.0,"Electronics > Headphones, Earbuds & Accessories > Headphones > In-Ear",In-Ear
B0D5D294RR,https://www.amazon.in/dp/B0D5D294RR?th=1&psc=1&language=en_IN,"Marshall Major V Wireless On-Ear Headphones, Brown",11999.0,17999.0,0.33,4.6,166.0,"Electronics > Headphones, Earbuds & Accessories > Headphones > On-Ear",On-Ear
B0748N1BZD,https://www.amazon.in/dp/B0748N1BZD?th=1&psc=1&language=en_IN,"Bose SoundLink Micro, Portable Outdoor Speaker, (Wireless Bluetooth Connectivity), Black",10899.0,16798.04651162791,0.4441860465116279,4.5,52472.0,Electronics > Home Audio > Speakers > Bluetooth Speakers,Bluetooth Speakers
B00VTNZAXO,https://www.amazon.in/dp/B00VTNZAXO?th=1&psc=1&language=en_IN,"3M 1110 Ear Plugs Corded, Extra Soft, Reusable Earbuds Noise Cancellation, Soundproof Earplug Use For Underwater, Meditation, Study, Flight Travel,Sleeping Sound Block Up To 29 Decibel (Pack of 10)",140.0,170.0,0.18,3.8,27236.0,Health & Personal Care > Health Care > Sleep & Snoring > Ear Plugs,Ear Plugs
B0F2MCD3Q9,https://www.amazon.in/dp/B0F2MCD3Q9?th=1&psc=1&language=en_IN,"Kratos C Type Earphones Wired, 13mm Bass Drivers Earphone, Inline Control Type c Headphones with Mic, IPX5 Water Resistant, Comfort Fit Type c Earphone with Volume Control, Metallic c pin Earphones",369.0,1099.0,0.66,4.4,153.0,"Electronics > Headphones, Earbuds & Accessories > Headphones > In-Ear",In-Ear
B0CFLQRZHX,https://www.amazon.in/dp/B0CFLQRZHX?th=1&psc=1&language=en_IN,"amazon basics HDMI Cable, High Speed, Supports 3D, 4K@60Hz, ARC and CEC Extension, Gold-Plated Connectors, Compatible with TV, Set-Top Box, Gaming Consoles, Blu-Ray (1 Metre)",131.0,499.0,0.74,4.3,440.0,"Electronics > Home Theater, TV & Video > Accessories > Cables > HDMI Cables",HDMI Cables
B0CKRQP4XZ,https://www.amazon.in/dp/B0CKRQP4XZ?th=1&psc=1&language=en_IN,"Saregama Carvaan Lite Hindi - Portable Music Player with 3000 Pre-Loaded Evergreen Songs, FM/BT/AUX (Royal Blue)",2820.6296296296296,3565.259259259259,0.2881481481481482,4.2,129.0,Electronics > Portable Media Players > Radios > AM/FM Radios,AM/FM Radios
B0CBV6QNMF,https://www.amazon.in/dp/B0CBV6QNMF?th=1&psc=1&language=en_IN,"ZdalaMit Original Remote Control Compatible for Mi Tv Remote Suitable for Mi TV 4A (32""/43"")",289.0,1999.0,0.86,4.3,7415.0,"Electronics > Home Theater, TV & Video > Accessories > Remote Controls",Remote Controls
B0CLJ8XH8J,https://www.amazon.in/dp/B0CLJ8XH8J?th=1&psc=1&language=en_IN,"ERH India 100W Dc to 220v Ac Converter Mini Inverter 100 Watt for CCTV, LED TV, Mobile Charging, Set Top Box etc.",499.0,599.0,0.17,1.0,4534.833333333333,Electronics > Car & Vehicle Electronics > Car & Vehicle Electronics Accessories > Audio & Video Accessories > Power Inverters,Power Inverters
B08LGJVXBL,https://www.amazon.in/dp/B08LGJVXBL?th=1&psc=1&language=en_IN,"RUIZU D19, 32GB MP3 Player with Bluetooth 5.0 for Walking Running, HiFi Lossless Music Player with FM Radio, Voice Recorder, 2.4"" HD Screen, Portable Ultra-Thin Metal, Support up to 128GB",2740.0,4990.0,0.45,3.6,828.0,Electronics > Portable Media Players > MP3/MP4 Players,MP3/MP4 Players
B097D69GJ1,https://www.amazon.in/dp/B097D69GJ1?th=1&psc=1&language=en_IN,"Portronics SoundDrum 1 12W TWS Portable Bluetooth Speaker with Powerful Bass, Bluetooth 5.3V, 360° Surround Sound, USB Drive in, Type C Fast Charging(Blue)",899.0,2499.0,0.64,4.0,6015.0,Electronics > Home Audio > Speakers > Bluetooth Speakers,Bluetooth Speakers
B0D4JQQX8S,https://www.amazon.in/dp/B0D4JQQX8S?th=1&psc=1&language=en_IN,Set top Box Remote Control - Compatible/Suitable for Free Dish D2h DVB - Pure Plastic ABS Body- Silicon Rubber Pad- Carbon Printed Circuit Board- (Kindly Match Image First),259.0,395.0,0.34,3.8813253012048192,2095.7256097560976,"Electronics > Home Theater, TV & Video > Accessories > Remote Controls",Remote Controls
B0CBV6QNMF,https://www.amazon.in/dp/B0CBV6QNMF?th=1&psc=1&language=en_IN,"ZdalaMit Original Remote Control Compatible for Mi Tv Remote Suitable for Mi TV 4A (32""/43"")",289.0,1999.0,0.86,4.3,7415.0,"Electronics > Home Theater, TV & Video > Accessories > Remote Controls",Remote Controls
B0BQ6MCQKD,https://www.amazon.in/dp/B0BQ6MCQKD?th=1&psc=1&language=en_IN,"Sounce 3 Meter High-Speed HDMI Cable - Hdmi Arc Enabled | 64 Gbps | 4K 120Hz | 1080P 240Hz | Strong & Durable | Supports Up To 32 Audio Channels | Gold Plated | 3Meter, Black (Pack of 1)",209.0,999.0,0.79,4.0,2179.0,"Electronics > Home Theater, TV & Video > Accessories > Cables > HDMI Cables",HDMI Cables
B0D4ZC4XMT,https://www.amazon.in/dp/B0D4ZC4XMT?th=1&psc=1&language=en_IN,"Bose QuietComfort Ultra Bluetooth Headphones, Wireless Headphones with Spatial Audio, Over Ear Noise Cancelling Headphones with Mic, Up to 24 Hours of Battery Life, Lunar Blue - Limited Edition Color",31951.0,35900.0,0.11,4.3,6512.0,"Electronics > Headphones, Earbuds & Accessories > Headphones > Over-Ear",Over-Ear
B08R7M1JM5,https://www.amazon.in/dp/B08R7M1JM5?th=1&psc=1&language=en_IN,"boAt Rockerz 550 Bluetooth Wireless Over Ear Headphones with Upto 20 Hours Playback, 50MM Drivers, Soft Padded Ear Cushions and Physical Noise Isolation with Mic (Black Symphony)",1799.0,4999.0,0.64,4.0,67397.0,"Electronics > Headphones, Earbuds & Accessories > Headphones > Over-Ear",Over-Ear
B0855TMDY3,https://www.amazon.in/dp/B0855TMDY3?th=1&psc=1&language=en_IN,"Onelap GO Portable GPS (with 12 Months 4G SIM Recharge) - Wireless GPS Tracker for Car, Kids School Bag, Scooty or Trucks | 10000 mAH Battery | Voice Monitoring | Magnetic Grip | 1 Yr Android iOS app",4590.0,13900.0,0.67,4.4,15461.0,Electronics > GPS & Accessories > GPS Trackers,GPS Trackers
B0D7TRD829,https://www.amazon.in/dp/B0D7TRD829?th=1&psc=1&language=en_IN,"VEmax Verve 90W Multimedia 5.0 Channel Wireless Bluetooth Double Woofer Home Theater Tower Speaker with Karaoke MIC Support, USB, AUX, FM (70 cm Height)",10164.8125,20215.5625,0.450625,4.0,2425.157894736842,"Electronics > Home Theater, TV & Video > Home Theater Systems",Home Theater Systems
B0DQ5P3THK,https://www.amazon.in/dp/B0DQ5P3THK?th=1&psc=1&language=en_IN,"Cason FR22 Fm Radio for Home with Bluetooth Speaker,Vintage Radio with USB -Retro Radio Portable Music Player with Transistor Frequency Knob Meter,SD Card,Headphone Jack(Brown)",1499.0,2995.0,0.5,4.3,50.0,Electronics > Portable Media Players > Radios > AM/FM Radios,AM/FM Radios
B09H25G15N,https://www.amazon.in/dp/B09H25G15N?th=1&psc=1&language=en_IN,"Irusu Play VR Ultra 3D VR Headset-Virtual Reality Headset with HD Lens,Controller,Stereo Headphones 3.5mm Jack to Type C Connector,Inbuilt Touch Button for Mobile VR Gaming.",3099.0,3999.0,0.23,3.5,587.0,Electronics > Mobiles & Accessories > Mobile Accessories > Virtual Reality (VR) Headsets,Virtual Reality (VR) Headsets
B0DRDBQVPM,https://www.amazon.in/dp/B0DRDBQVPM?th=1&psc=1&language=en_IN,"Number Super Buds Pro GT99 Truly Wireless in Ear Earbuds with 50 Hours Playtime, 35ms Ultra Low Latency, Dual Pairing Ear Buds, Quad Mic ENC, BT 5.4, IPX5, Fast Charging, Made in India (Glass Black)",799.0,4999.0,0.84,3.1,155.0,"Electronics > Headphones, Earbuds & Accessories > Headphones > In-Ear",In-Ear
B0D7JV42ZT,https://www.amazon.in/dp/B0D7JV42ZT?th=1&psc=1&language=en_IN,"Leaf Buds X614 True Wireless ANC Earbuds with AI SOUND App, Active Noise Cancellation, Transparency Mode, 30H Playtime, Quad Mic ENC, 40ms Low Latency, 13mm Driver, IPX5, Bluetooth v5.3 (Carbon Black)",1039.0,3999.0,0.74,4.0,279.0,"Electronics > Headphones, Earbuds & Accessories > Headphones > In-Ear",In-Ear
B09B5BS6G4,https://www.amazon.in/dp/B09B5BS6G4?th=1&psc=1&language=en_IN,"ZEBRONICS Thunder Bluetooth 5.3 Wireless Over Ear Headphones with 60H Backup, Gaming Mode, Dual Pairing, Enc, Aux, Micro Sd, Voice Assistant, Comfortable Earcups, Call Function (Teal Green)",799.0,1699.0,0.53,3.6,2789.0,"Electronics > Headphones, Earbuds & Accessories > Headphones > On-Ear",On-Ear
B0CFLQRZHX,https://www.amazon.in/dp/B0CFLQRZHX?th=1&psc=1&language=en_IN,"amazon basics HDMI Cable, High Speed, Supports 3D, 4K@60Hz, ARC and CEC Extension, Gold-Plated Connectors, Compatible with TV, Set-Top Box, Gaming Consoles, Blu-Ray (1 Metre)",131.0,499.0,0.74,4.3,440.0,"Electronics > Home Theater, TV & Video > Accessories > Cables > HDMI Cables",HDMI Cables
B0F8CX52VZ,https://www.amazon.in/dp/B0F8CX52VZ?th=1&psc=1&language=en_IN,"VYAR Ultrapod Wireless Bluetooth in Ear Earbuds, Transparent Charging Case, Active Noise Cancellation, Led Digital Display, Bluetooth Earphones, Touch Control, Water Resistant (Green)",299.0,999.0,0.7,1.4,3.0,"Electronics > Headphones, Earbuds & Accessories > Headphones > In-Ear",In-Ear
B07HKWZC4X,https://www.amazon.in/dp/B07HKWZC4X?th=1&psc=1&language=en_IN,"Hercules DJ Inpulse 200 Dj Controller With Usb, Black",8517.0,16999.0,0.5,4.2,3614.0,Musical Instruments > DJ & VJ Equipment > DJ Mixer,DJ Mixer
B0DT4WBD72,https://www.amazon.in/dp/B0DT4WBD72?th=1&psc=1&language=en_IN,"Beats Powerbeats Pro 2 Wireless Bluetooth Earbuds – Noise Cancelling, Heart-Rate Monitor, IPX4, Up to 45 Hours Battery & Wireless Charging Case, Works with Apple & Android - Electric Orange",26999.0,29900.0,0.1,4.3,28.0,"Electronics > Headphones, Earbuds & Accessories > Headphones > In-Ear",In-Ear
B0DVRKWVNX,https://www.amazon.in/dp/B0DVRKWVNX?th=1&psc=1&language=en_IN,Replacement Voice Remote Control for AMZN FlRE TV Stick,498.0,1499.0,0.67,4.0,3211.0,"Electronics > Home Theater, TV & Video > Accessories > Remote Controls",Remote Controls
B08CSNJ35L,https://www.amazon.in/dp/B08CSNJ35L?th=1&psc=1&language=en_IN,"ZEBRONICS Twist 5, 5.1 Home Theatre Speaker, 90 Watts, Bluetooth v5.1 | USB | AUX | FM, 5.25 inch Subwoofer, Powerful Bass, Stylish Design",3299.0,5999.0,0.45,3.8,14010.0,Electronics > Home Audio > Speakers > Multimedia Speaker Systems,Multimedia Speaker Systems
B0CQN2BHW8,https://www.amazon.in/dp/B0CQN2BHW8?th=1&psc=1&language=en_IN,"All-new Amazon Fire TV Stick HD, Alexa Voice Remote with TV power & volume controls, full HD streaming device",4499.0,5499.0,0.18,4.0,446.0,,nan
B0C3KWT5V6,https://www.amazon.in/dp/B0C3KWT5V6?th=1&psc=1&language=en_IN,"soundcore by Anker Q20i Wireless Bluetooth Over-Ear Headphones with Hybrid Active Noise Cancelling, 40h Playtime in ANC Mode, Hi-Res Audio, Deep Bass, App Personalization (Blue)",4499.0,7199.0,0.38,4.3,29934.0,"Electronics > Headphones, Earbuds & Accessories > Headphones > Over-Ear",Over-Ear
B0BQBDJ2LX,https://www.amazon.in/dp/B0BQBDJ2LX?th=1&psc=1&language=en_IN,"Bose Smart Soundbar 600 with Dolby Atmos, Bluetooth Wireless Sound Bar for TV with Build-in Microphone and Alexa Voice Control, Black",18077.130952380954,25923.78947368421,0.5797368421052632,4.0,170.0,Electronics > Home Audio > Speakers > Soundbar Speakers,Soundbar Speakers
B0DQVBTRJC,https://www.amazon.in/dp/B0DQVBTRJC?th=1&psc=1&language=en_IN,"KZ Castor Pro in Ear Monitor with Mic, Dual 10mm Dynamic Driver, Harman Target Hi-Res Audio Quality, 4 Tuning Switch, Oxygen Free Copper Flat Cable, HD Microphone, 0.78mm 2Pin & 3.5mm Plug Compatible",1852.0,2999.0,0.38,4.0,169.0,"Electronics > Headphones, Earbuds & Accessories > Headphones > In-Ear",In-Ear
B01MZIXLB0,https://www.amazon.in/dp/B01MZIXLB0?th=1&psc=1&language=en_IN,Sony ICD-PX470 4GB Digital Voice Recorder -Black,5983.0,6990.0,0.14,4.2,2279.0,Office Products > Office Electronics > Voice Recorders & Accessories > Digital Voice Recorders,Digital Voice Recorders
B09L8DSSFH,https://www.amazon.in/dp/B09L8DSSFH?th=1&psc=1&language=en_IN,"7SEVEN® Compatible with Samsung Smart 4K Tv Remote Led UHD QLED Television and Monitor Suitable for Frame Ultra 6 7 8 Series with Hot Keys BN59 Model Without Voice Command, AA Battery",369.0,999.0,0.63,3.6,1299.0,"Electronics > Home Theater, TV & Video > Accessories > Remote Controls",Remote Controls
B0CRZ5QMY7,https://www.amazon.in/dp/B0CRZ5QMY7?th=1&psc=1&language=en_IN,"Boat Rockerz 255 ANC, 100HRS Battery, Spatial Audio, 32dB ANC, Fast Charge(10Mins=24HRS), 3Mics AI-ENx Tech, 13mm Drivers, Bluetooth Neckband, Wireless with Mic Earphones (Magenta Pop)",1599.0,6990.0,0.77,3.9,227967.0,"Electronics > Headphones, Earbuds & Accessories > Headphones > In-Ear",In-Ear
B0BW8RVQ3V,https://www.amazon.in/dp/B0BW8RVQ3V?th=1&psc=1&language=en_IN,"boAt Nirvana Ion, 120HRS Battery, Crystal Bionic Sound w/Dual EQ Modes, 4Mics ENx, App Support, Low Latency, IPX4, v.5.2 Bluetooth Earbuds, TWS Ear Buds Wireless Earphones with mic (Ivory White)",1599.0,7990.0,0.8,4.0,17663.0,"Electronics > Headphones, Earbuds & Accessories > Headphones > In-Ear",In-Ear
B0CNRFYLV8,https://www.amazon.in/dp/B0CNRFYLV8?th=1&psc=1&language=en_IN,"boAt Airdopes 163 in Ear Earbuds with 40 HRS Battery, Fast Charge, 13mm Drivers, IPX5, Quick Touch Response Control (Active Black)",899.0,2490.0,0.64,3.8,772.0,"Electronics > Headphones, Earbuds & Accessories > Headphones > In-Ear",In-Ear
B08G1XKY6N,https://www.amazon.in/dp/B08G1XKY6N?th=1&psc=1&language=en_IN,"Skullcandy Hesh ANC Over-Ear Active Noise Cancelling Wireless Headphones with 40mm Drivers, 22Hr Playtime+Rapid Charge,Flat-Folding and Collapsible, Light Weight, Work with Android and iOS- Mob White",6999.0,29999.0,0.77,4.1,1960.0,"Electronics > Headphones, Earbuds & Accessories > Headphones > Over-Ear",Over-Ear
B0DV5GLTLZ,https://www.amazon.in/dp/B0DV5GLTLZ?th=1&psc=1&language=en_IN,"boAt Rockerz 650 Pro (2025 Launch), Touch/Swipe Controls, Dolby Audio, 80Hrs Battery, 2Mics ENx, Fast Charge, App Support, Dual Pair, Bluetooth Headphones, Wireless Headphone with Mic (Sage Green)",2799.0,8990.0,0.69,4.0,378.0,"Electronics > Headphones, Earbuds & Accessories > Headphones > Over-Ear",Over-Ear
B0DFHGX8R3,https://www.amazon.in/dp/B0DFHGX8R3?th=1&psc=1&language=en_IN,"Boult Q Over Ear Bluetooth Headphones with 70H Playtime, 40mm Bass Drivers, Zen™ ENC Mic, Type-C Fast Charging, 4 EQ Modes, BTv 5.4, AUX Option, Easy Control, IPX5 headphones wireless with mic (Beige)",1999.0,5999.0,0.67,4.1,2765.0,"Electronics > Headphones, Earbuds & Accessories > Headphones > Over-Ear",Over-Ear
B09N3XMZ5F,https://www.amazon.in/dp/B09N3XMZ5F?th=1&psc=1&language=en_IN,"boAt Airdopes 141, Low Latency, ENx Tech, 42HRS Battery, Fast Charge, IWP, IPX4, v5.1 Bluetooth Earbuds, TWS Ear Buds Wireless Earphones with mic (Cider Cyan)",799.0,4490.0,0.82,3.8,48744.0,"Electronics > Headphones, Earbuds & Accessories > Headphones > In-Ear",In-Ear
B07DJ7XP43,https://www.amazon.in/dp/B07DJ7XP43?th=1&psc=1&language=en_IN,EJEAS V6 Pro Helmet Intercom Communication System V6 Motorcycle Bluetooth On Ear Headphones Connect Up to 6 Riders 1200M V6 Pro(1 Pack),4619.0,8000.0,0.42,4.3,1139.0,Electronics > Car & Vehicle Electronics > Car & Vehicle Electronics Accessories > Audio & Video Accessories > Motorcycle Bluetooth Headsets,Motorcycle Bluetooth Headsets
B0DGV6RP7C,https://www.amazon.in/dp/B0DGV6RP7C?th=1&psc=1&language=en_IN,"Noise Newly Launched Air Clips Wireless Open Ear Earbuds with Chrome Finish, AirWave™ Technology,Up-to 40H Playtime, Dual Device Pairing, Quad Mic with ENC,12mm Driver,BTv5.4 (Pearl Purple)",2999.0,3999.0,0.25,3.4,1661.0,"Electronics > Headphones, Earbuds & Accessories > Headphones > In-Ear",In-Ear
B00HRPI70Q,https://www.amazon.in/dp/B00HRPI70Q?th=1&psc=1&language=en_IN,"Zeadio Versatile Two-Way Radio Case, Universal Durable Holster Pouch Case Holder for Two-Way Radio Walkie Talkies (ZNC-D, Pack of 1)",799.0,1199.0,0.33,4.1,1557.0,Electronics > Radio Communication > Accessories > Holder,Holder
B0DP9C8J3Q,https://www.amazon.in/dp/B0DP9C8J3Q?th=1&psc=1&language=en_IN,"JioTag Go Tracker for Android, Millions of Android Phones Worldwide Help Track Your Keys, Wallets, Bikes, Luggage, India's only Google Find My Device Certified Tracker, No SIM Subscription Needed",1399.0,2999.0,0.53,3.6,541.0,Electronics > GPS & Accessories > Item Finders,Item Finders
B0CYL4FCY7,https://www.amazon.in/dp/B0CYL4FCY7?th=1&psc=1&language=en_IN,"Samsung 370 W 3.1 ch (HW-B650D/XL) Dolby Soundbar, Center Firing Speakers, Surround Sound Expansion, DTS Virtual:X, Bluetooth, HDMI, Optical in (Black)",16491.0,31900.0,0.48,4.0,36.0,Electronics > Home Audio > Speakers > Soundbar Speakers,Soundbar Speakers
B0B56ST8FJ,https://www.amazon.in/dp/B0B56ST8FJ?th=1&psc=1&language=en_IN,"Nreal XREAL Air Ar Glass Smart Glass Up To 201 Large Screen To Carry Anywhere / Tuv Certified (Eye Friendly), Black",39999.0,60000.0,0.33,3.8,275.0,Electronics > Wearable Technology > Smartglasses,Smartglasses
B07W41VQ91,https://www.amazon.in/dp/B07W41VQ91?th=1&psc=1&language=en_IN,"PHILIPS Audio MMS2625B 2.1 Channel, 31 W, Bluetooth Connectivity, Wired Multimedia Computer Speaker, FM, USB, Audio in Speakers, 15mm Subwoofer, Wide Compatibility - MP3 Player, TV, PC (Black)",3299.0,5990.0,0.45,3.9,4852.0,Electronics > Home Audio > Speakers > Multimedia Speaker Systems,Multimedia Speaker Systems
B0D76YMVZ6,https://www.amazon.in/dp/B0D76YMVZ6?th=1&psc=1&language=en_IN,"pTron Newly Launched Fusion Bliss 16W Bluetooth Speaker with Wireless Karaoke Mic, 6Hrs Playtime, Vibrant RGB Lights, Voice Effects, Multi-Play Modes BT5.3/TF Card & Type-C Charging Port (Black)",1299.0,4599.0,0.72,4.1,2087.0,Electronics > Home Audio > Speakers > Bluetooth Speakers,Bluetooth Speakers
B07QGG5G4J,https://www.amazon.in/dp/B07QGG5G4J?th=1&psc=1&language=en_IN,"Upix AC Remote No. 18A (No Backlight), Compatible/Replacement for Voltas AC Remote Control (Exactly Same Remote Will Only Work)",359.0,899.0,0.6,4.0,999.0,"Electronics > Home Theater, TV & Video > Accessories > Remote Controls",Remote Controls
B0DXZKWSWZ,https://www.amazon.in/dp/B0DXZKWSWZ?th=1&psc=1&language=en_IN,"Kingone Wireless Carplay & Android Auto Adapter, 2 in 1 Carplay Cable Convert Wired to Wireless for Cars, Extension Cable USB-A & USB-C/Type-C, Mini, Quick Connect, No Delay - Black",4599.0,8999.0,0.49,4.4,1841.0,Electronics > Car & Vehicle Electronics > Car & Vehicle Electronics Accessories > Audio & Video Accessories > Input Adapters,Input Adapters
B0DQYCCQ53,https://www.amazon.in/dp/B0DQYCCQ53?th=1&psc=1&language=en_IN,"boAt Aavante Bar A1040 Bluetooth 2.1 Channel Soundbar with 50 W Signature Sound, Bluetooth v5.3, Multi-Compatibility & Master Remote Control (Premium Black)",3599.0,9990.0,0.64,4.0,4344.0,Electronics > Home Audio > Speakers > Soundbar Speakers,Soundbar Speakers
B0DGTTPPT2,https://www.amazon.in/dp/B0DGTTPPT2?th=1&psc=1&language=en_IN,"boAt Airdopes 800 HiDef, Hi-Res Audio LDAC, 4Mic ENx, App Support, ASAP Charge, IPX5, Low Latency, Dual Pairing, BTv5.3, Bluetooth TWS in Ear Earbuds Wireless Earphones (Graphite Grey)",1799.0,7490.0,0.76,4.0,4087.0,"Electronics > Headphones, Earbuds & Accessories > Headphones > In-Ear",In-Ear
B0B86RM2RL,https://www.amazon.in/dp/B0B86RM2RL?th=1&psc=1&language=en_IN,Skyshop® Solar C260 (Voice Alert) Windshield USB/Solar TPMS (Car Tyre Pressure Monitoring System) Suitable for All Car with 4 Tires Sensors PSI & Temperature Display (External),2099.0,3499.0,0.4,4.1,266.0,"Car & Motorbike > Vehicle Tools > Diagnostic, Test & Measuring Tools","Diagnostic, Test & Measuring Tools"
B0DGV6TB8D,https://www.amazon.in/dp/B0DGV6TB8D?th=1&psc=1&language=en_IN,"Noise Newly Launched Airwave Max 5 Wireless Over-Ear Headphones with Adaptive Hybrid ANC (up to 50dB), HFA Tech, 80H Playtime, Dual Pairing(Calm Beige)",4999.0,5999.0,0.17,4.0,140.0,"Electronics > Headphones, Earbuds & Accessories > Headphones > Over-Ear",Over-Ear
B0F2MCD3Q9,https://www.amazon.in/dp/B0F2MCD3Q9?th=1&psc=1&language=en_IN,"Kratos C Type Earphones Wired, 13mm Bass Drivers Earphone, Inline Control Type c Headphones with Mic, IPX5 Water Resistant, Comfort Fit Type c Earphone with Volume Control, Metallic c pin Earphones",369.0,1099.0,0.66,4.4,153.0,"Electronics > Headphones, Earbuds & Accessories > Headphones > In-Ear",In-Ear
B0F8462HP5,https://www.amazon.in/dp/B0F8462HP5?th=1&psc=1&language=en_IN,"TECH XPERT CMF Buds Wireless Bluetooth 5.3 Supports Google Fast Pair and Microsoft Swift Pair Compatible with All Smartphones, Including Nothing Devices & iOS Devices.",2618.412331406551,5360.055396825397,0.5959722222222222,1.5,8.0,"Electronics > Headphones, Earbuds & Accessories > Headphones > In-Ear",In-Ear
B00NBR6RDS,https://www.amazon.in/dp/B00NBR6RDS?th=1&psc=1&language=en_IN,"Sony MDR-ZX110AP Wired On-Ear Headphones with tangle free cable, 3.5mm Jack, Headset with Mic for phone calls and 1 Year Warranty - (Black)",1490.0,5149.074626865671,0.5238805970149254,4.0,66832.0,"Electronics > Headphones, Earbuds & Accessories > Headphones > On-Ear",On-Ear
B097D69GJ1,https://www.amazon.in/dp/B097D69GJ1?th=1&psc=1&language=en_IN,"Portronics SoundDrum 1 12W TWS Portable Bluetooth Speaker with Powerful Bass, Bluetooth 5.3V, 360° Surround Sound, USB Drive in, Type C Fast Charging(Blue)",899.0,2499.0,0.64,4.0,6015.0,Electronics > Home Audio > Speakers > Bluetooth Speakers,Bluetooth Speakers
B0DMT7XR9K,https://www.amazon.in/dp/B0DMT7XR9K?th=1&psc=1&language=en_IN,"Amkette Type A+C 5 in 1 USB Hub 3.0, Upto 5GBPS DataTransfer Speed,Dedicated Card Reader&Micro SD Slot, Universally Compatible with All USB,Speaker,Laptop,Hard Drive,15cm Cable",429.0,999.0,0.57,4.2,2494.0,Computers & Accessories > Accessories & Peripherals > USB Hubs,USB Hubs
B08865JM4N,https://www.amazon.in/dp/B08865JM4N?th=1&psc=1&language=en_IN,Edifier R1280DBs Bluetooth 5.0 Wireless Desktop/Bookshelf Speakers -42 Watts (Brown),15035.0,17990.0,0.16,4.6,3671.0,Electronics > Home Audio > Speakers > Bookshelf Speakers,Bookshelf Speakers
B0CNRFYLV8,https://www.amazon.in/dp/B0CNRFYLV8?th=1&psc=1&language=en_IN,"boAt Airdopes 163 in Ear Earbuds with 40 HRS Battery, Fast Charge, 13mm Drivers, IPX5, Quick Touch Response Control (Active Black)",899.0,2490.0,0.64,3.8,772.0,"Electronics > Headphones, Earbuds & Accessories > Headphones > In-Ear",In-Ear
B0BWMN9LXY,https://www.amazon.in/dp/B0BWMN9LXY?th=1&psc=1&language=en_IN,Astigo Compatible Remote for DAIKIN AC Turbo (AC-144)(Please Match The Image with Your Old Remote),489.0,899.0,0.46,3.4,85.0,"Electronics > Home Theater, TV & Video > Accessories > Remote Controls",Remote Controls
B09HGSCL9Q,https://www.amazon.in/dp/B09HGSCL9Q?th=1&psc=1&language=en_IN,"JBL Flip 6 Wireless Portable Bluetooth Speaker Pro Sound, Upto 12 Hours Playtime, IP67 Water & Dustproof, PartyBoost & Personalization App (Without Mic, Blue)",7999.0,13999.0,0.43,4.4,38407.0,Electronics > Home Audio > Speakers > Bluetooth Speakers,Bluetooth Speakers
B09RMKMC1J,https://www.amazon.in/dp/B09RMKMC1J?th=1&psc=1&language=en_IN,AUSHA ®HDMI Display Dongle (M1),1299.0,2999.0,0.57,3.0,38.0,Computers & Accessories > Networking Devices > Data Cards & Dongles,Data Cards & Dongles
B07H86KR34,https://www.amazon.in/dp/B07H86KR34?th=1&psc=1&language=en_IN,"Saregama Carvaan Premium Hindi - Portable Music Player with 5000 Preloaded Songs, FM/BT/AUX (Royal Blue)",7990.0,8190.0,0.02,4.4,10003.0,Electronics > Portable Media Players > Radios > AM/FM Radios,AM/FM Radios
B09MCVP2KS,https://www.amazon.in/dp/B09MCVP2KS?th=1&psc=1&language=en_IN,7SEVEN® Compatible with Samsung tv Remote Control Universal Suitable for LCD LED OLED QLED UHD HD Plasma 3D Smart Hub Television with Hotkeys - Match Remotes Keys Exactly with Existing Remote,333.0,699.0,0.52,4.1,335.0,"Electronics > Home Theater, TV & Video > Accessories > Remote Controls",Remote Controls
B0F7LLT7ZM,https://www.amazon.in/dp/B0F7LLT7ZM?th=1&psc=1&language=en_IN,Wireless Earbuds Bluetooth 5.1 TWS Earphones Full Touch Control Headphones Built-in Microphone Immersive Sound Quality Ensure Fast Stable & Connection Smart LED Headset Sports Bud,2618.412331406551,5360.055396825397,0.5959722222222222,3.9,6.0,"Electronics > Headphones, Earbuds & Accessories > Headphones > In-Ear",In-Ear
B0CBV6QNMF,https://www.amazon.in/dp/B0CBV6QNMF?th=1&psc=1&language=en_IN,"ZdalaMit Original Remote Control Compatible for Mi Tv Remote Suitable for Mi TV 4A (32""/43"")",289.0,1999.0,0.86,4.3,7415.0,"Electronics > Home Theater, TV & Video > Accessories > Remote Controls",Remote Controls
B09H25G15N,https://www.amazon.in/dp/B09H25G15N?th=1&psc=1&language=en_IN,"Irusu Play VR Ultra 3D VR Headset-Virtual Reality Headset with HD Lens,Controller,Stereo Headphones 3.5mm Jack to Type C Connector,Inbuilt Touch Button for Mobile VR Gaming.",3099.0,3999.0,0.23,3.5,587.0,Electronics > Mobiles & Accessories > Mobile Accessories > Virtual Reality (VR) Headsets,Virtual Reality (VR) Headsets
B0C6KJ3R71,https://www.amazon.in/dp/B0C6KJ3R71?th=1&psc=1&language=en_IN,"soundcore by Anker,Space One,Active Noise Cancelling in Ear Headphones,2X Stronger Voice Reduction,40H ANC Playtime,App Control,Ldac Hi-Res Wireless Audio,Comfortable Fit,Clear Calls,Bluetooth 5.3",7999.0,19998.0,0.6,4.2,3593.0,"Electronics > Headphones, Earbuds & Accessories > Headphones > In-Ear",In-Ear
B0DFHGX8R3,https://www.amazon.in/dp/B0DFHGX8R3?th=1&psc=1&language=en_IN,"Boult Q Over Ear Bluetooth Headphones with 70H Playtime, 40mm Bass Drivers, Zen™ ENC Mic, Type-C Fast Charging, 4 EQ Modes, BTv 5.4, AUX Option, Easy Control, IPX5 headphones wireless with mic (Beige)",1999.0,5999.0,0.67,4.1,2765.0,"Electronics > Headphones, Earbuds & Accessories > Headphones > Over-Ear",Over-Ear
B0D1VH7WMX,https://www.amazon.in/dp/B0D1VH7WMX?th=1&psc=1&language=en_IN,"Marshall Minor IV Wireless Earbuds with 30+ Hours of Playtime, Water-Resistant, Wireless Charging- Black",11999.0,5360.055396825397,0.5959722222222222,3.9,637.0,"Electronics > Headphones, Earbuds & Accessories > Headphones > In-Ear",In-Ear
B0DGTTKCJX,https://www.amazon.in/dp/B0DGTTKCJX?th=1&psc=1&language=en_IN,"boAt Rockerz 480 w/RGB LEDs, 6 Light Modes, 40mm Drivers, Beast Mode, 60hrs Playback, ENx Tech, BT v5.3, Adaptive Fit & Easy Access Controls, Bluetooth Headphones(White Sabre)",1599.0,3790.0,0.58,3.9,842.0,"Electronics > Headphones, Earbuds & Accessories > Headphones > On-Ear",On-Ear
B0748N1BZD,https://www.amazon.in/dp/B0748N1BZD?th=1&psc=1&language=en_IN,"Bose SoundLink Micro, Portable Outdoor Speaker, (Wireless Bluetooth Connectivity), Black",10899.0,16798.04651162791,0.4441860465116279,4.5,52472.0,Electronics > Home Audio > Speakers > Bluetooth Speakers,Bluetooth Speakers
B0CKRQP4XZ,https://www.amazon.in/dp/B0CKRQP4XZ?th=1&psc=1&language=en_IN,"Saregama Carvaan Lite Hindi - Portable Music Player with 3000 Pre-Loaded Evergreen Songs, FM/BT/AUX (Royal Blue)",2820.6296296296296,3565.259259259259,0.2881481481481482,4.2,129.0,Electronics > Portable Media Players > Radios > AM/FM Radios,AM/FM Radios
B0D4QJY239,https://www.amazon.in/dp/B0D4QJY239?th=1&psc=1&language=en_IN,"Noise Buds N1 Pro in-Ear Truly Wireless Earbuds with Metallic Finish, ANC(Upto 32dB), 60H of Playtime, Dual Pairing, Instacharge(10 min=200 min), BT v5.3(Chrome Green)",1799.0,4999.0,0.64,3.9,4974.0,"Electronics > Headphones, Earbuds & Accessories > Headphones > In-Ear",In-Ear
B0DFHGX8R3,https://www.amazon.in/dp/B0DFHGX8R3?th=1&psc=1&language=en_IN,"Boult Q Over Ear Bluetooth Headphones with 70H Playtime, 40mm Bass Drivers, Zen™ ENC Mic, Type-C Fast Charging, 4 EQ Modes, BTv 5.4, AUX Option, Easy Control, IPX5 headphones wireless with mic (Beige)",1999.0,5999.0,0.67,4.1,2766.0,"Electronics > Headphones, Earbuds & Accessories > Headphones > Over-Ear",Over-Ear
B0DK3V1WJW,https://www.amazon.in/dp/B0DK3V1WJW?th=1&psc=1&language=en_IN,"JBL New Launch Tune Beam 2 TWS, ANC Earbuds,48Hr Playtime,Dual Connect, Ambient Aware,Relax Mode, Customized EQ with Headphones App,6 Mics for Clear Calls, Spatial Sound, Personi-Fi 3.0 (Turquoise)",5999.0,11999.0,0.5,3.9,675.0,"Electronics > Headphones, Earbuds & Accessories > Headphones > In-Ear",In-Ear
B09XSDMT4F,https://www.amazon.in/dp/B09XSDMT4F?th=1&psc=1&language=en_IN,"Sony WH-1000XM5 Best Active Noise Cancelling Wireless Bluetooth Over Ear Headphones with Mic for Clear Calling, up to 40 Hours Battery -White",29990.0,34990.0,0.14,4.4,15422.0,"Electronics > Headphones, Earbuds & Accessories > Headphones > Over-Ear",Over-Ear
B0B63ZJW6Q,https://www.amazon.in/dp/B0B63ZJW6Q?th=1&psc=1&language=en_IN,BIA ; ACOUSTICS 8 inch Subwoofer V3 Long Strokers 150W 4ohm for Car and Hometheatre,1647.0,3099.0,0.47,4.4,162.0,Electronics > Car & Vehicle Electronics > Car Electronics > Car Audio > Car Speakers > Component Subwoofers,Component Subwoofers
B0CX467VHB,https://www.amazon.in/dp/B0CX467VHB?th=1&psc=1&language=en_IN,"LG S40T 300W 2.1 Channel Dolby Digital, DTS Digital Surround, AI Sound Pro, Wow Interface Soundbar with HDMI, USB & Bluetooth Connectivity (Black)",12990.0,26990.0,0.52,4.3,210.0,Electronics > Home Audio > Speakers > Soundbar Speakers,Soundbar Speakers
B0DGXQBK46,https://www.amazon.in/dp/B0DGXQBK46?th=1&psc=1&language=en_IN,"amazon basics SB25R 25W Bluetooth Soundbar with 3600 mAh Battery | 2X Bass | Up to 10 hrs of Playback | Blue LED Lights | Bluetooth 5.3, Aux & USB Connectivity (Slate Grey)",996.0,3499.0,0.72,3.6,415.0,Electronics > Home Audio > Speakers > Soundbar Speakers,Soundbar Speakers
B0D4QNLF6Y,https://www.amazon.in/dp/B0D4QNLF6Y?th=1&psc=1&language=en_IN,"Noise Buds N1 Pro in-Ear Truly Wireless Earbuds with Metallic Finish, ANC(Upto 30dB), 60H of Playtime, Dual Pairing, Instacharge(10 min=200 min), BT v5.3(Chrome Beige)",1799.0,4999.0,0.64,3.9,4974.0,"Electronics > Headphones, Earbuds & Accessories > Headphones > In-Ear",In-Ear
B0CNRFYLV8,https://www.amazon.in/dp/B0CNRFYLV8?th=1&psc=1&language=en_IN,"boAt Airdopes 163 in Ear Earbuds with 40 HRS Battery, Fast Charge, 13mm Drivers, IPX5, Quick Touch Response Control (Active Black)",899.0,2490.0,0.64,3.8,772.0,"Electronics > Headphones, Earbuds & Accessories > Headphones > In-Ear",In-Ear
B0BZV8HLX3,https://www.amazon.in/dp/B0BZV8HLX3?th=1&psc=1&language=en_IN,"soundcore Liberty 4 NC Wireless in Ear Earbuds,Noise Reduction,49Db Adaptive Noise Cancelling,Hi-Res Sound,Ldac Support,50H Battery,Wireless Charging,Fast Charge 10Min=240Min,Bluetooth 5.3",6499.0,15998.0,0.59,3.6,17770.0,"Electronics > Headphones, Earbuds & Accessories > Headphones > In-Ear",In-Ear
B0CYG6WT7L,https://www.amazon.in/dp/B0CYG6WT7L?th=1&psc=1&language=en_IN,Amazon Basics 2 in 1 Bluetooth 5.0 Transmitter Receiver | 3.5mm Stereo Audio Adapter with Mic | Portable Design | Driverless Plug and Play | Easy Slide Switch Mode | 10m Range,359.0,999.0,0.64,3.8,470.0,Electronics > Home Audio > Media Streaming Devices > Wireless Audio Receivers & Adapters,Wireless Audio Receivers & Adapters
B07DFYSGS3,https://www.amazon.in/dp/B07DFYSGS3?th=1&psc=1&language=en_IN,"JBL C200SI, Premium in Ear Wired Earphones with Mic, Signature Sound, One Button Multi-Function Remote, Premium Metallic Finish, Angled Earbuds for Comfort fit (Gun Metal)",798.0,1499.0,0.47,4.0,24748.0,"Electronics > Headphones, Earbuds & Accessories > Headphones > In-Ear",In-Ear
B08HDK65K8,https://www.amazon.in/dp/B08HDK65K8?th=1&psc=1&language=en_IN,Skyshop® C240 Prime (Voice Alert) External USB/Solar TPMS (Car Tyre Pressure Monitoring System) Tire Pressure & Temperature Display,2449.0,3498.0,0.3,4.1,4443.0,Car & Motorbike > Car Tyres & Rims > Accessories,Accessories
B07QGG5G4J,https://www.amazon.in/dp/B07QGG5G4J?th=1&psc=1&language=en_IN,"Upix AC Remote No. 18A (No Backlight), Compatible/Replacement for Voltas AC Remote Control (Exactly Same Remote Will Only Work)",359.0,899.0,0.6,4.0,999.0,"Electronics > Home Theater, TV & Video > Accessories > Remote Controls",Remote Controls
B09P1NFWZH,https://www.amazon.in/dp/B09P1NFWZH?th=1&psc=1&language=en_IN,"ZEBRONICS Zeb-Demon Tabletop Over Ear Gaming Wired Headphone Stand with RGB Led, Dual USB Ports, 3.5Mm Jack, Abs Material, 1.5 Meter USB Cable, Anti-Skid Bottom Grip and with Microphone",1789.0,3999.0,0.55,4.1,253.0,"Electronics > Headphones, Earbuds & Accessories > Stands",Stands
B0DWXQC8RS,https://www.amazon.in/dp/B0DWXQC8RS?th=1&psc=1&language=en_IN,"OOGE Tune 15 Wireless Neckband (Black) Bluetooth 5.3, Type-C Fast Charging, 2500h Standby, Magnetic Earbuds, Deep Bass Audio, Lightweight & Comfortable Fit, Sweatproof in-Ear Headphones",299.0,1499.0,0.8,3.9,261.0,"Electronics > Headphones, Earbuds & Accessories > Headphones > In-Ear",In-Ear
B07H3ZTMBC,https://www.amazon.in/dp/B07H3ZTMBC?th=1&psc=1&language=en_IN,"Pioneer Car Stereo MVH-S219BT,Bluetooth,in-Built MIC,USB/AUX/Radio,Dimmer,MOSFET 50W X 4,RCA Pre-Outs 1, WMA/MP3/WAV,Anti Theft Mechanism :Yes",6638.0,6750.0,0.02,3.9,605.0,Electronics > Car & Vehicle Electronics > Car Electronics > Car Audio > Car Stereos,Car Stereos
B0D45ZCN3Y,https://www.amazon.in/dp/B0D45ZCN3Y?th=1&psc=1&language=en_IN,"JBL Newly Launched Cinema SB560, Dolby Audio Soundbar with Wireless Subwoofer for Extra Deep Bass, 3.1 Channel, Center Channel for Superior Voice Clarity, HDMI eARC, Bluetooth Connectivity (250W)",14999.0,19999.0,0.25,4.2,1668.0,Electronics > Home Audio > Speakers > Soundbar Speakers,Soundbar Speakers
B0D3TMKMYN,https://www.amazon.in/dp/B0D3TMKMYN?th=1&psc=1&language=en_IN,"Sony ULT Wear WH-ULT900N Noise Cancellation Wireless Bluetooth Over Ear Headphones with Massive Bass, Up to 50Hrs Battery-Grey",16020.0,24990.0,0.36,4.3,1582.0,"Electronics > Headphones, Earbuds & Accessories > Headphones > Over-Ear",Over-Ear
B0F9L2NWQM,https://www.amazon.in/dp/B0F9L2NWQM?th=1&psc=1&language=en_IN,"Nothing Neckband Pro 50dB Active Noise Cancellation, Smart Dial Design, 37 Hrs Playtime Bluetooth Wireless in Ear Earphones with Mic",2618.412331406551,5360.055396825397,0.5959722222222222,5.0,29798.275310834815,"Electronics > Headphones, Earbuds & Accessories > Headphones > In-Ear",In-Ear
B0DPQYHSBM,https://www.amazon.in/dp/B0DPQYHSBM?th=1&psc=1&language=en_IN,"Cason 16GB Mini MP3 Music Player with Bluetooth 5.4, Video Playback,Pocket-Sized MP3 Player for Music,Voice Recording,FM Radio -Expanded Up to 128GB (White)",1645.0,2995.0,0.45,4.0,41.0,Electronics > Portable Media Players > MP3/MP4 Players,MP3/MP4 Players
B0F1GTKH5V,https://www.amazon.in/dp/B0F1GTKH5V?th=1&psc=1&language=en_IN,ERROR: Page Not Found/Error,12041.263157894737,15646.588823529411,0.17823529411764708,4.163636363636364,2320.7619047619046,,nan
B0DWX8NG94,https://www.amazon.in/dp/B0DWX8NG94?th=1&psc=1&language=en_IN,Blaupunkt Newly Launched SBW Munich 50 Dolby Audio 2.1 CH Soundbar with Wired Subwoofeer I 160W RMS I HDMI-ARC I Bluetooth I AUX I USB I Remote Control with Equalizer,18077.130952380954,25923.78947368421,0.5797368421052632,4.0,5777.0,Electronics > Home Audio > Speakers > Soundbar Speakers,Soundbar Speakers
B07J247XFL,https://www.amazon.in/dp/B07J247XFL?th=1&psc=1&language=en_IN,TRONICA Super King 40W 5.1 Bluetooth Home Theater System with FM/PenDrive/Sd Card/Mobile/Aux Support & Remote,2390.0,3500.0,0.32,3.4,4190.0,"Electronics > Home Theater, TV & Video > Home Theater Systems",Home Theater Systems
B0CMLRX7ZX,https://www.amazon.in/dp/B0CMLRX7ZX?th=1&psc=1&language=en_IN,"Sounce HDMI Switch 2 in 1 Out 4K 60hz HDMI Switcher 2 Port, Bi-Directional HDMI Switch Splitter 2 x 1/1 x 2, No Power Required, Sharing HD Video, PC Gaming Accessories",299.0,999.0,0.7,3.6,2606.0,Electronics > Home Audio > Accessories > Distribution > Selector Boxes,Selector Boxes
B01IR2PZPW,https://www.amazon.in/dp/B01IR2PZPW?th=1&psc=1&language=en_IN,"Microware USB Cassette to MP3 Converter Capture, Portable Audio Tape-to-MP3 Player Switcher Converter",1895.0,4999.0,0.62,3.9,359.0,Electronics > Home Audio > Receivers & Separates > Cassette Players,Cassette Players
B0C664NHV6,https://www.amazon.in/dp/B0C664NHV6?th=1&psc=1&language=en_IN,"JBL Tune 770NC Wireless Over Ear ANC Headphones with Mic, Upto 70 Hrs Playtime, Speedcharge, Google Fast Pair, Dual Pairing, BT 5.3 LE Audio, Customize on Headphones App (Blue)",5999.0,9999.0,0.4,4.0,21607.0,"Electronics > Headphones, Earbuds & Accessories > Headphones > Over-Ear",Over-Ear
B0855TMDY3,https://www.amazon.in/dp/B0855TMDY3?th=1&psc=1&language=en_IN,"Onelap GO Portable GPS (with 12 Months 4G SIM Recharge) - Wireless GPS Tracker for Car, Kids School Bag, Scooty or Trucks | 10000 mAH Battery | Voice Monitoring | Magnetic Grip | 1 Yr Android iOS app",4590.0,13900.0,0.67,4.4,15461.0,Electronics > GPS & Accessories > GPS Trackers,GPS Trackers
B0DNYY98VG,https://www.amazon.in/dp/B0DNYY98VG?th=1&psc=1&language=en_IN,"Carlinkit Mini SE Pro Wireless Adapter for OEM Wired CarPlay & OEM Wired Android Auto,Compatible with iOS 10 & Android 10 and Above, Fast Connection, No Latency - Deep Blue",4824.5,9499.5,0.495,3.9,172.0,Electronics > Car & Vehicle Electronics > Car & Vehicle Electronics Accessories > Audio & Video Accessories > Input Adapters,Input Adapters
B0CX5B4N1N,https://www.amazon.in/dp/B0CX5B4N1N?th=1&psc=1&language=en_IN,"JBL Go 4, Wireless Ultra Portable Bluetooth Speaker, Pro Sound, Vibrant Colors, Water & Dust Proof, Type C (Without Mic, Blue)",3499.0,5499.0,0.36,4.4,6892.0,Electronics > Home Audio > Speakers > Bluetooth Speakers,Bluetooth Speakers
B09N3XMZ5F,https://www.amazon.in/dp/B09N3XMZ5F?th=1&psc=1&language=en_IN,"boAt Airdopes 141, Low Latency, ENx Tech, 42HRS Battery, Fast Charge, IWP, IPX4, v5.1 Bluetooth Earbuds, TWS Ear Buds Wireless Earphones with mic (Cider Cyan)",799.0,4490.0,0.82,3.8,48744.0,"Electronics > Headphones, Earbuds & Accessories > Headphones > In-Ear",In-Ear
B0DVZF8RQF,https://www.amazon.in/dp/B0DVZF8RQF?th=1&psc=1&language=en_IN,"pTron Fusion Pro Retro Signature 20W Bluetooth Speaker with Pristine Sound, 8 Hours Playtime, Dual Drivers, Playback via BT5.3/USB/TF Card, Easy Controls, Portable Speaker & Type C Charging (Black)",1499.0,4899.0,0.69,4.3,95.0,Electronics > Home Audio > Speakers > Bluetooth Speakers,Bluetooth Speakers
B08VFCN8WK,https://www.amazon.in/dp/B08VFCN8WK?th=1&psc=1&language=en_IN,Certified Refurbished Fire TV Stick with all-new Alexa Voice Remote (includes TV and app controls) | HD streaming device,3149.0,4199.0,0.25,3.9,3218.0,,nan
B07W41VQ91,https://www.amazon.in/dp/B07W41VQ91?th=1&psc=1&language=en_IN,"PHILIPS Audio MMS2625B 2.1 Channel, 31 W, Bluetooth Connectivity, Wired Multimedia Computer Speaker, FM, USB, Audio in Speakers, 15mm Subwoofer, Wide Compatibility - MP3 Player, TV, PC (Black)",3299.0,5990.0,0.45,3.9,4852.0,Electronics > Home Audio > Speakers > Multimedia Speaker Systems,Multimedia Speaker Systems
B0DJDDJMDS,https://www.amazon.in/dp/B0DJDDJMDS?th=1&psc=1&language=en_IN,Remote Control Compatible with Sony Bravia RMF-TX520p Tv with Bluetooth Voice Command Suitable Tv Models X74K X75K X75AK A80J X80J X85J X90J X95J Series(Pairing Must) (Sony Version 2),1549.0,1999.0,0.23,3.8,37.0,"Electronics > Home Theater, TV & Video > Accessories > Remote Controls",Remote Controls
B0DGJ6G1XG,https://www.amazon.in/dp/B0DGJ6G1XG?th=1&psc=1&language=en_IN,"Apple AirPods 4 Wireless Earbuds, Bluetooth Headphones, with Active Noise Cancellation, Adaptive Audio, Transparency Mode, Personalised Spatial Audio, USB-C Charging Case, Wireless Charging, H2 Chip",16990.0,17900.0,0.05,3.9,194.0,,nan
B0CQ1Y7KHV,https://www.amazon.in/dp/B0CQ1Y7KHV?th=1&psc=1&language=en_IN,Intel Core I5-14400F Desktop Processor Fc-Lga16A 10 Cores(6 P-Cores + 4 E-Cores) Up to 4.7 Ghz,15400.0,35846.0,0.57,4.6,216.0,Computers & Accessories > Components > Processors,Processors
B0BTSRZWGH,https://www.amazon.in/dp/B0BTSRZWGH?th=1&psc=1&language=en_IN,"SONY NW-ZX707 Walkman 64GB Hi-Res Portable Digital Music Player with Android, Large 5.0"" (diag) Touchscreen Display, up to 24 Hrs Battery, Wi-Fi & Bluetooth and USB Type-C, Ø4.4mm Balanced Connection",69404.0,74990.0,0.07,4.3,6.0,Electronics > Portable Media Players > MP3/MP4 Players,MP3/MP4 Players
B0BSD6GQCR,https://www.amazon.in/dp/B0BSD6GQCR?th=1&psc=1&language=en_IN,"Tech-lobby 5.1 Surround Sound Amplifier 5500 P.M.P.O with Karoake FUNCITON, USB,AUX,MIC,BLUTHOOTH,AV in BLUTHOOTH with 5.1 Surround Sound Circuit Power Amplifier (Blast Series) Perfect for Home and Outdoor Function.",4299.0,5999.0,0.28,3.2,64.0,Musical Instruments > PA & Stage > Power-Amplifiers,Power-Amplifiers
B0BSLPSK47,https://www.amazon.in/dp/B0BSLPSK47?th=1&psc=1&language=en_IN,"Careflection VR Headset Compatible with iPhone & Android | Virtual Reality Goggles for 4.7""-6.5"" Cell Phone - Best Set Glasses | Gift for Kids and Adults for 3D Gaming and VR Videos, Black",520.0,1999.0,0.74,2.0,63.0,Electronics > Mobiles & Accessories > Mobile Accessories > Virtual Reality (VR) Headsets,Virtual Reality (VR) Headsets
B0CH3G9VR2,https://www.amazon.in/dp/B0CH3G9VR2?th=1&psc=1&language=en_IN,"Boat Aavante Bar 490 Bluetooth Soundbar 10W RMS Signature Sound,2.0 Channel,BTv5.1,Dual Full-Range Drivers, AUX, TF Card, USB, Upto 7 Hrs Playback,Built-in Mic,TWS Feature(Classic Black)",1099.0,3490.0,0.69,3.9,1603.0,Electronics > Home Audio > Speakers > Soundbar Speakers,Soundbar Speakers
B0B5FFWP63,https://www.amazon.in/dp/B0B5FFWP63?th=1&psc=1&language=en_IN,"LG MR22GN Remote Control, Magic Remote for LG TV Models 2021/2022, Built-In Microphone, Compatible with Alexa and Google, Black",2699.0,2999.0,0.1,4.6,2146.0,Amazon Devices & Accessories > Amazon Device Accessories > Remote Controls,Remote Controls
B0CZ417B2Q,https://www.amazon.in/dp/B0CZ417B2Q?th=1&psc=1&language=en_IN,"boAt Airdopes 311 Pro, 50HRS Battery, Fast Charge, Dual Mics ENx Tech, Transparent LID, Low Latency, IPX4, IWP Tech, v5.3 Bluetooth Earbuds, TWS in Ear Earbuds Wireless Earphones with mic (Dusk Blue)",799.0,4990.0,0.84,3.6,2226.0,"Electronics > Headphones, Earbuds & Accessories > Headphones > In-Ear",In-Ear
B073WV5SXD,https://www.amazon.in/dp/B073WV5SXD?th=1&psc=1&language=en_IN,LOHAYA Air Conditioner Remote Compatible for LG Split AC Remote Control [ Compatible for Lg Ac Remote ] White [AC-36I],399.0,999.0,0.6,4.0,3101.0,"Home & Kitchen > Heating, Cooling & Air Quality > Parts & Accessories",Parts & Accessories
B0D5D294RR,https://www.amazon.in/dp/B0D5D294RR?th=1&psc=1&language=en_IN,"Marshall Major V Wireless On-Ear Headphones, Brown",14999.0,17999.0,0.17,4.6,166.0,"Electronics > Headphones, Earbuds & Accessories > Headphones > On-Ear",On-Ear
B0CPQ2687Y,https://www.amazon.in/dp/B0CPQ2687Y?th=1&psc=1&language=en_IN,Lapster 28 pcs Mix Spiral Charger Spiral Charger Cable Protectors for Wires Data Cable Saver Charging Cord Protective Cable Cover,99.0,999.0,0.9,4.1,1419.0,Computers & Accessories > Accessories & Peripherals > Cables & Accessories > Cable Connection Protectors,Cable Connection Protectors
B0BJ2CFHFD,https://www.amazon.in/dp/B0BJ2CFHFD?th=1&psc=1&language=en_IN,ESPtronics Mini Inverter Dc to Ac Converter 12v to 220v AC Inverter Dc to Ac 12v Mini Car Inverter 100 Watt Solar Converter for Mobile Charger car Inverter,1965.6666666666667,4382.333333333333,0.4549999999999999,2.1,5.0,Electronics > Car & Vehicle Electronics > Car & Vehicle Electronics Accessories > Audio & Video Accessories > Power Inverters,Power Inverters
B0DNZRMST8,https://www.amazon.in/dp/B0DNZRMST8?th=1&psc=1&language=en_IN,"Noise Newly Launched Buds VS601 in-Ear Truly Wireless Earbuds with 50H of Playtime, Transparent case lid, Quad mic ENC, Dual Device Pairing, 10mm Driver, BT v5.3 (Graphite Black)",1199.0,3999.0,0.7,3.7,447.0,"Electronics > Headphones, Earbuds & Accessories > Headphones > In-Ear",In-Ear
B0DB8SYVN7,https://www.amazon.in/dp/B0DB8SYVN7?th=1&psc=1&language=en_IN,"Portronics Harmonics Twins S18 in Ear TWS Earbuds with 30H Playtime, in Built HD Mic, Game/Music Mode, 13mm Dynamic Driver, Low Latency, Touch Control, Type C Fast Charging, Light Weight(Black)",699.0,1999.0,0.65,4.0,285.0,"Electronics > Headphones, Earbuds & Accessories > Headphones > In-Ear",In-Ear
B0BW8RVQ3V,https://www.amazon.in/dp/B0BW8RVQ3V?th=1&psc=1&language=en_IN,"boAt Nirvana Ion, 120HRS Battery, Crystal Bionic Sound w/Dual EQ Modes, 4Mics ENx, App Support, Low Latency, IPX4, v.5.2 Bluetooth Earbuds, TWS Ear Buds Wireless Earphones with mic (Ivory White)",1599.0,7990.0,0.8,4.0,17663.0,"Electronics > Headphones, Earbuds & Accessories > Headphones > In-Ear",In-Ear
B0CY1PL36Q,https://www.amazon.in/dp/B0CY1PL36Q?th=1&psc=1&language=en_IN,"Noise 4 Wireless Over-Ear Headphones with 70H Playtime, ENC, 40mm Driver, Low Latency(up to 40ms), Dual Pairing, BT v5.4 (Calm Beige)",2499.0,5999.0,0.58,3.8,1827.0,"Electronics > Headphones, Earbuds & Accessories > Headphones > On-Ear",On-Ear
B0F88CZKYL,https://www.amazon.in/dp/B0F88CZKYL?th=1&psc=1&language=en_IN,"GOOTU 6.2KW Smart Hybrid Solar Inverter, 120A MPPT, Dual Output, Ongrid+Offgrid, WiFi Monitoring, 48V Pure Sine Wave *1 Year Warranty* (Free Replacement Parts)",,,,5.0,3.0,Outdoor Living > Solar & Wind Power > Solar & Wind Power Inverters > Hybrid Inverters,Hybrid Inverters
B0DMT7XR9K,https://www.amazon.in/dp/B0DMT7XR9K?th=1&psc=1&language=en_IN,"Amkette Type A+C 5 in 1 USB Hub 3.0, Upto 5GBPS DataTransfer Speed,Dedicated Card Reader&Micro SD Slot, Universally Compatible with All USB,Speaker,Laptop,Hard Drive,15cm Cable",429.0,999.0,0.57,4.2,2494.0,Computers & Accessories > Accessories & Peripherals > USB Hubs,USB Hubs
B0CX938WS1,https://www.amazon.in/dp/B0CX938WS1?th=1&psc=1&language=en_IN,"FRONTECH 4.1 Channel Speaker System | Bluetooth 5.0-60W Output, USB|BT|FM Support|LED Display, (3366 - Black)",2345.0,5300.0,0.56,3.0,20.0,Electronics > Home Audio > Speakers > Bluetooth Speakers,Bluetooth Speakers
B0D1VH7WMX,https://www.amazon.in/dp/B0D1VH7WMX?th=1&psc=1&language=en_IN,"Marshall Minor IV Wireless Earbuds with 30+ Hours of Playtime, Water-Resistant, Wireless Charging- Black",11999.0,5360.055396825397,0.5959722222222222,3.9,637.0,"Electronics > Headphones, Earbuds & Accessories > Headphones > In-Ear",In-Ear
B09L8DSSFH,https://www.amazon.in/dp/B09L8DSSFH?th=1&psc=1&language=en_IN,"7SEVEN® Compatible with Samsung Smart 4K Tv Remote Led UHD QLED Television and Monitor Suitable for Frame Ultra 6 7 8 Series with Hot Keys BN59 Model Without Voice Command, AA Battery",369.0,999.0,0.63,3.6,1299.0,"Electronics > Home Theater, TV & Video > Accessories > Remote Controls",Remote Controls
B0CM16YXSH,https://www.amazon.in/dp/B0CM16YXSH?th=1&psc=1&language=en_IN,Tata Sky Remote Original Compatible for HD/SD Set Top Box (Come with 2 AAA Batteries),299.0,399.0,0.25,4.1,529.0,"Electronics > Home Theater, TV & Video > Accessories > Remote Controls",Remote Controls
B0D7VM8D9B,https://www.amazon.in/dp/B0D7VM8D9B?th=1&psc=1&language=en_IN,"OBAGE Essential -5 2.1 Home Theatre System 80 Watt with HDMI ARC, Digital Bass Treble Control,Bluetooth 5.3v, USB,FM and AUX",3695.0,6000.0,0.38,4.0,1771.0,"Electronics > Home Theater, TV & Video > Home Theater Systems",Home Theater Systems
B0F9L2NWQM,https://www.amazon.in/dp/B0F9L2NWQM?th=1&psc=1&language=en_IN,"Nothing Neckband Pro 50dB Active Noise Cancellation, Smart Dial Design, 37 Hrs Playtime Bluetooth Wireless in Ear Earphones with Mic",2618.412331406551,5360.055396825397,0.5959722222222222,5.0,29798.275310834815,"Electronics > Headphones, Earbuds & Accessories > Headphones > In-Ear",In-Ear
B0DGLQGMGP,https://www.amazon.in/dp/B0DGLQGMGP?th=1&psc=1&language=en_IN,"ZdalaMit Original Non-Voice Remote Control Compatible for Oneplus Led Smart TV with Netflix, You Tube & Primo Video Hot Keys (Version-1)",495.39864864864865,1239.0067567567567,0.5502027027027028,3.9,63.0,"Electronics > Home Theater, TV & Video > Accessories > Remote Controls",Remote Controls
B09Z2493LW,https://www.amazon.in/dp/B09Z2493LW?th=1&psc=1&language=en_IN,"Fleettrack Pro (with 1 Month SIM Recharge) - Wired GPS Tracker for Car, Bike, Scooty, EV, Trucks | Live Location, Instant Engine ON/Off Alerts, Theft Alarms with Next-Gen Mobile App",1299.0,3499.0,0.63,4.5,1895.0,Electronics > GPS & Accessories > GPS Trackers,GPS Trackers
B0DGV3BSTX,https://www.amazon.in/dp/B0DGV3BSTX?th=1&psc=1&language=en_IN,"Fastrack Fpods FX101|BT5.4 TWS Earbuds, 40Hrs Playtime, Quad mic ENC for Crystal Clear Calls, Low Latency Gaming Mode Upto 50ms,NitroFast Charge",707.0,3495.0,0.8,3.5,23.0,"Electronics > Headphones, Earbuds & Accessories > Headphones > In-Ear",In-Ear
B07QJYB8BC,https://www.amazon.in/dp/B07QJYB8BC?th=1&psc=1&language=en_IN,"Xiaomi Wired in-Ear Earphones with Mic, Ultra Deep Bass & Metal Sound Chamber (Blue)",429.0,999.0,0.57,4.1,107401.0,"Electronics > Headphones, Earbuds & Accessories > Headphones > In-Ear",In-Ear
B09Z7X33H1,https://www.amazon.in/dp/B09Z7X33H1?th=1&psc=1&language=en_IN,"Zebronics Sound Bomb 7 Bluetooth TWS in Ear Earbuds with 60H Playtime, ENC Mic, Rapid Charge, Upto 50ms Gaming Mode, Flash Connect, Voice Assistant, Smooth Touch Control, BT v5.2, Type C (Black)",799.0,4299.0,0.81,3.7,1536.0,"Electronics > Headphones, Earbuds & Accessories > Headphones > In-Ear",In-Ear
B08VJH4H6F,https://www.amazon.in/dp/B08VJH4H6F?th=1&psc=1&language=en_IN,"JBL Tune 215BT, 16 Hrs Playtime with Quick Charge, in Ear Bluetooth Wireless Earphones with Mic, 12.5mm Premium Earbuds with Pure Bass, BT 5.0, Dual Pairing, Type C & Voice Assistant Support (Green)",1999.0,2999.0,0.33,3.5,30786.0,"Electronics > Headphones, Earbuds & Accessories > Headphones > In-Ear",In-Ear
B0CBTXDVFX,https://www.amazon.in/dp/B0CBTXDVFX?th=1&psc=1&language=en_IN,"Boult Z60 Truly Wireless in Ear Earbuds with 60H Playtime, Zen™ ENC Mic, 50ms Low Latency, 13mm Bass Drivers, Type-C Fast Charging, Made in India, BT V5.3, Touch Control, IPX5 Ear Buds (Raven Black)",799.0,2999.0,0.73,3.8,10976.0,"Electronics > Headphones, Earbuds & Accessories > Headphones > In-Ear",In-Ear
B0D8YGTVGR,https://www.amazon.in/dp/B0D8YGTVGR?th=1&psc=1&language=en_IN,S-CAT Compatible of Realme Tv Remote Original Voice Function Suitable for Android FHD UHD OLED Real me Television – Pairing Must - Contact Customer Care in case of Difficulty in Pairing,649.0,1499.0,0.57,3.4,15.0,"Electronics > Home Theater, TV & Video > Accessories > Remote Controls",Remote Controls
B0BVFTXKRP,https://www.amazon.in/dp/B0BVFTXKRP?th=1&psc=1&language=en_IN,Sonos Ray | Compact Soundbar for TV and Music - Black,26999.0,25923.78947368421,0.5797368421052632,4.3,4.0,Electronics > Home Audio > Speakers > Soundbar Speakers,Soundbar Speakers
B0CW9KZJQB,https://www.amazon.in/dp/B0CW9KZJQB?th=1&psc=1&language=en_IN,"Hoss® Sound Bar Stand Wall Mount - Universal Dual Bracket for Most Soundbars, Holds up to 15 kg, Depth Adjustable 3.5”-6.1” - Speaker Stand Black",898.0,999.0,0.1,4.6,262.0,Electronics > Home Audio > Accessories > Speaker Accessories > Mounts,Mounts
B0DFWKK9Z6,https://www.amazon.in/dp/B0DFWKK9Z6?th=1&psc=1&language=en_IN,"realme Buds T110 Bluetooth Truly Wireless in Ear Earbuds with mic, AI ENC for Calls, Google Fast Pair, 38 Hours Total Playback with Fast Charging and Low Latency Gaming Mode (Jazz Blue)",1299.0,2999.0,0.57,4.0,26425.0,"Electronics > Headphones, Earbuds & Accessories > Headphones > In-Ear",In-Ear
B0DL9VSN29,https://www.amazon.in/dp/B0DL9VSN29?th=1&psc=1&language=en_IN,"ZIEVA Compatible With Atomberg ceiling Fan Remote Control wireless with Sleep mode, timer mode and Speed adjustment - Remote control Kit (Fan Not Included) (Pack of 1 Pc)",299.0,1000.0,0.7,4.6,80.0,"Electronics > Home Theater, TV & Video > Accessories > Remote Controls",Remote Controls
B0CKJC83YG,https://www.amazon.in/dp/B0CKJC83YG?th=1&psc=1&language=en_IN,"boAt Rockerz 110/Rockerz 109 Wireless Neckband with Up to 60 hrs Playtime, Dual Device Pairing, ENx Tech, Beast Mode, ASAP Charging, BTv5.3,IPX5,Type-C Interface & Magnetic Power Buds(Fern Green)",999.0,2490.0,0.6,3.5,666.0,"Electronics > Headphones, Earbuds & Accessories > Headphones > In-Ear",In-Ear
B0753H9768,https://www.amazon.in/dp/B0753H9768?th=1&psc=1&language=en_IN,RETSOL LS 450 Laser Barcode Scanner BIS Approved Handheld 1D USB Wired Barcode Reader Optical Laser High Speed for POS System Supermarket,1379.0,5500.0,0.75,4.2,1775.0,Office Products > Office Electronics > Barcode Scanners,Barcode Scanners
B0CVLCR6ZY,https://www.amazon.in/dp/B0CVLCR6ZY?th=1&psc=1&language=en_IN,"Boult Audio UFO Truly Wireless in Ear Earbuds with 48H Playtime, Built-in App Support, 45ms Low Latency Gaming, 4 Mics ENC, Breathing LEDs, 13mm Bass Drivers Ear Buds TWS, Made in India (White Opal)",1199.0,3499.0,0.66,3.9,5538.0,"Electronics > Headphones, Earbuds & Accessories > Headphones > In-Ear",In-Ear
B0CTCX6CHW,https://www.amazon.in/dp/B0CTCX6CHW?th=1&psc=1&language=en_IN,"Boult Audio K40 True Wireless in Ear Earbuds with 48H Playtime, Clear Calling 4 Mics, 45ms Low Latency Gaming, Premium Grip, 13mm Bass Drivers, Type-C Fast Charging, BTv 5.3 Ear Buds TWS (Ivory White)",1099.0,2999.0,0.63,3.9,7081.0,"Electronics > Headphones, Earbuds & Accessories > Headphones > In-Ear",In-Ear
B0D3DK779N,https://www.amazon.in/dp/B0D3DK779N?th=1&psc=1&language=en_IN,"boAt Airdopes 300, Cinematic Spatial Audio, 50HRS Battery, 4Mic AI ENx, Fast Charge, App Support, Low Latency, IPX4, v5.3 Bluetooth TWS in Ear Earbuds Wireless Earphones with mic (Chrome White)",1299.0,6490.0,0.8,4.0,4794.0,"Electronics > Headphones, Earbuds & Accessories > Headphones > In-Ear",In-Ear
B0BHTJRT7S,https://www.amazon.in/dp/B0BHTJRT7S?th=1&psc=1&language=en_IN,"JBL Wave Beam in-Ear Wireless Earbuds (TWS) with Mic,App for Customized Extra Bass Eq,32 Hours Battery&Quick Charge,Ip54 Water&Dust Resistance,Ambient Aware&Talk-Thru,Google Fastpair (Beige)",2499.0,4999.0,0.5,3.6,28402.0,"Electronics > Headphones, Earbuds & Accessories > Headphones > In-Ear",In-Ear
B098LJ8MCZ,https://www.amazon.in/dp/B098LJ8MCZ?th=1&psc=1&language=en_IN,LOHAYA Remote Compatible for Panasonic Smart LED LCD HD Tv Remote Control with Netflix Function,499.0,899.0,0.44,3.4,459.0,"Electronics > Home Theater, TV & Video > Accessories > Remote Controls",Remote Controls
B0CGMBRTPJ,https://www.amazon.in/dp/B0CGMBRTPJ?th=1&psc=1&language=en_IN,Oboe Silicone Tv Remote Cover Compatible with Samsung Smart Tv Remote 2023 Model TM-2360 E Remote Protective Key Cover Case with Lanyard (D-Black) [Remote NOT Included],664.0,1499.0,0.56,4.2,2054.0,"Electronics > Home Theater, TV & Video > Accessories > Remote Controls",Remote Controls
B0CBTTCJL6,https://www.amazon.in/dp/B0CBTTCJL6?th=1&psc=1&language=en_IN,"OnePlus Bullets Wireless Z2 ANC Bluetooth in Ear Earphones with Mic, 45dB Hybrid ANC, Bombastic Bass - 12.4 mm Drivers, 10 Mins Charge - 20 Hrs Music, 28 Hrs Battery (Booming Black)",2618.412331406551,5360.055396825397,0.5959722222222222,4.1,193748.0,"Electronics > Headphones, Earbuds & Accessories > Headphones > In-Ear",In-Ear
B0DQKXS7DZ,https://www.amazon.in/dp/B0DQKXS7DZ?th=1&psc=1&language=en_IN,"boAt Nirvana X TWS (2025), Knowles Dual Drivers,Hi-Res Audio LDAC,App Support,ENx,Dual Pair,Spatial Audio,Fast Charge, Bluetooth Earbuds, TWS Ear Buds Wireless Earphones with mic (Smoky Amethyst)",2499.0,8990.0,0.72,4.0,534.0,"Electronics > Headphones, Earbuds & Accessories > Headphones > In-Ear",In-Ear
B0CVGYY9DM,https://www.amazon.in/dp/B0CVGYY9DM?th=1&psc=1&language=en_IN,"ZEBRONICS Thunder PRO Over Ear Wireless Headphone with Dual Pairing, Gaming Mode, ENC, Bluetooth, Call Function, Aux, Micro SD, Voice Assistant, Deep Bass, Up to 60h Backup (Beige)",999.0,1899.0,0.47,3.3,180.0,"Electronics > Headphones, Earbuds & Accessories > Headphones > Over-Ear",Over-Ear
B0F32NMMC7,https://www.amazon.in/dp/B0F32NMMC7?th=1&psc=1&language=en_IN,BENCLEY Fridouble Double Tower Speakers/Bluetooth Speaker/Multimedia Speaker/Home Theater with FM Pen Drive Mobile Aux Support (60 cm Height),4989.0,8500.0,0.41,5.0,4.0,Electronics > Home Audio > Speakers > Tower Speakers,Tower Speakers
B0B6465WX6,https://www.amazon.in/dp/B0B6465WX6?th=1&psc=1&language=en_IN,"JBL Cinema SB241, Dolby Digital Soundbar with Wired Subwoofer for Extra Deep Bass, 2.1 Channel Home Theatre with Remote, HDMI ARC, Bluetooth & Optical Connectivity (110W)",6999.0,14999.0,0.53,3.8,3759.0,Electronics > Home Audio > Speakers > Soundbar Speakers,Soundbar Speakers
B0DFQ8KTFH,https://www.amazon.in/dp/B0DFQ8KTFH?th=1&psc=1&language=en_IN,Sounce Case Cover for Samsung Galaxy Buds 3 Case and Galaxy Buds 3 Pro Case with Security Lock & 4-in-1 Cleaning Pen Combo with Keychain Tough Rugged Shockproof Hard Shell Protection Design - Black,499.0,999.0,0.5,4.0,165.0,"Electronics > Headphones, Earbuds & Accessories > Cases",Cases
B0B4P3GZ51,https://www.amazon.in/dp/B0B4P3GZ51?th=1&psc=1&language=en_IN,"Samsung Soundbar (HW-B67E/XL) 5.1 Channel, Wireless Subwoofer, 1x Wireless Rear Speaker, 1x Center Speaker and Energy Star, Dolby 5.1ch & DTS Virtual X Experience Sound (Black)",27154.0,49900.0,0.46,4.1,471.0,Electronics > Home Audio > Speakers > Soundbar Speakers,Soundbar Speakers
B07FY6KXVW,https://www.amazon.in/dp/B07FY6KXVW?th=1&psc=1&language=en_IN,amazon basics 8-Sheet Strip Cut Paper With CD and Credit Card Shredder With 12 Liter Waste Basket Capacity,,,,4.1,2508.0,Office Products > Office Electronics > Shredders,Shredders
B0D5RDLVDB,https://www.amazon.in/dp/B0D5RDLVDB?th=1&psc=1&language=en_IN,"Gizitacore in-Ear Wireless Earbuds, Ultrapods max TWS Bluetooth Earphones with Charging Case and LED Digital Display, Microphone, Works with iPhone Android and Bluetooth Devices (Green)",338.0,599.0,0.44,2.6,72.0,"Electronics > Headphones, Earbuds & Accessories > Headphones > In-Ear",In-Ear
B08TTXNZ4Y,https://www.amazon.in/dp/B08TTXNZ4Y?th=1&psc=1&language=en_IN,"boAt Rockerz 255 Pro+, 60HRS Battery, Fast Charge, IPX7, Dual Pairing, Low Latency, Magnetic Earbuds, in Ear Bluetooth Neckband, Wireless with Mic Earphones (Navy Blue)",1099.0,3990.0,0.72,3.9,227970.0,"Electronics > Headphones, Earbuds & Accessories > Headphones > In-Ear",In-Ear
B0D9NG5Q6R,https://www.amazon.in/dp/B0D9NG5Q6R?th=1&psc=1&language=en_IN,OnePlus Nord Wired Headphones in Ear Earphones(3.5Mm),799.0,1299.0,0.38,3.9,356.0,"Electronics > Headphones, Earbuds & Accessories > Headphones > In-Ear",In-Ear
B07B275VN9,https://www.amazon.in/dp/B07B275VN9?th=1&psc=1&language=en_IN,"Airtel DigitalTV DTH Television, Setup Box Remote Compatible for SD and HD Recording (Black)",140.0,299.0,0.53,3.8,2632.0,"Electronics > Home Theater, TV & Video > Accessories > Remote Controls",Remote Controls
B08FCGH2RL,https://www.amazon.in/dp/B08FCGH2RL?th=1&psc=1&language=en_IN,"Skullcandy Crusher Evo Wireless Over_Ear Bluetooth Headphones with Microphone, for iPhone and Android, 40 Hour Battery Life, Extra Bass Tech - Bonus Line USB-C Cable -Black",13999.0,37999.0,0.63,4.3,13398.0,"Electronics > Headphones, Earbuds & Accessories > Headphones > Over-Ear",Over-Ear
B0BP841MJG,https://www.amazon.in/dp/B0BP841MJG?th=1&psc=1&language=en_IN,"LIRAMARK Phone Kickstand/Phone Stand/Mobile Holder, Vertical and Horizontal Stand, Adjustable Angle, Compatible with iPhone & Any Other Cellphone (Pack of 1)",99.0,299.0,0.67,2.9,1188.0,Electronics > Mobiles & Accessories > Mobile Accessories > Stands,Stands
B0DWK54FQM,https://www.amazon.in/dp/B0DWK54FQM?th=1&psc=1&language=en_IN,S-CAT Bluetooth Voice Command Remote Compatible for Oneplus Led Smart TV (Version - 2) - Pairing Must - Contact Customer Care in case of Difficulty in Pairing,495.39864864864865,1239.0067567567567,0.5502027027027028,4.5,2.0,"Electronics > Home Theater, TV & Video > Accessories > Remote Controls",Remote Controls
B08R9BGFJ1,https://www.amazon.in/dp/B08R9BGFJ1?th=1&psc=1&language=en_IN,"Jabra Elite 85t Bluetooth Truly Wireless in Ear Earbuds with Mic, Advanced Active Noise Cancellation with Long Battery Life and Powerful Speakers, Wireless Charging Case (Copper, Black)",12636.0,18999.0,0.33,3.2,185.0,"Electronics > Headphones, Earbuds & Accessories > Headphones > In-Ear",In-Ear
B08H9Z3XQW,https://www.amazon.in/dp/B08H9Z3XQW?th=1&psc=1&language=en_IN,boAt Bassheads 242 in Ear Wired Earphones with Mic(Blue),499.0,1490.0,0.67,4.1,177173.0,"Electronics > Headphones, Earbuds & Accessories > Headphones > In-Ear",In-Ear
B0D9WD1CNP,https://www.amazon.in/dp/B0D9WD1CNP?th=1&psc=1&language=en_IN,7SEVEN® Compatible with Acer TV Remote Control Fit for I Series H Series S Series and P Series Smart 4K LED FHD Television Without Voice Command - Match Keys Exactly with Existing Remote Controller,444.0,899.0,0.51,3.4,33.0,"Electronics > Home Theater, TV & Video > Accessories > Remote Controls",Remote Controls
B0DKFTN7RR,https://www.amazon.in/dp/B0DKFTN7RR?th=1&psc=1&language=en_IN,"Boult Newly Launched Klarity 1 in Ear TWS Earbuds with 80Hrs Playtime, Liquid Metal Body, Dual Device Pairing, 4 Mics ENC, 45ms Low Latency, 13mm Bass Drivers Ear Buds Bluetooth 5.4 (Grey)",2618.412331406551,5360.055396825397,0.5959722222222222,3.5,854.0,"Electronics > Headphones, Earbuds & Accessories > Headphones > In-Ear",In-Ear
B0CFYB2154,https://www.amazon.in/dp/B0CFYB2154?th=1&psc=1&language=en_IN,"Noise Aura Buds in-Ear Truly Wireless Earbuds with 60H of Playtime, Quad Mic with ENC, Dual Device Pairing, Instacharge(10 min=150 min),12mm Polymer Composite Driver,BT v5.3(Aura White)",999.0,4499.0,0.78,4.0,2875.0,"Electronics > Headphones, Earbuds & Accessories > Headphones > In-Ear",In-Ear
B0F5HXCKMN,https://www.amazon.in/dp/B0F5HXCKMN?th=1&psc=1&language=en_IN,"XOYO Portable Lithium Battery Inverter | DC 18V, 21V, 48V to AC 220-230V Converter | Rechargeable Dc-Av Converter Power Tools for Electrical Devices Charging Port (Including Battery)",2590.0,6499.666666666667,0.29333333333333333,3.8499999999999996,501.0,Home & Kitchen > Kitchen & Home Appliances > Inverters & Sets > Inverters,Inverters
B08NYSQHWD,https://www.amazon.in/dp/B08NYSQHWD?th=1&psc=1&language=en_IN,"DailyObjects Oblong Earphones & Cable Pouch for Cables/Chords/Wires | Wire Winder, Earphones Holder, Mini Clip Organiser | Made of Non-deformable Silicone | for Office and Travel Purposes - Gray",399.0,649.0,0.39,3.9,81.0,"Electronics > Headphones, Earbuds & Accessories > Cases",Cases
B0C6KQTRRR,https://www.amazon.in/dp/B0C6KQTRRR?th=1&psc=1&language=en_IN,"Anything Speaker - Portable Mini Bluetooth Speaker 2024 - Turn Anything Into A Speaker - Wireless Bone Conduction Induction Vibration Humbird + Gift Box - Travel Sized, 360° Sound (Black)",3500.0,7000.0,0.5,3.6,281.0,Electronics > Home Audio > Speakers > Bluetooth Speakers,Bluetooth Speakers
B0DJ74QD73,https://www.amazon.in/dp/B0DJ74QD73?th=1&psc=1&language=en_IN,"(Refurbished) OnePlus Nord Buds 3 Truly Wireless Bluetooth Earbuds with up to 32dB Active Noise Cancellation, 10mins for 11Hours Fast Charging with Up to 43h Music Playback -Harmonic Gray",2618.412331406551,5360.055396825397,0.5959722222222222,3.5,10.0,"Electronics > Headphones, Earbuds & Accessories > Headphones > In-Ear",In-Ear
B0D3DK779N,https://www.amazon.in/dp/B0D3DK779N?th=1&psc=1&language=en_IN,"boAt Airdopes 300, Cinematic Spatial Audio, 50HRS Battery, 4Mic AI ENx, Fast Charge, App Support, Low Latency, IPX4, v5.3 Bluetooth TWS in Ear Earbuds Wireless Earphones with mic (Chrome White)",1299.0,6490.0,0.8,4.0,4794.0,"Electronics > Headphones, Earbuds & Accessories > Headphones > In-Ear",In-Ear
B0CX93RKQX,https://www.amazon.in/dp/B0CX93RKQX?th=1&psc=1&language=en_IN,"JBL Clip 5, Wireless Ultra Portable Bluetooth Speaker, Pro Sound, 12hrs of Playtime, Integrated Carabiner, Vibrant Colors with Rugged Fabric Design, Dust & Waterproof, Type C (Without Mic, Blue)",4499.0,6499.0,0.31,4.4,3782.0,Electronics > Home Audio > Speakers > Bluetooth Speakers,Bluetooth Speakers
B0CFCHY7YM,https://www.amazon.in/dp/B0CFCHY7YM?th=1&psc=1&language=en_IN,"Skullcandy Dime 3 Wireless Earbuds with Preset EQ Modes (Music, Bass Boost, Podcast), Dual-Device Pairing, Stay-Aware Mode, 20Hr Playtime + Rapid Charge, Work with Android and iOS- Bone",2899.0,9999.0,0.71,3.2,5155.0,"Electronics > Headphones, Earbuds & Accessories > Headphones > In-Ear",In-Ear
B0CTZYLRFD,https://www.amazon.in/dp/B0CTZYLRFD?th=1&psc=1&language=en_IN,Yamaha SR-B40A Dolby Atmos Sound Bar with Wireless Subwoofer (Black),18077.130952380954,25923.78947368421,0.5797368421052632,3.9,4.0,Electronics > Home Audio > Speakers > Soundbar Speakers,Soundbar Speakers
B0F5BSSD49,https://www.amazon.in/dp/B0F5BSSD49?th=1&psc=1&language=en_IN,iPhone Earphones Wired [Apple MFi Certified] – Lightning Connector with Mic & Volume – iPhone 14/13/12/11/XR/7/8,455.0,1599.0,0.72,3.0,6.0,"Electronics > Headphones, Earbuds & Accessories > Headphones > In-Ear",In-Ear
B0B1F6GQPS,https://www.amazon.in/dp/B0B1F6GQPS?th=1&psc=1&language=en_IN,"Boult Audio FXCharge Bluetooth Earphones with 32H Playtime, Dual Pairing Neckband, Zen™ ENC Mic, Type-C Fast Charging (5Mins=7.5Hrs), Biggest 14.2mm Bass Driver IPX5 Premium Silicone Neck band (Black)",699.0,4499.0,0.84,3.7,29874.0,"Electronics > Headphones, Earbuds & Accessories > Headphones > In-Ear",In-Ear
B08JM4YJ5T,https://www.amazon.in/dp/B08JM4YJ5T?th=1&psc=1&language=en_IN,"Storite 10cm High Speed HDMI Male to Female Extension Cable HDMI Extender for Computer, TV, Projector, DVD Player- Black (1 Pack)",199.0,499.0,0.6,3.9,1480.0,"Electronics > Home Theater, TV & Video > Accessories > Cables > HDMI Cables",HDMI Cables
B0CBTTCJL6,https://www.amazon.in/dp/B0CBTTCJL6?th=1&psc=1&language=en_IN,"OnePlus Bullets Wireless Z2 ANC Bluetooth in Ear Earphones with Mic, 45dB Hybrid ANC, Bombastic Bass - 12.4 mm Drivers, 10 Mins Charge - 20 Hrs Music, 28 Hrs Battery (Booming Black)",2618.412331406551,5360.055396825397,0.5959722222222222,4.1,193748.0,"Electronics > Headphones, Earbuds & Accessories > Headphones > In-Ear",In-Ear
B07B275VN9,https://www.amazon.in/dp/B07B275VN9?th=1&psc=1&language=en_IN,"Airtel DigitalTV DTH Television, Setup Box Remote Compatible for SD and HD Recording (Black)",140.0,299.0,0.53,3.8,2632.0,"Electronics > Home Theater, TV & Video > Accessories > Remote Controls",Remote Controls
B0F24MLTFG,https://www.amazon.in/dp/B0F24MLTFG?th=1&psc=1&language=en_IN,"FABTEC 12 Inch 400w RMS Woofer with 1600w Peak Power & 4 Layer Copper Coil for Cars, Home Theatre, Bass Audio Systems & DIY Projects (1.5"" Voice Coil | 63x114 MM Magnet | 4 Ohm)(Color May Vary)",1899.0,3499.0,0.46,3.4,17.0,Electronics > Car & Vehicle Electronics > Car Electronics > Car Audio > Car Speakers > Component Subwoofers,Component Subwoofers
B0CX1NHPMG,https://www.amazon.in/dp/B0CX1NHPMG?th=1&psc=1&language=en_IN,"JBL Partybox 120 Wireless Bluetooth 160W Party Speaker, AI Sound Boost, Futuristic Light Show, Upto 12Hrs Playtime,Multispeaker Connection by Auracast, Guitar & Mic Input, Splashproof (Black)",32999.0,60000.0,0.45,4.6,1224.0,Electronics > Home Audio > Speakers > Bluetooth Speakers,Bluetooth Speakers
B0D31S25VN,https://www.amazon.in/dp/B0D31S25VN?th=1&psc=1&language=en_IN,Dish TV Remote Compatible for Dish TV SD/HD DTH with Recording Set Top Box (Pack of 1),495.39864864864865,1239.0067567567567,0.5502027027027028,4.2,22.0,"Electronics > Home Theater, TV & Video > Accessories > Remote Controls",Remote Controls
B0CHWD8NBP,https://www.amazon.in/dp/B0CHWD8NBP?th=1&psc=1&language=en_IN,"Dj Pickup Toy Car & Speaker with Endless Possibilities&Unique Design, Perfect for Kids' Fun with Bluetooth",,,,2.3,3.0,Toys & Games > Baby & Toddler Toys > Sound Toys,Sound Toys
B0D83M6FNG,https://www.amazon.in/dp/B0D83M6FNG?th=1&psc=1&language=en_IN,"Portronics Vayu 3.0 tyre Inflator with 150 PSI Pressure, 4000 mAh Battery, Digital Display, Pressure Detection, Air Pump Compressor for Cars, Bikes, Bicycles & Balls(Black)",1699.0,4999.0,0.66,4.0,862.0,Car & Motorbike > Car Accessories > Exterior Accessories > Tyre Inflators,Tyre Inflators
B0DQ967S31,https://www.amazon.in/dp/B0DQ967S31?th=1&psc=1&language=en_IN,"Cason Small FM Radio/Pocket Mini Radio with Earphones,USB Rechargeable Portable Transistor Radio,Digital Tuning,LCD Screen,Stereo Sound, Belt Clip for Gym,Walking(Black)",1299.0,2495.0,0.48,4.1,24.0,Electronics > Portable Media Players > Radios > AM/FM Radios,AM/FM Radios
B0BSXHYMLB,https://www.amazon.in/dp/B0BSXHYMLB?th=1&psc=1&language=en_IN,"Amazon Basics Hard Shell EVA Headphone Carrying Case for Universal Oversized Over-Ear Headset, Shockproof, Water Repellent, Anti-Pressure Portable Protective Pouch/Storage Bag, Black",649.0,1299.0,0.5,4.5,1300.0,"Electronics > Headphones, Earbuds & Accessories > Cases",Cases
B07VDYDT72,https://www.amazon.in/dp/B07VDYDT72?th=1&psc=1&language=en_IN,Infinity Alpha 650C 315W Wired Component Car Speaker Black,5037.0,6990.0,0.28,3.9,251.0,Electronics > Car & Vehicle Electronics > Car Electronics > Car Audio > Car Speakers > Component Speakers,Component Speakers
B0D3R1JQ7D,https://www.amazon.in/dp/B0D3R1JQ7D?th=1&psc=1&language=en_IN,"W20 Truly Wireless in Ear Earbuds with 40H Playtime, Zen™ ENC Mic, 45ms Low Latency, 13mm Bass Drivers, Type-C Fast Charging, Made in India, BTv 5.3, Touch Control, IPX5 Ear Buds TWS (Glacier Blue)",1099.0,2499.0,0.56,3.9,9220.0,"Electronics > Headphones, Earbuds & Accessories > Headphones > In-Ear",In-Ear
B0DQCSXHBS,https://www.amazon.in/dp/B0DQCSXHBS?th=1&psc=1&language=en_IN,"GOVO Newly Launched Goloud 900 l 200W Party Speaker with Wireless Mic, Up to 6 hrs Playtime, 2 - Mic Input, TWS Mode, Bluetooth v5.3, AUX Port, & USB Type-C Port (Premium Black)",6999.0,32990.0,0.79,3.3,42.0,Electronics > Home Audio > Speakers > Bluetooth Speakers,Bluetooth Speakers
B0DPWNQLLV,https://www.amazon.in/dp/B0DPWNQLLV?th=1&psc=1&language=en_IN,"boAt Airdopes 111v2, Premium Leather Finish, 4Mics ENx, 50HRS Battery, 13mm Drivers, Fast Charge, Dual Pair, v5.4 Bluetooth Earbuds, TWS Ear Buds Wireless Earphones with mic (Ivory White)",1099.0,4990.0,0.78,3.9,9508.0,"Electronics > Headphones, Earbuds & Accessories > Headphones > In-Ear",In-Ear
B0BB2Q4S3V,https://www.amazon.in/dp/B0BB2Q4S3V?th=1&psc=1&language=en_IN,"ESR for AirPods Pro 2 Case, Compatible with MagSafe, Magnetic Ready, TPU, Hybrid Drop Protection, Orbit Hybrid Case, AirPods Pro 1st/2nd Generation Cover(2023/2022/2019), Black",1299.0,1899.0,0.32,4.4,9260.0,"Electronics > Headphones, Earbuds & Accessories > Cases",Cases
B09LXVV8P7,https://www.amazon.in/dp/B09LXVV8P7?th=1&psc=1&language=en_IN,Laurensory External DVD Drive USB 3.0 Type-C Portable Player for Laptop CD/DVD +/-RW Disk Drive ROM Burner Writer Reader Compatible With Desktop Windows Linux OS Apple MacBook,824.0,1499.0,0.45,3.9,4181.0,Computers & Accessories > External Devices & Data Storage > External Optical Drives > CD & DVD Drives,CD & DVD Drives
B0DY1YHYBW,https://www.amazon.in/dp/B0DY1YHYBW?th=1&psc=1&language=en_IN,"Leaf Rush X342 in Ear Neckband with AI Sound App, 28H Playtime, Silicon Neckline, 3 EQ Modes (Bass, Music & Vocal), Fast Charging (10 Min=210 Min), 10Mm Driver, Bluetooth V5.3 (Midnight Blue)",699.0,1999.0,0.65,3.7,351.0,"Electronics > Headphones, Earbuds & Accessories > Headphones > In-Ear",In-Ear
B076Q6FNX7,https://www.amazon.in/dp/B076Q6FNX7?th=1&psc=1&language=en_IN,MX Heavy Duty TV Wall Mount Stand for 14-27 inches LED/LCD/Monitor Screen's Full Motion 180 Rotatable Universal TV & Monitor Wall Mount Bracket with Tilt & Swivel Adjustments (PACKOF1),649.0,1100.0,0.41,4.4,139.0,"Electronics > Home Theater, TV & Video > Accessories > TV Mounts, Stands & Turntables > TV Wall & Ceiling Mounts",TV Wall & Ceiling Mounts
B0DWZGQ21M,https://www.amazon.in/dp/B0DWZGQ21M?th=1&psc=1&language=en_IN,"DULCET DC-ASW10X 10-Inch Active Underseat Car Subwoofer with 800W Peak Power & Ultra-Slim Design with Cast Aluminum Housing, Low-Level Input & Remote Control",7890.0,18990.0,0.58,4.1,6.0,Electronics > Car & Vehicle Electronics > Car Electronics > Car Audio > Car Speakers > Component Subwoofers,Component Subwoofers
B0BGS28H74,https://www.amazon.in/dp/B0BGS28H74?th=1&psc=1&language=en_IN,"ZEBRONICS Jumbo LITE with 70 Hours Backup, Bluetooth v5.2 Wireless Neckband, Fast Charging, ENC Calling, Gaming Mode (Upto 50ms), Voice Assistant, Dual Pairing, Splash Proof, and Type C (Black)",599.0,2999.0,0.8,3.5,1280.0,"Electronics > Headphones, Earbuds & Accessories > Headphones > In-Ear",In-Ear
B0DM8HQ543,https://www.amazon.in/dp/B0DM8HQ543?th=1&psc=1&language=en_IN,"Oasplus Wansurs USB Bluetooth Adapter 5.1 EDR for PC, Wireless Dongle Receiver for Desktop, Laptop, Speaker, Mouse, Keyboard, Headphones - Windows Compatible",199.0,399.0,0.5,3.7,303.0,Computers & Accessories > Networking Devices > Network Adapters > Bluetooth Adapters,Bluetooth Adapters
B0DGTTPM1W,https://www.amazon.in/dp/B0DGTTPM1W?th=1&psc=1&language=en_IN,"boAt Nirvana Crystl (2025 Launch), Transparent Case,Spatial Audio, ANC(~32dB), 100Hrs Battery,4Mics ENx,App Support, Bluetooth Earbuds, TWS Ear Buds Wireless Earphones with mic (Blazing Red)",2399.0,10990.0,0.78,4.4,527.0,"Electronics > Headphones, Earbuds & Accessories > Headphones > In-Ear",In-Ear
B09SKJ82J1,https://www.amazon.in/dp/B09SKJ82J1?th=1&psc=1&language=en_IN,"Motorola Moto Buds 085 - True Wireless Bluetooth Earbuds with Microphone and USB-C Charging Case - IPX5 Water Resistant, Smart Touch-Control, Lightweight Comfort-Fit, Clear Sound & Deep Bass - White",2618.412331406551,5360.055396825397,0.5959722222222222,4.2,247.0,"Electronics > Headphones, Earbuds & Accessories > Headphones > In-Ear",In-Ear
B075Z25PQK,https://www.amazon.in/dp/B075Z25PQK?th=1&psc=1&language=en_IN,Sony MDR-EX14AP Wired in Ear Headphone with Mic (Black),599.0,1299.0,0.54,3.7,1661.0,"Electronics > Headphones, Earbuds & Accessories > Headphones > In-Ear",In-Ear
B0F5QYCQ94,https://www.amazon.in/dp/B0F5QYCQ94?th=1&psc=1&language=en_IN,"5.1 Digital Home Cinema Receiver, PROCERE, DTS, USB/AUX Inputs, Black",46858.0,92100.0,0.492,5.0,239.6,"Electronics > Home Theater, TV & Video > AV Receivers & Amplifiers",AV Receivers & Amplifiers
B0CH33F5P2,https://www.amazon.in/dp/B0CH33F5P2?th=1&psc=1&language=en_IN,"UGREEN Wireless Powerbank 10000mAh Magnetic Power Bank with USB-C Fast Charging Function, MagSafe Wireless External Battery Compatible with iPhone 15 Pro Max/Pro/15/14 Pro Max/Pro (Black)",3999.0,5099.0,0.22,4.4,5654.0,Electronics > Mobiles & Accessories > Mobile Accessories > Chargers > Power Banks,Power Banks
B0DNZJ9KKK,https://www.amazon.in/dp/B0DNZJ9KKK?th=1&psc=1&language=en_IN,global impex Electricity Saving Device I Power Saver Electricity Saving Device Maximize Energy Efficient Digital & Powerful Electricity Saving Device Buy Only 3D Hologram Original Tested Product,568.0,1990.0,0.71,3.5,44.0,Electronics > Power Accessories,Power Accessories
B0DFMHM9CM,https://www.amazon.in/dp/B0DFMHM9CM?th=1&psc=1&language=en_IN,"Boult K10 Truly Wireless Bluetooth in Ear Earbuds with 50H Playtime, 4 Mic Clear Calling, 45ms Low Latency, 10mm Drivers, Touch Controls, Type-C Fast Charging, IPX5, TWS Ear Buds Wireless (Ice Blue)",999.0,2499.0,0.6,4.0,4461.0,"Electronics > Headphones, Earbuds & Accessories > Headphones > In-Ear",In-Ear
B0F5X2QB1V,https://www.amazon.in/dp/B0F5X2QB1V?th=1&psc=1&language=en_IN,MIRACLES IN HAND AC Remote Compatible with GODREJ Split Inverter AC Remote (5 in Convert and I-Sense Function),599.0,1499.0,0.6,3.8813253012048192,2095.7256097560976,"Electronics > Home Theater, TV & Video > Accessories > Remote Controls",Remote Controls
B0719C132V,https://www.amazon.in/dp/B0719C132V?th=1&psc=1&language=en_IN,Edifier R1280DB Powered Bluetooth Bookshelf Speakers - Optical Input - Wireless Studio Monitors - 4 Inch Near Field Speaker - 42w RMS - Wood Grain,12340.0,16666.0,0.26,4.4,1205.0,Electronics > Home Audio > Speakers > Bookshelf Speakers,Bookshelf Speakers
B0D3D6BVR5,https://www.amazon.in/dp/B0D3D6BVR5?th=1&psc=1&language=en_IN,"Cassette Player - Compact Tape Player Portable Recorder with Earphone-Convert Audio Music Cassette to MP3 Digital, Compatible with Laptop/PC/MAC- for Entertainment, Travel, Light Sports(Silver)",2199.0,2999.0,0.27,3.8,57.0,Electronics > Portable Media Players > Cassette Players,Cassette Players
B0BGJXLHPP,https://www.amazon.in/dp/B0BGJXLHPP?th=1&psc=1&language=en_IN,"Cablet M.2 NVMe/NGFF SSD Enclosure USB 3.1 Gen2 10Gbps for 2242/2260/2280 M-Key/M+B Key PCIe SSD, Supports Dual Protocol NVMe and NGFF SSD, UASP Max 2TB, Aluminium Case",1199.0,2650.0,0.55,4.5,452.0,Computers & Accessories > Accessories & Peripherals > Hard Drive Accessories > Enclosures,Enclosures
B0D6W6T95D,https://www.amazon.in/dp/B0D6W6T95D?th=1&psc=1&language=en_IN,"boAt Stone 352 Pro/Stone 358 Pro Bluetooth Speaker w/ 14W Signature Sound, Up to 12hrs Playback, RGB LEDs, TWS Feature, Built-in Mic, BTv5.3, AUX Port, IPX5 & Type-C Interface (Vibing Blue)",1699.0,4990.0,0.66,4.0,12621.0,Electronics > Home Audio > Speakers > Bluetooth Speakers,Bluetooth Speakers
B0BBWJ2ZQY,https://www.amazon.in/dp/B0BBWJ2ZQY?th=1&psc=1&language=en_IN,7SEVEN® Compatible with Hisense Tv Remote Control for Smart Android 4K LED UHD Tv and Replacement for Original Erf3r69h Model Remotes Control - Non Voice Command No Google Assistance,444.0,899.0,0.51,3.9,103.0,"Electronics > Home Theater, TV & Video > Accessories > Remote Controls",Remote Controls
B0BYDV8K4X,https://www.amazon.in/dp/B0BYDV8K4X?th=1&psc=1&language=en_IN,"JBL Stage3 627FHI - 450W Max 6""(16cm), 2 Way Coaxial Speakers, Plus One™ woofer Cone, Edge Driven Dome Tweeters, Vented Basket Frame Design, Delivers High Output and deep bass Peformance.",5209.0,6400.0,0.19,3.9,4373.0,Electronics > Car & Vehicle Electronics > Car Electronics > Car Audio > Car Speakers > Speaker Sets,Speaker Sets
B0BSR2P7PS,https://www.amazon.in/dp/B0BSR2P7PS?th=1&psc=1&language=en_IN,"JBL Go 3 Eco with eco-Friendly Recycled Materials and Packaging, Wireless Portable Bluetooth Speaker, Pro Sound, Vibrant Colors with Rugged Fabric Design, Waterproof, Type C (Without Mic, Blue)",2499.0,4499.0,0.44,4.7,1009.0,Electronics > Home Audio > Speakers > Bluetooth Speakers,Bluetooth Speakers
B0D4YY24P2,https://www.amazon.in/dp/B0D4YY24P2?th=1&psc=1&language=en_IN,"LG SQ75TR, 600W, 5.1.1Ch Home Theater Soundbar with Dolby Atmos, Center Up-Firing Speaker, AI Sound Pro, Wow Synergy, Wireless Subwoofer, Rear Speaker Inbuilt Receiver, QNED Matching Bracket Inside",36990.0,49990.0,0.26,4.8,21.0,Electronics > Home Audio > Speakers > Soundbar Speakers,Soundbar Speakers
B084BR3QX8,https://www.amazon.in/dp/B084BR3QX8?th=1&psc=1&language=en_IN,LAPSTER Accessories Power Cable Cord 2 Pin Laptop Adapter and Tape Recorder 1.5M,139.0,999.0,0.86,3.5,3643.0,Computers & Accessories > Accessories & Peripherals > Laptop Accessories > Laptop Chargers & Power Supplies,Laptop Chargers & Power Supplies
B0B51SR4K9,https://www.amazon.in/dp/B0B51SR4K9?th=1&psc=1&language=en_IN,"Samsung Original IC050 Type-C Earphone, Black",869.0,999.0,0.13,3.8,1422.0,"Electronics > Headphones, Earbuds & Accessories > Headphones > In-Ear",In-Ear
B09B8XJDW5,https://www.amazon.in/dp/B09B8XJDW5?th=1&psc=1&language=en_IN,"Amazon Echo Dot (5th Gen) | Smart speaker with Bigger sound, Motion Detection, Temperature Sensor, Alexa and Bluetooth| Blue",5499.0,15646.588823529411,0.17823529411764708,4.1,9386.0,,nan
B0DGTSTQWL,https://www.amazon.in/dp/B0DGTSTQWL?th=1&psc=1&language=en_IN,"boAt Rockerz 430 w/ 40mm Drivers, Beast Mode w/ 40ms Latency, 40hrs Playback, ENx Tech, Voice Assistant, BTv5.4, Adaptive Fit & Easy Access Controls, Bluetooth Over Ear Headphones(Black Sabre)",999.0,2490.0,0.6,3.2,1107.0,"Electronics > Headphones, Earbuds & Accessories > Headphones > Over-Ear",Over-Ear
B0891R5R58,https://www.amazon.in/dp/B0891R5R58?th=1&psc=1&language=en_IN,Godox LED RGB Light Stick LC500R,15535.0,17900.0,0.13,4.1,51.0,Electronics > Cameras & Photography > Accessories > Photo Studio & Lighting > Lighting > Continuous Output Lighting,Continuous Output Lighting
B092MS1SCW,https://www.amazon.in/dp/B092MS1SCW?th=1&psc=1&language=en_IN,"Concept Kart KZ ZSN Pro X Monitor In Ear Earphones Armature Earbuds Wired Headphones Dual Driver 1DD 1BA Deep Bass Stereo Sound Ergonomic IEM Earphones & Leatherette Case (ZSN Pro X with Mic, Golden)",2137.0,3999.0,0.47,4.1,935.0,"Electronics > Headphones, Earbuds & Accessories > Headphones > In-Ear",In-Ear
B07966M8XH,https://www.amazon.in/dp/B07966M8XH?th=1&psc=1&language=en_IN,"Model-S4 6 Way Swivel Tilt Wall Mount 32-60-inch Full Motion Cantilever for LED,LCD and Plasma TV's",1699.0,2000.0,0.15,4.2,4458.0,"Electronics > Home Theater, TV & Video > Accessories > TV Mounts, Stands & Turntables > TV Wall & Ceiling Mounts",TV Wall & Ceiling Mounts
B0D7MR3HVP,https://www.amazon.in/dp/B0D7MR3HVP?th=1&psc=1&language=en_IN,"boAt Airdopes Progear Open-Ear Ear Buds for Outdoor Sports W/Air Conduction Tech,in Ear,4 Mics W/Ai-Enx, 100Hrs Playback,15Mm Drivers, Secure Fit,Beast Mode W/ 40Ms Latency, ASAP Charge(Active Black)",6578.666666666667,12011.0,0.49666666666666676,3.4,1488.0,"Electronics > Headphones, Earbuds & Accessories > Headphones > Open-Ear Headphones",Open-Ear Headphones
B08K42N5HT,https://www.amazon.in/dp/B08K42N5HT?th=1&psc=1&language=en_IN,JBL Stage2 604C 540 watt Pair 2 Way Components 6.5 Inch Crossover & tweeters,4999.0,6650.0,0.25,4.4,237.0,Electronics > Car & Vehicle Electronics > Car Electronics > Car Audio > Car Speakers > Coaxial Speakers,Coaxial Speakers
B0DGV13C31,https://www.amazon.in/dp/B0DGV13C31?th=1&psc=1&language=en_IN,"Fastrack Fpods FE100|BT5.4 TWS in Ear Earbuds, 40Hrs Playtime, 13mm Extra Deep Bass Drivers, Dual Mic ENC for Crystal Clear Calls, Low Latency Gaming Mode Upto 60ms - 120 Mins in 10 Mins",639.0,2995.0,0.79,3.6,3492.0,"Electronics > Headphones, Earbuds & Accessories > Headphones > In-Ear",In-Ear
B0CPP4RYGV,https://www.amazon.in/dp/B0CPP4RYGV?th=1&psc=1&language=en_IN,"Skullcandy Smokin Buds in-Ear Wireless Earbuds,ENC,Music, Movie &Podcast EQ Modes,20Hr+Rapid Charge,Capacitive Touch Controls,Use Either Bud Solo,Premium Audio Quality,Work with Android and iOS-Bone",2849.0,8199.0,0.65,3.6,12921.0,"Electronics > Headphones, Earbuds & Accessories > Headphones > In-Ear",In-Ear
B0F5989CQM,https://www.amazon.in/dp/B0F5989CQM?th=1&psc=1&language=en_IN,"6 in 1 SD & TF Card Reader with Type-C, USB & Micro USB Ports, Portable Memory Card Reader Compatible with TF, SD, SDHC, SDXC, MMC, RS-MMC, Micro SDXC for Computer & Android Phone",509.0,1599.0,0.68,5.0,2.0,Computers & Accessories > External Devices & Data Storage > External Memory Card Readers,External Memory Card Readers
B0F6NMPW8Z,https://www.amazon.in/dp/B0F6NMPW8Z?th=1&psc=1&language=en_IN,"Nu Republic Cyberstud X2 with 70 Hour Playtime, X-Bass® Technology, 13mm Neodymium Drivers, ENC Mics, Type-C Fast Charging, 40ms Low Latency, Dual Mode (Game/Music) TWS Earbuds (Orange/Grey)",2999.0,5999.0,0.5,4.1,99.0,"Electronics > Headphones, Earbuds & Accessories > Headphones > In-Ear",In-Ear
B0CQSZZ52G,https://www.amazon.in/dp/B0CQSZZ52G?th=1&psc=1&language=en_IN,"JBL BASSPRO Tube 12"" Powered BassTube Subwoofer System with Class D Amplifier Built-in Peak Power 1500W",18999.0,22990.0,0.17,4.7,4.0,Electronics > Car & Vehicle Electronics > Car Electronics > Car Audio > Car Speakers > Component Subwoofers,Component Subwoofers
B0CDZR83T8,https://www.amazon.in/dp/B0CDZR83T8?th=1&psc=1&language=en_IN,"soundcore H30i Wireless On-Ear Headphones, Foldable Design, Pure Bass, 70H Playtime, Bluetooth 5.3, Lightweight and Comfortable, App Connectivity, Multipoint Connection",1899.0,4499.0,0.58,4.1,6221.0,"Electronics > Headphones, Earbuds & Accessories > Headphones > On-Ear",On-Ear
B0CKJC83YG,https://www.amazon.in/dp/B0CKJC83YG?th=1&psc=1&language=en_IN,"boAt Rockerz 110/Rockerz 109 Wireless Neckband with Up to 60 hrs Playtime, Dual Device Pairing, ENx Tech, Beast Mode, ASAP Charging, BTv5.3,IPX5,Type-C Interface & Magnetic Power Buds(Fern Green)",999.0,2490.0,0.6,3.5,667.0,"Electronics > Headphones, Earbuds & Accessories > Headphones > In-Ear",In-Ear
B0B1SQ3VTQ,https://www.amazon.in/dp/B0B1SQ3VTQ?th=1&psc=1&language=en_IN,"JBL Live Pro 2 Premium in Ear Wireless TWS Earbuds, ANC Earbuds, 40Hr Playtime, Dual Connect, Customized Bass with Headphones App, 6 Mics for Clear Calls, Wireless Charging, Alexa Built-in (Blue)",6999.0,16999.0,0.59,4.0,4957.0,"Electronics > Headphones, Earbuds & Accessories > Headphones > In-Ear",In-Ear
B0BZHRB9J1,https://www.amazon.in/dp/B0BZHRB9J1?th=1&psc=1&language=en_IN,"boAt Rockerz 551ANC Hybrid Active Noise Cancellation Over Ear Headphones with Up to 100H Playtime, ASAP Charge, Ambient Sound Mode &Dual EQ Modes, ENx Technology(Stellar Black)",8920.576086956522,12721.32558139535,0.493139534883721,4.0,67397.0,"Electronics > Headphones, Earbuds & Accessories > Headphones > Over-Ear",Over-Ear
B09G997RN8,https://www.amazon.in/dp/B09G997RN8?th=1&psc=1&language=en_IN,TECHNOVIEW HD Plus Hidden Camera Eyeglasses HD Portable Spy Camera Support Up to 32G TF Card Fashion Action Video Recorder,5760.0,8999.0,0.36,2.4,10.0,Electronics > Cameras & Photography > Security Cameras > Spy Cameras,Spy Cameras
B0CG3CP11Y,https://www.amazon.in/dp/B0CG3CP11Y?th=1&psc=1&language=en_IN,7SEVEN® Compatible with Thomson Tv Remote Original Suitable for Smart Android 4K LED FHD QLED Television - Pairing Must Bluetooth Remote with Voice Command,1199.0,1999.0,0.4,4.4,18.0,"Electronics > Home Theater, TV & Video > Accessories > Remote Controls",Remote Controls
B083VHKB35,https://www.amazon.in/dp/B083VHKB35?th=1&psc=1&language=en_IN,"Honeywell Display Port to HDMI Adapter, 4K 3D Resolution with Surround Sound Audio Support, Male-Female Adapter, Compatible with LED Displays, Laptop, Gaming Console, Projector- Black",699.0,1999.0,0.65,4.0,282.0,Computers & Accessories > Accessories & Peripherals > Adapters,Adapters
B0D3XY6QC1,https://www.amazon.in/dp/B0D3XY6QC1?th=1&psc=1&language=en_IN,Haier Ac Remote Original 1.5 ton Compatible (Come with 2 AAA Batteries),499.0,599.0,0.17,3.8,503.0,"Electronics > Home Theater, TV & Video > Accessories > Remote Controls",Remote Controls
B09YHJ9WCC,https://www.amazon.in/dp/B09YHJ9WCC?th=1&psc=1&language=en_IN,5 Year Warranty AC Remote Compatible for Lloyd Voltas Onida Godrej Videocon Gree Electrolux Ac Remote 1.5 Ton,495.39864864864865,1239.0067567567567,0.5502027027027028,4.0,468.0,"Electronics > Home Theater, TV & Video > Accessories > Remote Controls",Remote Controls
B0F484797N,https://www.amazon.in/dp/B0F484797N?th=1&psc=1&language=en_IN,Original Remote Control Compatible with Thomson Voice Remote Control Suitable for Thomson/Kodak Smart LED TV with Voice Function by Elekpia,699.0,1999.0,0.65,3.5,4.0,"Electronics > Home Theater, TV & Video > Accessories > Remote Controls",Remote Controls
B08NTCMKKM,https://www.amazon.in/dp/B08NTCMKKM?th=1&psc=1&language=en_IN,"Ceptics USA to India Converter Plug, World (USA, China) Australia UK to India Plug Converter - Type D Plug Adapter - Canada to India Converter Plug - CE - RoHS - White - 1 Pack",289.0,749.0,0.61,4.1,8461.0,Electronics > Power Accessories > International Power Adapters,International Power Adapters
B0F4N493XH,https://www.amazon.in/dp/B0F4N493XH?th=1&psc=1&language=en_IN,"ZEBRONICS Silencio 111, Wireless Headphone, Hybrid ANC (50dB), 55*Hrs Backup, Transparency Mode, 40mm Titanium Drivers, 3 EQ Modes, ENC, Gaming Mode, Dual Pairing, Rapid Charge, Bluetooth v5.4 (Blue)",2999.0,8999.0,0.67,3.8,14.0,"Electronics > Headphones, Earbuds & Accessories > Headphones > Over-Ear",Over-Ear
B0DMW7NQTF,https://www.amazon.in/dp/B0DMW7NQTF?th=1&psc=1&language=en_IN,"WeCool S8 AI-Powered Selfie Stick for Mobile, Auto Face Tracking Tripod with 360° Auto Rotating Selfie Stick, 68-inch/173 cm Long Aluminum Extension for Mobile & Camera with Quad-Leg Stability.",3099.0,6999.0,0.56,4.1,54.0,Electronics > Mobiles & Accessories > Mobile Accessories > Photo & Video Accessories > Tripods,Tripods
B07JQKQ91F,https://www.amazon.in/dp/B07JQKQ91F?th=1&psc=1&language=en_IN,"JBL C50HI, Wired in Ear Headphones with Mic, One Button Multi-Function Remote, Lightweight & Comfortable fit (Black)",499.0,699.0,0.29,3.9,65919.0,"Electronics > Headphones, Earbuds & Accessories > Headphones > In-Ear",In-Ear
B0CQRB2TRM,https://www.amazon.in/dp/B0CQRB2TRM?th=1&psc=1&language=en_IN,"Hiniso Bluetooth Vinyl Player with USB Recording | Portable 3-Speed Turntable with Built-in Speakers | Convert Vinyl to MP3 | AUX, RCA, Headphone Jack | Vintage Suitcase Design",5839.0,10990.0,0.47,4.7,79.0,Electronics > Home Audio > Receivers & Separates > Record Players,Record Players
B0DGV4Y1DG,https://www.amazon.in/dp/B0DGV4Y1DG?th=1&psc=1&language=en_IN,"Noise Newly Launched Air Buds 6 in-Ear Bluetooth TWS - AI Enabled Smartbuds, ANC (up to 32db), Personalised App, in-Ear Detection, Voice Control, Google Fast Pair, BT v5.3(Charcoal Black)",2499.0,3499.0,0.29,4.0,2875.0,"Electronics > Headphones, Earbuds & Accessories > Headphones > In-Ear",In-Ear
B0DN35M7S9,https://www.amazon.in/dp/B0DN35M7S9?th=1&psc=1&language=en_IN,"JBL Charge 6 - Portable Waterproof & Drop-Proof Bluetooth Speaker, Bold Pro Sound with AI Sound Boost, 28Hrs of Playtime, Built-in powerbank & Comes with a Sturdy/Removable Carrying Strap (Blue)",11266.564285714287,16798.04651162791,0.4441860465116279,4.6,240.0,Electronics > Home Audio > Speakers > Bluetooth Speakers,Bluetooth Speakers
B0DHSFHZZ1,https://www.amazon.in/dp/B0DHSFHZZ1?th=1&psc=1&language=en_IN,"KZ EDC PRO IEM Wired Earphone, HiFi Dynamic Driver (DD) IEM, High-Functioning Silver-Plated OFC Cable, 0.75mm Detachable Cable, 3.5mm Plug for Audiophiles & Musicians. (Black)",883.0,1399.0,0.37,4.0,231.0,"Electronics > Headphones, Earbuds & Accessories > Headphones > In-Ear",In-Ear
B0DH7XTK7R,https://www.amazon.in/dp/B0DH7XTK7R?th=1&psc=1&language=en_IN,"Amazon Basics OTG Card Reader and Hub with Type-C, USB & Micro USB Ports | Portable Memory Card Reader Supports USB Drives, TF, SD, Micro SD, SDHC, SDXC, MMC (Grey)",469.0,1299.0,0.64,4.0,164.0,Computers & Accessories > External Devices & Data Storage > External Memory Card Readers,External Memory Card Readers
B0D3JFVGFV,https://www.amazon.in/dp/B0D3JFVGFV?th=1&psc=1&language=en_IN,Beats Solo Buds — Wireless Bluetooth Earbuds | 18 Hours of Battery Life | Apple & Android Compatibility | Built-in Microphone - Matt Black,6199.0,6900.0,0.1,4.1,914.0,,nan
B0D49XY9Y8,https://www.amazon.in/dp/B0D49XY9Y8?th=1&psc=1&language=en_IN,"boAt Airdopes 121 Pro Plus, 100HRS Battery, 4Mics ENx, 50ms Low Latency, Fast Charge, LED Display, IPX5, v5.3 Bluetooth in Ear Earbuds, TWS Ear Buds Wireless Earphones with mic (Blue)",1046.0,4990.0,0.79,3.7,23228.0,"Electronics > Headphones, Earbuds & Accessories > Headphones > In-Ear",In-Ear
B0CL4944LF,https://www.amazon.in/dp/B0CL4944LF?th=1&psc=1&language=en_IN,Pioneer TS-A1608C Component Speaker 350W,6999.0,10990.0,0.36,,,Electronics > Car & Vehicle Electronics > Marine Electronics > Marine Audio > Marine Speakers,Marine Speakers
B0CVCG2VPK,https://www.amazon.in/dp/B0CVCG2VPK?th=1&psc=1&language=en_IN,"ASUS Dual NVIDIA GeForce RTX 3050 6GB OC Edition Gaming Graphics Card - PCIe 4.0, 6GB GDDR6 Memory, HDMI 2.1, DisplayPort 1.4a, 2-Slot Design, Axial-tech Fan Design, 0dB Technology, Steel Bracket",17490.0,35000.0,0.5,4.6,1129.0,Computers & Accessories > Components > Graphics Cards,Graphics Cards
B0DX2FZ6YN,https://www.amazon.in/dp/B0DX2FZ6YN?th=1&psc=1&language=en_IN,"POWERLINK 10"" Subwoofer Imported Orange SPL Foam 400W Power / 4-Ohm / 1.5-Inch Copper Coil / 120mm Single Magnet Ideal for Upgrading Car Bass Tubes, Home Subwoofer Systems, and DIY Audio Projects",1349.0,2599.0,0.48,4.1,17.0,Electronics > Car & Vehicle Electronics > Car Electronics > Car Audio > Car Speakers > Component Subwoofers,Component Subwoofers
B0CP3KFTSB,https://www.amazon.in/dp/B0CP3KFTSB?th=1&psc=1&language=en_IN,boAt Immortal 131 in Ear Earbuds(Black Sabre),2618.412331406551,5360.055396825397,0.5959722222222222,4.5,123.0,"Electronics > Headphones, Earbuds & Accessories > Headphones > In-Ear",In-Ear
B082SY45TV,https://www.amazon.in/dp/B082SY45TV?th=1&psc=1&language=en_IN,Saregama Carvaan Mini 2.0 Tamil - Music Player with Bluetooth/FM/AM/AUX (Moonlight Black),2490.0,2990.0,0.17,3.8,1014.0,Electronics > Portable Media Players > Radios,Radios
B0CXL5KTBD,https://www.amazon.in/dp/B0CXL5KTBD?th=1&psc=1&language=en_IN,"SONY ULT Field 1 with Massive Bass,12hrs Playtime,Hands Free Calling (with MIC),IP67(Waterproof,Dustproof,Rustproof),Sound Connect App,Wireless Bluetooth Speaker-Gray",9989.0,16990.0,0.41,4.4,1280.0,Electronics > Home Audio > Speakers > Bluetooth Speakers,Bluetooth Speakers
B0F4WMNJF7,https://www.amazon.in/dp/B0F4WMNJF7?th=1&psc=1&language=en_IN,"Ubon SP-65G Hi Bass Portable Bluetooth v5.3 Speaker 20W Wireless Audio Box with Control Buttons, ERA Black and Gold",1399.0,16798.04651162791,0.4441860465116279,4.098,7215.486301369863,Electronics > Home Audio > Speakers > Bluetooth Speakers,Bluetooth Speakers
B0D6WB7BV6,https://www.amazon.in/dp/B0D6WB7BV6?th=1&psc=1&language=en_IN,"Bose New SoundLink Flex Portable Bluetooth Speaker (2nd Gen), Portable Outdoor Speaker with Hi-Fi Audio, Up to 12 Hours Battery Life, Waterproof and Dustproof, Blue Dusk",14999.0,16900.0,0.11,4.6,3381.0,Electronics > Home Audio > Speakers > Bluetooth Speakers,Bluetooth Speakers
B0BTYZ7T9S,https://www.amazon.in/dp/B0BTYZ7T9S?th=1&psc=1&language=en_IN,Airtel Xstream Box | Android TV Box |1 Month Ultimate Gujarati Plus Hindi HD Pack | Free Installation,3374.0,5999.0,0.44,4.3,10.0,Electronics > Home Audio > Media Streaming Devices > Streaming Clients,Streaming Clients
B0D49XY9Y8,https://www.amazon.in/dp/B0D49XY9Y8?th=1&psc=1&language=en_IN,"boAt Airdopes 121 Pro Plus, 100HRS Battery, 4Mics ENx, 50ms Low Latency, Fast Charge, LED Display, IPX5, v5.3 Bluetooth in Ear Earbuds, TWS Ear Buds Wireless Earphones with mic (Blue)",1046.0,4990.0,0.79,3.7,23228.0,"Electronics > Headphones, Earbuds & Accessories > Headphones > In-Ear",In-Ear
B0BD8WVQ22,https://www.amazon.in/dp/B0BD8WVQ22?th=1&psc=1&language=en_IN,"SpinBot BattleBudz W20 Gaming Wired Earphones with Dual Mic | Detachable Boom Mic, 10mm Gaming-Tuned Drivers, Shark Fin Eartips for Mobile, PC/Laptop, Xbox One, PS4, PS5 (Green)",699.0,999.0,0.3,3.2,349.0,Computers & Accessories > Accessories & Peripherals > PC Gaming Peripherals > Headsets,Headsets
B0D6VRD4SB,https://www.amazon.in/dp/B0D6VRD4SB?th=1&psc=1&language=en_IN,"COROS PACE 3 Sport Watch GPS, Lightweight and Comfort, 15 Days Battery Life, Dual-Frequency GPS, Heart Rate, Navigation, Sleep Track, Training Plan, Run, Bike, and Ski (Ink Nylon)",26990.0,,,4.4,1817.0,"Sports, Fitness & Outdoors > Sports Gadgets > GPS Units > Running GPS Units",Running GPS Units
B0DF7WBTMQ,https://www.amazon.in/dp/B0DF7WBTMQ?th=1&psc=1&language=en_IN,CrossBeats Fury Max Gaming TWS in-Ear Buds |100hr Playtime Bluetooth Earphones | RGB Lights | BT v5.4 | 30ms Low Latency | 360° Spatial Audio | 3D Sound Stage | 6 mics AI ENC | Dual EQ Modes(Black),2295.0,5999.0,0.62,4.2,1312.0,"Electronics > Headphones, Earbuds & Accessories > Headphones > In-Ear",In-Ear
B0BT1T8LVS,https://www.amazon.in/dp/B0BT1T8LVS?th=1&psc=1&language=en_IN,"MZ M406SP (Portable Bluetooth Speaker) Dynamic Thunder Sound, 1200mAh Battery 5 W Bluetooth Speaker (Black, Stereo Channel)",349.0,999.0,0.65,3.7,56.0,Electronics > Home Audio > Speakers > Bluetooth Speakers,Bluetooth Speakers
B07SG3ZT9L,https://www.amazon.in/dp/B07SG3ZT9L?th=1&psc=1&language=en_IN,Anycast Wireless WiFi 1080P HDMI Display TV Dongle Receiver Black,1300.0,2499.0,0.48,3.6,7659.0,Computers & Accessories > Networking Devices > Data Cards & Dongles,Data Cards & Dongles
B0CQ8LCSVT,https://www.amazon.in/dp/B0CQ8LCSVT?th=1&psc=1&language=en_IN,Blaupunkt 126 cm (50 inches) Quantum Dot Series 4K Ultra HD QLED Google TV 50QD7010 (Black),38890.0,59900.0,0.35,4.1,2375.0,"Electronics > Home Theater, TV & Video > Televisions > Smart Televisions",Smart Televisions
B0DFHH1N33,https://www.amazon.in/dp/B0DFHH1N33?th=1&psc=1&language=en_IN,"Marshall Emberton III Compact Portable Bluetooth Speaker with 32+ Hours of Playtime, (360° Sound), Dust & Waterproof (IP67) – Black & Brass.",17999.0,16798.04651162791,0.4441860465116279,4.4,3921.0,Electronics > Home Audio > Speakers > Bluetooth Speakers,Bluetooth Speakers
B0DPQY1V1B,https://www.amazon.in/dp/B0DPQY1V1B?th=1&psc=1&language=en_IN,"Cason 32GB Mini MP3 Music Player with Bluetooth,Touch Screen, Video Playback – Pocket-Sized MP3 Player for Voice Recording,Fm Radio & Music on The Go-Expanded Up to 128GB (Black)",2799.0,4995.0,0.44,4.2,25.0,Electronics > Portable Media Players > MP3/MP4 Players,MP3/MP4 Players
B0B3637SB5,https://www.amazon.in/dp/B0B3637SB5?th=1&psc=1&language=en_IN,Oboe Smart TV Silicone Remote Cover Compatible with Samsung QLED TV TM2280E BN68-13897A with Remote Loop (Black) [Remote NOT Included],664.0,1999.0,0.67,4.2,2054.0,"Electronics > Home Theater, TV & Video > Accessories > Remote Controls",Remote Controls
B0DCDS8YWQ,https://www.amazon.in/dp/B0DCDS8YWQ?th=1&psc=1&language=en_IN,Sounce Earphone Case Cover for realme Buds Air 6 TWS Soft Silicone Skin Case Cover Shock Absorbing Protective Case with Keychain [Front LED Visible] - Black,199.0,499.0,0.6,4.0,573.0,"Electronics > Headphones, Earbuds & Accessories > Cases",Cases
B0B8DMPWJL,https://www.amazon.in/dp/B0B8DMPWJL?th=1&psc=1&language=en_IN,Jetson Nano 4GB RAM 16G eMMC Integrated for AI Robotics Machine Learning (Heatsink Version),,,,3.1,6.0,Toys & Games > Learning & Education > Electronics > Learning Systems,Learning Systems
B0CBTTCJL6,https://www.amazon.in/dp/B0CBTTCJL6?th=1&psc=1&language=en_IN,"OnePlus Bullets Wireless Z2 ANC Bluetooth in Ear Earphones with Mic, 45dB Hybrid ANC, Bombastic Bass - 12.4 mm Drivers, 10 Mins Charge - 20 Hrs Music, 28 Hrs Battery (Booming Black)",2618.412331406551,5360.055396825397,0.5959722222222222,4.1,193748.0,"Electronics > Headphones, Earbuds & Accessories > Headphones > In-Ear",In-Ear
B0DGQNXDJP,https://www.amazon.in/dp/B0DGQNXDJP?th=1&psc=1&language=en_IN,"Sony WF-C510 Wireless Bluetooth Earbuds with Mic, TWS, in Ear, Ambient Sound Mode, Small and Comfortable, IPX4, Quick Charge, Multipoint Connectivity, Customized EQ, Up to 22 Hours Battery- Blue",4290.0,8990.0,0.52,3.8,1364.0,"Electronics > Headphones, Earbuds & Accessories > Headphones > In-Ear",In-Ear
B0CK7X2W4P,https://www.amazon.in/dp/B0CK7X2W4P?th=1&psc=1&language=en_IN,"Sounce 25 Pcs Spiral Cable Protectors & Wire Protectors Spring Wire for All Wired Accessories for USB Charger, Data Cable, Headphones, MacBook, Laptop, Elastic Cord Saver (Multi-Color)",99.0,499.0,0.8,4.2,2647.0,Computers & Accessories > Accessories & Peripherals > Cables & Accessories > Cable Connection Protectors,Cable Connection Protectors
B0F2HJ754T,https://www.amazon.in/dp/B0F2HJ754T?th=1&psc=1&language=en_IN,"In Ear Wireless Earbuds with LED Display Case, Digital Battery Indicator, Clear",2618.412331406551,5360.055396825397,0.5959722222222222,2.8,9.0,"Electronics > Headphones, Earbuds & Accessories > Headphones > In-Ear",In-Ear
B0D44L7TFD,https://www.amazon.in/dp/B0D44L7TFD?th=1&psc=1&language=en_IN,"JBL New Launch Live Beam 3,Hi-Res Audio True ANC TWS,in Ear Smart Case with Touch Display,48H Playtime,Wireless Charging,6 Mic,Multipoint Connection,Ip55 Proof,Headphones App,Personi-Fi 3.0(Silver)",11999.0,24999.0,0.52,3.7,738.0,"Electronics > Headphones, Earbuds & Accessories > Headphones > In-Ear",In-Ear
B074VXPXHV,https://www.amazon.in/dp/B074VXPXHV?th=1&psc=1&language=en_IN,CrossBeats Mini Bluetooth Receiver Wireless Bluetooth Car Adapter Mini Portable 3.5mm Aux Adapter and Build-in Mic for Car Home Stereo Music System (Black),1489.0,4999.0,0.7,4.0,469.0,Electronics > Car & Vehicle Electronics > Car & Vehicle Electronics Accessories > Audio & Video Accessories > Bluetooth Kits,Bluetooth Kits
B0BSXDJSPH,https://www.amazon.in/dp/B0BSXDJSPH?th=1&psc=1&language=en_IN,"JBL Tour One M2 Adaptive Noise Cancelling Over-Ear Headphones, Spatial Sound, Smart Ambient, 50Hrs Playtime, BT 5.3 Le, Quick Charge, Multi Point Conectivity, Built-in Alexa, 2 Years Warranty (Black)",14999.0,34500.0,0.57,4.0,603.0,"Electronics > Headphones, Earbuds & Accessories > Headphones > Over-Ear",Over-Ear
B075Z25PQK,https://www.amazon.in/dp/B075Z25PQK?th=1&psc=1&language=en_IN,Sony MDR-EX14AP Wired in Ear Headphone with Mic (Black),599.0,1299.0,0.54,3.7,1661.0,"Electronics > Headphones, Earbuds & Accessories > Headphones > In-Ear",In-Ear
B0DF17C887,https://www.amazon.in/dp/B0DF17C887?th=1&psc=1&language=en_IN,"Zevpoint 7.2 kW Portable Smart EV Charger | Carry Bag+Wall Bracket+CEE Socket | 6m TPU Cable, Adjustable Power (6-32A) | 10+ Advanced Safety Features | IP66 Waterproof | Upto 5-yr Warranty | Aveo Pro",22999.0,49999.0,0.54,4.8,77.0,Car & Motorbike > Vehicle Tools > Garage & Workshop Equipment > Electric Vehicle Charging Equipment > Charging Stations,Charging Stations
B09G9BWDJT,https://www.amazon.in/dp/B09G9BWDJT?th=1&psc=1&language=en_IN,"SHAFIRE Leather Mobile Pouch for Men,Multifunction Belt Pouch for Mobile Phone,Large Universal Leather Case Waist Bag (Brown)",699.0,1299.0,0.46,3.8,686.0,Electronics > Mobiles & Accessories > Mobile Accessories > Cases & Covers > Holsters,Holsters
B0DDY6JL2W,https://www.amazon.in/dp/B0DDY6JL2W?th=1&psc=1&language=en_IN,"TRONICA Series 7.1 Channel Home Theater System Bluetooth, USB, FM, SD, AUX, RCA Inputs, LED TV Compatible, 4"" Active Subwoofer, 3"" Passive Radiator, Vivid Lighting, Wireless Remote",2349.0,4000.0,0.41,3.6,18.0,"Electronics > Home Theater, TV & Video > Home Theater Systems",Home Theater Systems
B0B7S213SX,https://www.amazon.in/dp/B0B7S213SX?th=1&psc=1&language=en_IN,White Noise Machine Babelio Mini Sound Machine for Adults Kids Baby | 15 Non-looping Sounds | Timer | Easy to Pocket and Travel - White,1399.0,3999.0,0.65,4.2,2446.0,Baby > Nursery > Baby Room Décor > Lighting > Nursery Night Lights,Nursery Night Lights
B0156KNP4Q,https://www.amazon.in/dp/B0156KNP4Q?th=1&psc=1&language=en_IN,Sony XS-NW12002 30.48 cm (12-inch) Woofer (Black),4689.0,5990.0,0.22,4.2,1250.0,Electronics > Car & Vehicle Electronics > Car Electronics > Car Audio > Car Speakers > Component Subwoofers,Component Subwoofers
B0DYDX9B5S,https://www.amazon.in/dp/B0DYDX9B5S?th=1&psc=1&language=en_IN,ERROR: Page Not Found/Error,12041.263157894737,15646.588823529411,0.17823529411764708,4.163636363636364,2320.7619047619046,,nan
B07JVFY27T,https://www.amazon.in/dp/B07JVFY27T?th=1&psc=1&language=en_IN,Fosi Audio BT20A Pro Bluetooth 5.0 Amplifier 300W x2 TPA3255 2 Channel Mini Class D Integrated Home Audio Outdoor Stereo Amp Receiver for Speakers Supports 24-48V with Bass Treble Control,8799.0,11999.0,0.27,4.5,1844.0,Electronics > Home Audio > Receivers & Separates > Amplifiers,Amplifiers
B0DRYV6MMP,https://www.amazon.in/dp/B0DRYV6MMP?th=1&psc=1&language=en_IN,"CrossBeats Hawk Gaming TWS in-Ear Buds - New Launch 100hr Playtime, Bluetooth 5.4, 10ms Low Latency, 360° Spatial Audio, RGB Lights, 6 AI ENC Mics, Dual EQ Modes, Type-C Dongle - Perfect for Gaming",2995.0,7999.0,0.63,3.8,219.0,"Electronics > Headphones, Earbuds & Accessories > Headphones > In-Ear",In-Ear
B0CDQ42RT9,https://www.amazon.in/dp/B0CDQ42RT9?th=1&psc=1&language=en_IN,"Daemon Kids Headphones, Cat Ear Kids Bluetooth Headphones, Led Light Up Over Ear Kids Wireless Headphones With Hd Stereo Sound 105Db Volume Limited, Foldable Over-Ear Headphone For Pc/Pad (Pink)",1424.0,3999.0,0.64,3.9,48.0,"Electronics > Headphones, Earbuds & Accessories > Headphones > Over-Ear",Over-Ear
B0BSH5YJRM,https://www.amazon.in/dp/B0BSH5YJRM?th=1&psc=1&language=en_IN,"Boat Stone 1010 14W Bluetooth Speaker with 8 Hours Playback, Bluetooth v5.0 & IPX5(Navy Blue)",2999.0,6990.0,0.57,3.7,82.0,Electronics > Home Audio > Speakers > Bluetooth Speakers,Bluetooth Speakers
B0B1PX62WJ,https://www.amazon.in/dp/B0B1PX62WJ?th=1&psc=1&language=en_IN,"Noise Two Wireless On-Ear Headphones with 50 Hours Playtime, Low Latency(up to 40ms), 4 Play Modes, Dual Pairing, BT v5.3 (Bold Black)",1499.0,4999.0,0.7,3.5,1518.0,"Electronics > Headphones, Earbuds & Accessories > Headphones > On-Ear",On-Ear
B0DQ967S31,https://www.amazon.in/dp/B0DQ967S31?th=1&psc=1&language=en_IN,"Cason Small FM Radio/Pocket Mini Radio with Earphones,USB Rechargeable Portable Transistor Radio,Digital Tuning,LCD Screen,Stereo Sound, Belt Clip for Gym,Walking(Black)",1299.0,2495.0,0.48,4.1,24.0,Electronics > Portable Media Players > Radios > AM/FM Radios,AM/FM Radios
B0F29X5FGW,https://www.amazon.in/dp/B0F29X5FGW?th=1&psc=1&language=en_IN,"Bullet Ubon CL-35 Truly Wireless Premium Bass Neckband v5.3 Clear HD Sound with IPX4, with Extra Battery (Glossy Black)",1346.0,3499.0,0.62,3.0,29798.275310834815,"Electronics > Headphones, Earbuds & Accessories > Headphones > In-Ear",In-Ear
B0CG5XTL1R,https://www.amazon.in/dp/B0CG5XTL1R?th=1&psc=1&language=en_IN,"boAt Partypal 300/320 Speaker with 120 W Signature Sound, Karaoke with Built-in Mic, Up to 6 hrs Playtime, TWS Mode, Bluetooth v5.3, AUX Port, & USB Type-C Port(Premium Black)",8999.0,29990.0,0.7,3.8,320.0,Electronics > Home Audio > Speakers > Tower Speakers,Tower Speakers
B0B8DMPWJL,https://www.amazon.in/dp/B0B8DMPWJL?th=1&psc=1&language=en_IN,Jetson Nano 4GB RAM 16G eMMC Integrated for AI Robotics Machine Learning (Heatsink Version),,,,3.1,6.0,Toys & Games > Learning & Education > Electronics > Learning Systems,Learning Systems
B0CQ8L8NTS,https://www.amazon.in/dp/B0CQ8L8NTS?th=1&psc=1&language=en_IN,Quest 3 128GB - Breakthrough Virtual Reality Headset - Powerful Performance - Asgard’s Wrath 2 Bundle,17900.0,28963.0,0.38,2.9,23.0,Video Games > Online Game Services,Online Game Services
B0C7QY5PLL,https://www.amazon.in/dp/B0C7QY5PLL?th=1&psc=1&language=en_IN,"boAt Immortal 141, ENx Tech, 40HRS Battery, Low Latency Mode, Fast Charge, IPX4, IWP Tech, RBG Lights, v5.3 Bluetooth Earbuds, TWS Ear Buds Wireless Earphones with mic, Gaming Earbuds (White Sabre)",2618.412331406551,5360.055396825397,0.5959722222222222,3.7,2789.0,"Electronics > Headphones, Earbuds & Accessories > Headphones > In-Ear",In-Ear
B08SHV4GF6,https://www.amazon.in/dp/B08SHV4GF6?th=1&psc=1&language=en_IN,"Saifsmart Outlet Wall Mount Hanger Holder for Google Home Mini and NEST Mini, Compact Bracket Case Plug and Built-in Cable Management for Kitchen Bathroom, Bedroom (White)",399.0,1299.0,0.69,3.8,908.0,Electronics > Home Audio > Accessories > Speaker Accessories > Mounts,Mounts
B07966M8XH,https://www.amazon.in/dp/B07966M8XH?th=1&psc=1&language=en_IN,"Model-S4 6 Way Swivel Tilt Wall Mount 32-60-inch Full Motion Cantilever for LED,LCD and Plasma TV's",1699.0,2000.0,0.15,4.2,4458.0,"Electronics > Home Theater, TV & Video > Accessories > TV Mounts, Stands & Turntables > TV Wall & Ceiling Mounts",TV Wall & Ceiling Mounts
B0CYQ7N11K,https://www.amazon.in/dp/B0CYQ7N11K?th=1&psc=1&language=en_IN,"Robustt Computer PC Monitor LED TV Desk Mount Stand with Articulating Center Arm Joint | for 15"" to 33"" Screens Full Motion Mount | Height Adjustable | Gaming Screen - Pack of 1",2286.0,5499.0,0.53,3.8,31.0,Computers & Accessories > Accessories & Peripherals > Monitor Accessories > Monitor Arms,Monitor Arms
B0F1DGSZPZ,https://www.amazon.in/dp/B0F1DGSZPZ?th=1&psc=1&language=en_IN,"Jabra Evolve 10, Over The Ear Noise Cancellation Headset",3499.0,5550.0,0.37,4.3,31.0,"Electronics > Headphones, Earbuds & Accessories > Headphones > On-Ear",On-Ear
B0CRRSS7K8,https://www.amazon.in/dp/B0CRRSS7K8?th=1&psc=1&language=en_IN,"ZXN (XXQ01HM 5V 10W USB Charging Cable Compatible for Mi Trimmer, Shavers, Body Groomers & Multi Grooming (mi trimmer-cable-001)",240.0,999.0,0.76,3.1,129.0,Computers & Accessories > Accessories & Peripherals > Cables & Accessories > Cables > USB Cables,USB Cables
B0D3JFVGFV,https://www.amazon.in/dp/B0D3JFVGFV?th=1&psc=1&language=en_IN,Beats Solo Buds — Wireless Bluetooth Earbuds | 18 Hours of Battery Life | Apple & Android Compatibility | Built-in Microphone - Matt Black,6199.0,6900.0,0.1,4.1,914.0,,nan
B0BQBN413B,https://www.amazon.in/dp/B0BQBN413B?th=1&psc=1&language=en_IN,7SEVEN® Compatible with Videocon Tv Remote Original Suitable for Any LCD LED Smart Android 4K Videocon Television Remote Control - Universal Remote for Videocon tv,399.0,899.0,0.56,3.8,19.0,"Electronics > Home Theater, TV & Video > Accessories > Remote Controls",Remote Controls
B0DTHSMHQF,https://www.amazon.in/dp/B0DTHSMHQF?th=1&psc=1&language=en_IN,"PHILIPS Audio TAE1159GD/00 in-Ear Wired Earphones with C-Type Jack, 10mm Drivers, Inline Mic, Powerful Bass and Clear Sound, Tangle Free 1.2m Cable and 3 x Inter Changeable Ear Tips (Gold)",449.0,999.0,0.55,3.6,89.0,"Electronics > Headphones, Earbuds & Accessories > Headphones > In-Ear",In-Ear
B08PDFWQS8,https://www.amazon.in/dp/B08PDFWQS8?th=1&psc=1&language=en_IN,Electronic Spices High Efficiency 1.5inch Dome Tweeter for HI-FI Car Stereo Component System Set of 2,149.0,200.0,0.26,3.0,70.0,Electronics > Car & Vehicle Electronics > Car Electronics > Car Audio > Car Speakers > Tweeters,Tweeters
B0CCRPJJYP,https://www.amazon.in/dp/B0CCRPJJYP?th=1&psc=1&language=en_IN,"CLUB BOLLYWOOD 5X Passive 3D Glasses for LG, Vizio and All Passive 3D TVs & RealD 3D Cinema Glasses - Black | Collectibles, Movie",954.0,1931.0,0.51,2.9,20.0,"Electronics > Home Theater, TV & Video > Accessories > 3D Glasses",3D Glasses
B07W6PYZLT,https://www.amazon.in/dp/B07W6PYZLT?th=1&psc=1&language=en_IN,BISMAADH 35 in 1 Gayatri Mantra Chanting Box Mini Plug Device (White),234.0,699.0,0.67,3.9,438.0,Home & Kitchen > Religious & Spiritual Items > Pooja Articles > Pooja Thali Set,Pooja Thali Set
B0D4ZFVSC1,https://www.amazon.in/dp/B0D4ZFVSC1?th=1&psc=1&language=en_IN,"GOVO GoSurround 980 Dolby Digital | 525W Sound bar, 5.1 Channel Home Theatre, 6.5"" Wired subwoofer, HDMI, Opt, AUX, USB & Bluetooth, 3 Equalizer Modes, Stylish Remote & LED Display (Black)",18077.130952380954,25923.78947368421,0.5797368421052632,3.7,169.0,Electronics > Home Audio > Speakers > Soundbar Speakers,Soundbar Speakers
B0DB1L9676,https://www.amazon.in/dp/B0DB1L9676?th=1&psc=1&language=en_IN,"boAt Newly Launched BassHeads 100 C Wired Earphones with Type-C Jack, in-Line Microphone, 10mm Drivers, Signature Sound, Integrated Controls & Multi-OS Compatibility(Navy Blue)",599.0,1990.0,0.7,4.1,419585.0,"Electronics > Headphones, Earbuds & Accessories > Headphones > In-Ear",In-Ear
B0CWDW3QXT,https://www.amazon.in/dp/B0CWDW3QXT?th=1&psc=1&language=en_IN,"Professional Wood Craft ᵀᴹ Custom Wood Headphone Stand, Headphone Holder, Docking Station, Desk Organiser, Office Decor, Gift for him, Music Lover, (Sheesham)",299.0,999.0,0.7,4.2,147.0,"Electronics > Headphones, Earbuds & Accessories > Stands",Stands
B0BZNBH1DX,https://www.amazon.in/dp/B0BZNBH1DX?th=1&psc=1&language=en_IN,"WOODENWAWE Multi-Purpose SideTable, CoffeeTable, PlantStand, EndTable, Computer Office with 3 Tier Printer Stand, Mobile Desk Organizer Shelves, Top Color-Brown, Size-55x35x74CM(WW-3P) (Brown)",2699.0,4999.0,0.46,4.6,162.0,"Home & Kitchen > Furniture > Study & Home Office Furniture > Platforms, Stands & Shelves > Printer Desktop Stands",Printer Desktop Stands
B0CBPD76L6,https://www.amazon.in/dp/B0CBPD76L6?th=1&psc=1&language=en_IN,"EarFun Bluetooth Speaker, UBOOM L Portable Speaker 28W Loud Stereo Sound, Rich Bass, IP67 Waterproof & Dustproof, Dual Pairing, Built-in Mic, Low Latency, Wireless Speaker for Party, Indoor & Outdoor",5899.0,8999.0,0.34,4.1,1166.0,Electronics > Home Audio > Speakers > Bluetooth Speakers,Bluetooth Speakers
B0DPTN3R64,https://www.amazon.in/dp/B0DPTN3R64?th=1&psc=1&language=en_IN,MuscleGrid� 10.2KW Heavy Duty Solar Hybrid Inverter and 120AH 48V Smart Lithium Battery Combo,,,,3.6,5.0,Outdoor Living > Solar & Wind Power > Solar & Wind Power Inverters > Hybrid Inverters,Hybrid Inverters
B07RDJSJMZ,https://www.amazon.in/dp/B07RDJSJMZ?th=1&psc=1&language=en_IN,"Halonix 10W Radar motion sensor Led Bulb, Auto on-Auto off, Pack of 1, White",175.0,349.0,0.5,3.6,28917.0,Home & Kitchen > Indoor Lighting > Light Bulbs > LED Bulbs,LED Bulbs
B0DXVMT3Q6,https://www.amazon.in/dp/B0DXVMT3Q6?th=1&psc=1&language=en_IN,"TWS Duo in Ear Earbuds with 32Hrs Total Playtime, Bluetooth 5.1 Wireless Headphones, Stereo Audio, Touch Control TWS, with Mic, Type-C Fast Charging, IPX4 & Voice Assistance (Black)",599.0,1999.0,0.7,3.7452631578947373,29798.275310834815,"Electronics > Headphones, Earbuds & Accessories > Headphones > In-Ear",In-Ear
B0F7H74N9Y,https://www.amazon.in/dp/B0F7H74N9Y?th=1&psc=1&language=en_IN,"Airbuds pro 2nd Generation with ANC - (C-Type) Charging Case (White) TWS in-Ear Earphone | Bluetooth 5.4, Mic & Stereo Base 32H Playtime",2618.412331406551,5360.055396825397,0.5959722222222222,3.7452631578947373,29798.275310834815,"Electronics > Headphones, Earbuds & Accessories > Headphones > In-Ear",In-Ear
B0D4Z8KJXY,https://www.amazon.in/dp/B0D4Z8KJXY?th=1&psc=1&language=en_IN,"VGP 2024 Gold Award: EarFun Air Pro 4 Wireless Earphones, Bluetooth 5.4/50 dB Adaptive, Hybrid ANC, Advanced Chip ""QCC3091"", AptX Lossless, High Resolution LDAC Compatible, Snapdragon Sound™",8610.0,10332.0,0.17,4.4,2412.0,"Electronics > Headphones, Earbuds & Accessories > Headphones > In-Ear",In-Ear
B07K7NJ4QN,https://www.amazon.in/dp/B07K7NJ4QN?th=1&psc=1&language=en_IN,Fosi Audio BT30D Bluetooth 5.0 Stereo Audio Receiver Amplifier 2.1 Channel Mini Hi-Fi Class D Integrated Amp 50 Watt x2+100 Watt for Home Outdoor Passive Speakers/Subwoofer Powered Subwoofer,9999.0,10999.0,0.09,4.4,2642.0,Electronics > Home Audio > Receivers & Separates > Amplifiers,Amplifiers
B0CCVGXFG7,https://www.amazon.in/dp/B0CCVGXFG7?th=1&psc=1&language=en_IN,Morpho MSO 1300 E3 RD L1 Fingerprint Biometric Scanner | 1 Year RD Service Registration | Updated High Secured Technology | Easy to Carry Device | Aadhaar Authentication | Radium Box,5415.0,6999.0,0.23,3.2,128.0,Home Improvement > Safety & Security > Home Security Systems > Biometrics,Biometrics
B0CZS5GHKF,https://www.amazon.in/dp/B0CZS5GHKF?th=1&psc=1&language=en_IN,PopSockets: PopGrip - Extendable Base and Grip with Interchangeable Top for Smartphones and Tablets - Serenity,745.0,1340.0,0.435,4.5,192.0,Electronics > Mobiles & Accessories > Mobile Accessories > Grips,Grips
B0DP9W3QQR,https://www.amazon.in/dp/B0DP9W3QQR?th=1&psc=1&language=en_IN,"Noise Tag 1: Global Item Tracker Compatible with Android Google Find My Device & Apple Find My Network, 90dB Ring Volume, 30M Outdoor Range,1 Year Battery,Tracking for Keys, Wallets & More (Ivory)",1499.0,2999.0,0.5,3.8,47.0,Electronics > GPS & Accessories > Item Finders,Item Finders
B0DW4B3SR9,https://www.amazon.in/dp/B0DW4B3SR9?th=1&psc=1&language=en_IN,"Portronics Conch Sigma C in Ear Type C Wired Earphones with in Line HD Mic, Powerful Audio, 14.2mm Driver, Unique Earbuds Design, Metal Alloy Material, in line Controls, Wide Compatibility(White)",349.0,799.0,0.56,3.8,108.0,"Electronics > Headphones, Earbuds & Accessories > Headphones > In-Ear",In-Ear
B08QTVL6C5,https://www.amazon.in/dp/B08QTVL6C5?th=1&psc=1&language=en_IN,"JBL Tune 510BT, On Ear Wireless Headphones with Mic, up to 40 Hours Playtime, Pure Bass, Quick Charging, Dual Pairing, Bluetooth 5.0 & Voice Assistant Support for Mobile Phones (Blue)",2299.0,4499.0,0.49,4.0,2221.0,"Electronics > Headphones, Earbuds & Accessories > Headphones > On-Ear",On-Ear
B09Y5LL6P4,https://www.amazon.in/dp/B09Y5LL6P4?th=1&psc=1&language=en_IN,"Noise Buds VS104 Truly Wireless Earbuds with 45H of Playtime, Quad Mic with ENC, Instacharge(10 min=200 min), 13mm Driver,Low Latency, BT v5.2 (Midnight Blue)",1099.0,3499.0,0.69,3.8,26628.0,"Electronics > Headphones, Earbuds & Accessories > Headphones > In-Ear",In-Ear
B0CMJT1HJV,https://www.amazon.in/dp/B0CMJT1HJV?th=1&psc=1&language=en_IN,"Philips Audio Bluetooth Party Speaker, Dynamic Bass Boost, Bluetooth and Aux-in, Microphone Input, Wireless Pairing for Stereo Sound, Up to 7 Hours Battery, Built-in Carry Handle, USB-C TAX2208",4090.0,5490.0,0.26,3.5,77.0,Electronics > Home Audio > Speakers > Bluetooth Speakers,Bluetooth Speakers
B0BSR2P7PS,https://www.amazon.in/dp/B0BSR2P7PS?th=1&psc=1&language=en_IN,"JBL Go 3 Eco with eco-Friendly Recycled Materials and Packaging, Wireless Portable Bluetooth Speaker, Pro Sound, Vibrant Colors with Rugged Fabric Design, Waterproof, Type C (Without Mic, Blue)",2499.0,4499.0,0.44,4.7,1009.0,Electronics > Home Audio > Speakers > Bluetooth Speakers,Bluetooth Speakers
B0BHDS3HQS,https://www.amazon.in/dp/B0BHDS3HQS?th=1&psc=1&language=en_IN,"JBL Newly Launched Wave Flex in-Ear Wireless Earbuds TWS with Mic,App for Custom Extra Bass EQ, 32Hrs Battery, Quick Charge, IP54 Water & Dust Proof, Ambient Aware, Talk-Thru,Google FastPair (White)",2799.0,4999.0,0.44,3.3,5173.0,"Electronics > Headphones, Earbuds & Accessories > Headphones > In-Ear",In-Ear
B0F1MYNDGM,https://www.amazon.in/dp/B0F1MYNDGM?th=1&psc=1&language=en_IN,"Original AC Remote Compatible for Blue Star AC Remote Original Suitable for Bluestar Window Ac,1 Year Warranty",495.39864864864865,1239.0067567567567,0.5502027027027028,3.0,89.0,"Electronics > Home Theater, TV & Video > Accessories > Remote Controls",Remote Controls
B0DCNR9GTC,https://www.amazon.in/dp/B0DCNR9GTC?th=1&psc=1&language=en_IN,"Boult Audio Z20 Pro Truly Wireless Bluetooth Ear buds with 60 Hours Playtime, 4 Mics Clear Calling, Made in India, 45ms Low Latency, Rich Bass Drivers, IPX5, TWS earbuds bluetooth wireless (Jet Black)",1099.0,5999.0,0.82,4.0,4482.0,"Electronics > Headphones, Earbuds & Accessories > Headphones > In-Ear",In-Ear
B07KSY4J42,https://www.amazon.in/dp/B07KSY4J42?th=1&psc=1&language=en_IN,JXL 1690 High Performance 3 Way 6 Inch Coaxial Car Speaker with Inbuilt PEI Car Tweeter and HOP Woofer 600W MAX Pair (Black),1199.0,2499.0,0.52,3.7,1504.0,Electronics > Car & Vehicle Electronics > Car Electronics > Car Audio > Car Speakers > Coaxial Speakers,Coaxial Speakers
B0D73SPTY5,https://www.amazon.in/dp/B0D73SPTY5?th=1&psc=1&language=en_IN,"KDM G1 Mask Wireless Neckband Bluetooth Earphones with Voice Changeover Feature, Up to 30Hrs Music time, IPX4, Super Bass, Black (KDM-G1 Mask)",589.0,5360.055396825397,0.5959722222222222,2.1,4.0,"Electronics > Headphones, Earbuds & Accessories > Headphones > In-Ear",In-Ear
B0C9L8ZR6Q,https://www.amazon.in/dp/B0C9L8ZR6Q?th=1&psc=1&language=en_IN,"Skullcandy Crusher ANC 2 Over-Ear Noise Cancelling Wireless Headphones with Sensory Bass | 50 Hours Battery Life |Skull-iQ, Alexa Support, Micro, Bluetooth Compatible - Black",17999.0,64999.0,0.72,4.5,2482.0,"Electronics > Headphones, Earbuds & Accessories > Headphones > Over-Ear",Over-Ear
B07VDYDT72,https://www.amazon.in/dp/B07VDYDT72?th=1&psc=1&language=en_IN,Infinity Alpha 650C 315W Wired Component Car Speaker Black,5037.0,6990.0,0.28,3.9,251.0,Electronics > Car & Vehicle Electronics > Car Electronics > Car Audio > Car Speakers > Component Speakers,Component Speakers
B0DZ76SBLK,https://www.amazon.in/dp/B0DZ76SBLK?th=1&psc=1&language=en_IN,Original Air Conditioner Remote Compatible for Mitsubishi AC Remote Control AC-25B,499.0,999.0,0.5,1.8,17.0,"Electronics > Home Theater, TV & Video > Accessories > Remote Controls",Remote Controls
B00Y4ORQ46,https://www.amazon.in/dp/B00Y4ORQ46?th=1&psc=1&language=en_IN,Logitech H111 Wired On Ear Headphones With Mic Black,695.0,955.0,0.27,3.9,18731.0,Computers & Accessories > Accessories & Peripherals > Audio & Video Accessories > PC Headsets,PC Headsets
B09P1KK9K1,https://www.amazon.in/dp/B09P1KK9K1?th=1&psc=1&language=en_IN,"ZEBRONICS Zeb-Blitz USB Gaming Wired On Ear Headphones with Mic with Dolby Atmos, RGB Led, Windows Software, Simulated 7.1 Surround Sound, 2.4 Meter Braided Cable Flexible Padded Ear Cushions(Black)",2399.0,5999.0,0.6,4.1,1270.0,Computers & Accessories > Accessories & Peripherals > PC Gaming Peripherals > Headsets,Headsets
B0CG5XTL1R,https://www.amazon.in/dp/B0CG5XTL1R?th=1&psc=1&language=en_IN,"boAt Partypal 300/320 Speaker with 120 W Signature Sound, Karaoke with Built-in Mic, Up to 6 hrs Playtime, TWS Mode, Bluetooth v5.3, AUX Port, & USB Type-C Port(Premium Black)",8999.0,29990.0,0.7,3.8,320.0,Electronics > Home Audio > Speakers > Tower Speakers,Tower Speakers
B0DDZ6P92X,https://www.amazon.in/dp/B0DDZ6P92X?th=1&psc=1&language=en_IN,"Sonos Arc Ultra | Soundbar with Dolby Atmos, WiFi, Bluetooth, Amazon Alexa for 9.1.4 Surround Sound for TV and Music - White",99999.0,25923.78947368421,0.5797368421052632,4.6,39.0,Electronics > Home Audio > Speakers > Soundbar Speakers,Soundbar Speakers
B0156KNP4Q,https://www.amazon.in/dp/B0156KNP4Q?th=1&psc=1&language=en_IN,Sony XS-NW12002 30.48 cm (12-inch) Woofer (Black),4689.0,5990.0,0.22,4.2,1250.0,Electronics > Car & Vehicle Electronics > Car Electronics > Car Audio > Car Speakers > Component Subwoofers,Component Subwoofers
B00Y4ORQ46,https://www.amazon.in/dp/B00Y4ORQ46?th=1&psc=1&language=en_IN,Logitech H111 Wired On Ear Headphones With Mic Black,695.0,955.0,0.27,3.9,18731.0,Computers & Accessories > Accessories & Peripherals > Audio & Video Accessories > PC Headsets,PC Headsets
B0DPHXRZP4,https://www.amazon.in/dp/B0DPHXRZP4?th=1&psc=1&language=en_IN,"PULWTOP Mac Mini M4 Dock with 4TB SSD Enclosure (SSD Not Included), USB C Hub Accessories for Mac Mini 2024 M4 Pro with HDMI 4K 60Hz, 3 x USB A 2.0, SD/TF, Audio/Mic",8549.0,13499.0,0.37,4.4,178.0,Computers & Accessories > Accessories & Peripherals > USB Hubs,USB Hubs
B0CRL8FP2T,https://www.amazon.in/dp/B0CRL8FP2T?th=1&psc=1&language=en_IN,"boAt Rockerz 235 Pro Wireless Bluetooth Neckband Earphone, Upto 20 hrs of Playtime, Beast Mode, Low Latency, IPX5 Water & Sweat Resistance, ENx Technology, Bluetooth v5.2(Ash Grey)",899.0,2490.0,0.64,3.8,238.0,"Electronics > Headphones, Earbuds & Accessories > Headphones > In-Ear",In-Ear
B0CG5XTL1R,https://www.amazon.in/dp/B0CG5XTL1R?th=1&psc=1&language=en_IN,"boAt Partypal 300/320 Speaker with 120 W Signature Sound, Karaoke with Built-in Mic, Up to 6 hrs Playtime, TWS Mode, Bluetooth v5.3, AUX Port, & USB Type-C Port(Premium Black)",8999.0,29990.0,0.7,3.8,320.0,Electronics > Home Audio > Speakers > Tower Speakers,Tower Speakers
B0D3R1JQ7D,https://www.amazon.in/dp/B0D3R1JQ7D?th=1&psc=1&language=en_IN,"W20 Truly Wireless in Ear Earbuds with 40H Playtime, Zen™ ENC Mic, 45ms Low Latency, 13mm Bass Drivers, Type-C Fast Charging, Made in India, BTv 5.3, Touch Control, IPX5 Ear Buds TWS (Glacier Blue)",1099.0,2499.0,0.56,3.9,9224.0,"Electronics > Headphones, Earbuds & Accessories > Headphones > In-Ear",In-Ear
B0CBC7D3C9,https://www.amazon.in/dp/B0CBC7D3C9?th=1&psc=1&language=en_IN,"TARKAN Vertical Laptop Holder | 2-Slot Desk Space Saving Organizer Stand Fits All Laptop Size (ABS, Black)",699.0,1682.3333333333333,0.5866666666666668,4.1,240.0,Computers & Accessories > Accessories & Peripherals > Laptop Accessories > Notebook Computer Stands,Notebook Computer Stands
B0C89JHPC5,https://www.amazon.in/dp/B0C89JHPC5?th=1&psc=1&language=en_IN,"ZEBRONICS Roxor 100W Multi-Connectivity Bluetooth, HDMI ARC, Optical, USB, AUX in-Out Speaker with Dolby Audio, Wireless UHF MIC, and Karaoke, TWS, LED Lights, and Recording Function",14990.0,34999.0,0.57,3.7,341.0,Electronics > Home Audio > Speakers > Outdoor Speakers,Outdoor Speakers
B0DFTTSY57,https://www.amazon.in/dp/B0DFTTSY57?th=1&psc=1&language=en_IN,"ZdalaMit Replacement Voice Remote Control for Flre TV Stick and for AMZ Flre TV Stick, Black",899.0,2999.0,0.7,4.5,8999.0,"Electronics > Home Theater, TV & Video > Accessories > Remote Controls",Remote Controls
B0CHVWYZV8,https://www.amazon.in/dp/B0CHVWYZV8?th=1&psc=1&language=en_IN,"Boult Audio Z40 Pro with 100H Playtime, Quad Mic ENC, 45ms Low Latency Gaming, Premium Rubber Grip Case, 13mm Bass Drivers, Made in India TWS Bluetooth 5.3 Truly Wireless in Ear Earbuds (Lavender)",1299.0,5499.0,0.76,3.8,34612.0,"Electronics > Headphones, Earbuds & Accessories > Headphones > In-Ear",In-Ear
B09DM81ZSW,https://www.amazon.in/dp/B09DM81ZSW?th=1&psc=1&language=en_IN,Music Player iPod Nano 7th Generation 16gb Silver Packaged in Plain White Box,40732.0,10021.0,0.4147368421052631,3.8199999999999994,1049.8,Electronics > Portable Media Players > MP3/MP4 Players,MP3/MP4 Players
B0CDPLQ8JY,https://www.amazon.in/dp/B0CDPLQ8JY?th=1&psc=1&language=en_IN,"boAt Immortal 181, 40HRS Battery, 4Mics ENx, 40ms Low Latency, RGB Led Lights, Fast Charge, IWP Tech, v5.3 Bluetooth Earbuds, TWS Ear Buds Wireless Earphones with mic, Gaming Earbuds (Black Sabre)",1299.0,3499.0,0.63,3.6,441.0,"Electronics > Headphones, Earbuds & Accessories > Headphones > In-Ear",In-Ear
B0DBHDRFZ8,https://www.amazon.in/dp/B0DBHDRFZ8?th=1&psc=1&language=en_IN,"boAt Rockerz 150 Pro Bluetooth Neckband Earphones w/ 150hrs Playback, Dual EQ Modes, Crystal Bionic Sound by HiFi DSP 5, AI-ENx™ Technology, Dual Pairing,Beast™ Mode,ASAP™ Charge(Black)",999.0,3990.0,0.75,3.5,1160.0,"Electronics > Headphones, Earbuds & Accessories > Headphones > In-Ear",In-Ear
B08FT21PLH,https://www.amazon.in/dp/B08FT21PLH?th=1&psc=1&language=en_IN,"Samsung Galaxy Buds Live, In-Ear Wireless Earbuds w/Active Noise Cancelling with Mic (Mystic Bronze)",37034.0,49996.0,0.26,4.5,1616.0,"Electronics > Headphones, Earbuds & Accessories > Headphones > In-Ear",In-Ear
B09TVV1TXL,https://www.amazon.in/dp/B09TVV1TXL?th=1&psc=1&language=en_IN,"OnePlus Bullets Bluetooth Wireless in Ear Z2 Earphones with Mic, Bombastic Bass, 12.4 mm Drivers, 10 Mins Charge, 20 Hrs Music, 30 Hrs Battery Life, IP55 Dust & Water Resistant (Beam Blue)",1349.0,2299.0,0.41,4.1,193750.0,"Electronics > Headphones, Earbuds & Accessories > Headphones > In-Ear",In-Ear
B079TPSMS5,https://www.amazon.in/dp/B079TPSMS5?th=1&psc=1&language=en_IN,"Upix AC Remote No. 143 (No Backlight), Compatible/Replacement for Onida AC Remote Control (Exactly Same Remote Will Only Work)",389.0,899.0,0.57,3.9,90.0,"Electronics > Home Theater, TV & Video > Accessories > Remote Controls",Remote Controls
B0CJVGPY77,https://www.amazon.in/dp/B0CJVGPY77?th=1&psc=1&language=en_IN,"Samsung Galaxy SmartTag2 (1 Pack), Black | Bluetooth Tracker | Compass View | AR Find | IOT Control | Lost Mode",2799.0,2999.0,0.07,4.5,177.0,Electronics > GPS & Accessories > Item Finders,Item Finders
B0BW13J4WG,https://www.amazon.in/dp/B0BW13J4WG?th=1&psc=1&language=en_IN,Hybite Compatible AC Remote for Blue Star AC (Old Remote Must be Same as Image) Blue Star Remote Controller (White),410.0,799.0,0.49,3.7,113.0,"Electronics > Home Theater, TV & Video > Accessories > Remote Controls",Remote Controls
B0DHSC4PT5,https://www.amazon.in/dp/B0DHSC4PT5?th=1&psc=1&language=en_IN,Sounce LG TV Silicone Remote Cover Compatible with LG TV Remote LG AN-MR21GA (2021) LG MR22GA (2022) LG MR23GA (2023) Magic Remote Case with Loop (Black),249.0,1499.0,0.83,4.6,210.0,"Electronics > Home Theater, TV & Video > Accessories > Remote Controls",Remote Controls
B084BR3QX8,https://www.amazon.in/dp/B084BR3QX8?th=1&psc=1&language=en_IN,LAPSTER Accessories Power Cable Cord 2 Pin Laptop Adapter and Tape Recorder 1.5M,139.0,999.0,0.86,3.5,3643.0,Computers & Accessories > Accessories & Peripherals > Laptop Accessories > Laptop Chargers & Power Supplies,Laptop Chargers & Power Supplies
B097QDG39W,https://www.amazon.in/dp/B097QDG39W?th=1&psc=1&language=en_IN,Starfar 6 inch 4Ohm/120w Subwoofers,12447.5,17646.166666666668,0.29000000000000004,3.5,61.0,Electronics > Home Audio > Speakers > Subwoofers,Subwoofers
B0DJ8KYK73,https://www.amazon.in/dp/B0DJ8KYK73?th=1&psc=1&language=en_IN,"boAt Airdopes Loop OWS Earbuds w/Clip-On Fit, Air Conduction Tech, 50HRS Battery, 4Mics ENx, Dual EQ Modes, 12mm Drivers, 40ms Latency,ASAP Charge,OWS Ear Buds Earphones(Lavender Mist)",1999.0,7990.0,0.75,2.9,868.0,"Electronics > Headphones, Earbuds & Accessories > Headphones > In-Ear",In-Ear
B09L7YNK87,https://www.amazon.in/dp/B09L7YNK87?th=1&psc=1&language=en_IN,Surf Excel 3 in 1 Smart Shots Unit Dose Liquid Detergent Pack of 28 Count for Both Front Load and Top Load Washing Machines|| (28 U x 21 g),420.0,525.0,0.2,4.4,2356.0,Health & Personal Care > Household Supplies > Laundry > Laundry Detergents > Detergent Capsules & Tablets,Detergent Capsules & Tablets
B0DBHC8CDQ,https://www.amazon.in/dp/B0DBHC8CDQ?th=1&psc=1&language=en_IN,"Boat Aavante Bar 950 Bluetooth Soundbar w/ 40W Signature Sound, RGB LEDs, Dual Passive Radiators, Up to 7 hrs Playback, TWS Function, Inbuilt Mic,BT v5.3,TF Card,AUX Port(Premium Black)",2599.0,7990.0,0.67,3.9,24325.0,Electronics > Home Audio > Speakers > Soundbar Speakers,Soundbar Speakers
B07NBF8ZXT,https://www.amazon.in/dp/B07NBF8ZXT?th=1&psc=1&language=en_IN,Creative Stage 160 Watt 2.1 Channel Wireless Bluetooth Soundbar (Black),5999.0,15999.0,0.63,4.0,6858.0,Electronics > Home Audio > Speakers > Soundbar Speakers,Soundbar Speakers
B07SWMGSSV,https://www.amazon.in/dp/B07SWMGSSV?th=1&psc=1&language=en_IN,"JBL Flip 5 Wireless Portable Bluetooth Speaker, Signature Sound with Powerful Bass Radiator, Vibrant Colors with Rugged Fabric Design, Party Boost, IPX7 Waterproof & Type C (Without Mic, Blue)",7999.0,11999.0,0.33,4.4,38408.0,Electronics > Home Audio > Speakers > Bluetooth Speakers,Bluetooth Speakers
B0F48SS75R,https://www.amazon.in/dp/B0F48SS75R?th=1&psc=1&language=en_IN,Original Replacement Remote Control Compatible with Jio Fiber Set Top Box with Voice Command Feature and OTT Hotkeys [Pairing Required Before Use],499.0,999.0,0.5,3.8813253012048192,2095.7256097560976,"Electronics > Home Theater, TV & Video > Accessories > Remote Controls",Remote Controls
B0DGQNXDJP,https://www.amazon.in/dp/B0DGQNXDJP?th=1&psc=1&language=en_IN,"Sony WF-C510 Wireless Bluetooth Earbuds with Mic, TWS, in Ear, Ambient Sound Mode, Small and Comfortable, IPX4, Quick Charge, Multipoint Connectivity, Customized EQ, Up to 22 Hours Battery- Blue",4290.0,8990.0,0.52,3.8,1365.0,"Electronics > Headphones, Earbuds & Accessories > Headphones > In-Ear",In-Ear
B0DJSCSR5V,https://www.amazon.in/dp/B0DJSCSR5V?th=1&psc=1&language=en_IN,"LIRAMARK Silicone Soft Case Cover with Buckle for Airpods 4 (2024), Apple airpods 4th Generation case (Grey)",159.0,599.0,0.73,3.7,511.0,"Electronics > Headphones, Earbuds & Accessories > Cases",Cases
B0DGTSTQWL,https://www.amazon.in/dp/B0DGTSTQWL?th=1&psc=1&language=en_IN,"boAt Rockerz 430 w/ 40mm Drivers, Beast Mode w/ 40ms Latency, 40hrs Playback, ENx Tech, Voice Assistant, BTv5.4, Adaptive Fit & Easy Access Controls, Bluetooth Over Ear Headphones(Black Sabre)",999.0,2490.0,0.6,3.2,1107.0,"Electronics > Headphones, Earbuds & Accessories > Headphones > Over-Ear",Over-Ear
B0CR1N3L1T,https://www.amazon.in/dp/B0CR1N3L1T?th=1&psc=1&language=en_IN,"Moondrop Space Travel True Wireless Earbuds, 13mm Titanium Driver, Bluetooth 5.3 | Noise Cancelling TWS | Music/Game Dual Mode | Bluetooth Earbuds | Supports Android & iOS (White)",3514.0,3999.0,0.12,3.6,20.0,"Electronics > Headphones, Earbuds & Accessories > Headphones > In-Ear",In-Ear
B0DKFGYLCJ,https://www.amazon.in/dp/B0DKFGYLCJ?th=1&psc=1&language=en_IN,HOJI Universal Fixed Wall Mount Bracket Fit Most 14-26 Inches VESA Upto 100x100 Support Upto 15Kgs/33lbs for Monitor/LCD/OLED/QLED/LED/Plasma Pack of 1 (Made in India),199.0,999.0,0.8,3.6,37.0,"Electronics > Home Theater, TV & Video > Accessories > TV Mounts, Stands & Turntables > TV Wall & Ceiling Mounts",TV Wall & Ceiling Mounts
B0CBW7SVSC,https://www.amazon.in/dp/B0CBW7SVSC?th=1&psc=1&language=en_IN,"Beats Studio Pro- Wireless Bluetooth Noise Cancelling Headphones - Spatial Audio, USB-C, Up to 40H Battery Life, 10 min Fast Charge for 4H Battery Life, Apple & Android Compatible - Sandstone",30999.0,37900.0,0.18,3.7,21.0,,nan
B0D49XY9Y8,https://www.amazon.in/dp/B0D49XY9Y8?th=1&psc=1&language=en_IN,"boAt Airdopes 121 Pro Plus, 100HRS Battery, 4Mics ENx, 50ms Low Latency, Fast Charge, LED Display, IPX5, v5.3 Bluetooth in Ear Earbuds, TWS Ear Buds Wireless Earphones with mic (Blue)",1046.0,4990.0,0.79,3.7,23228.0,"Electronics > Headphones, Earbuds & Accessories > Headphones > In-Ear",In-Ear
B0CFYMNDDG,https://www.amazon.in/dp/B0CFYMNDDG?th=1&psc=1&language=en_IN,"Pagaria Grenade 5 Watts Pocket FM Radio with Bluetooth, Tf Card/USB Speaker – LCD Display with Song Name, Folder Selection, Type C Charging, Voice Recording & More",2599.0,3599.0,0.28,4.5,586.0,Electronics > Portable Media Players > Radios > AM/FM Radios,AM/FM Radios
B0CL4944LF,https://www.amazon.in/dp/B0CL4944LF?th=1&psc=1&language=en_IN,Pioneer TS-A1608C Component Speaker 350W,6999.0,10990.0,0.36,,,Electronics > Car & Vehicle Electronics > Marine Electronics > Marine Audio > Marine Speakers,Marine Speakers
B0DDZ6P92X,https://www.amazon.in/dp/B0DDZ6P92X?th=1&psc=1&language=en_IN,"Sonos Arc Ultra | Soundbar with Dolby Atmos, WiFi, Bluetooth, Amazon Alexa for 9.1.4 Surround Sound for TV and Music - White",99999.0,25923.78947368421,0.5797368421052632,4.6,39.0,Electronics > Home Audio > Speakers > Soundbar Speakers,Soundbar Speakers
B07G1FB7DQ,https://www.amazon.in/dp/B07G1FB7DQ?th=1&psc=1&language=en_IN,"Sony HT-S700RF Real 5.1ch Dolby Audio Soundbar for TV with Tall boy Rear Speakers & Subwoofer, 5.1ch Home Theatre System (1000W, Bluetooth & USB Connectivity,HDMI & Optical Connectitvity)",18077.130952380954,25923.78947368421,0.5797368421052632,4.7,277.0,Electronics > Home Audio > Speakers > Soundbar Speakers,Soundbar Speakers
B0D5HJNQD9,https://www.amazon.in/dp/B0D5HJNQD9?th=1&psc=1&language=en_IN,"boAt Rockerz 460 Wireless Over Ear Headphones w/Up to 30hrs Playtime, 40mm Drivers, Beast™ Mode, ENx™, Dual Pairing, BT v5.2, Instant Voice Assistant, Adaptive Fit(Crimson White)",999.0,2490.0,0.6,4.2,102.0,"Electronics > Headphones, Earbuds & Accessories > Headphones > Over-Ear",Over-Ear
B0C65WVJ1N,https://www.amazon.in/dp/B0C65WVJ1N?th=1&psc=1&language=en_IN,"Sennheiser SoundProtex Earplugs - Hearing Protection for Noise Reduction, High Fidelity Sound at a Safe Volume Level for Concerts, Musicians, Studying, Meditation, Sleep with Sound Blocking filters",1999.0,3490.0,0.43,4.1,358.0,Health & Personal Care > Health Care > Sleep & Snoring,Sleep & Snoring
B075Q5T7Q1,https://www.amazon.in/dp/B075Q5T7Q1?th=1&psc=1&language=en_IN,"Yamaha HS5 PAIR 5-inch Powered Studio XLR Monitor Pair Speakers, Bookshelf, Black",34899.0,42800.0,0.18,4.6,304.0,Musical Instruments > Recording & Computer > Studio Monitors,Studio Monitors
B0BT7W5VSC,https://www.amazon.in/dp/B0BT7W5VSC?th=1&psc=1&language=en_IN,"Zebronics Hammer Dual Tower Speaker with Powerful 160W RMS Output, Deep Bass, 10"" Subwoofers, 2X Wireless mic, Karaoke, Bluetooth 5.0, LED Display, Remote Control, FM Radio & Glossy Finish",10999.0,18999.0,0.42,3.4,75.0,Electronics > Home Audio > Speakers > Tower Speakers,Tower Speakers
B0D4J2YR5W,https://www.amazon.in/dp/B0D4J2YR5W?th=1&psc=1&language=en_IN,LRIPL Remote Control for All Non Branded/Chinese Local Assembled Televisions LCD LED Smart TV Remote - Pairing Required Before Use,319.0,399.0,0.2,3.9,21.0,"Electronics > Home Theater, TV & Video > Accessories > Remote Controls",Remote Controls
B0B1Q5374C,https://www.amazon.in/dp/B0B1Q5374C?th=1&psc=1&language=en_IN,7SEVEN® Compatible with Haier Tv Remote Original HTR-U27E Model Suitable for Smart Android 4K LED Television Without Voice Command Feature or Google Assistant,495.39864864864865,1239.0067567567567,0.5502027027027028,3.6,144.0,"Electronics > Home Theater, TV & Video > Accessories > Remote Controls",Remote Controls
B0CCZ1RDZR,https://www.amazon.in/dp/B0CCZ1RDZR?th=1&psc=1&language=en_IN,"JBL Authentics 500, Dolby Atmos Smart Home Speaker Built-in WiFi and Music Streaming, Voice Assist and Bluetooth Connectivity, Automatic Calibration, Compatible with Google Home & Alexa, Retro Design",59999.0,79990.0,0.25,4.5,388.0,Electronics > Home Audio > Speakers > Bluetooth Speakers,Bluetooth Speakers
B0F5BSSD49,https://www.amazon.in/dp/B0F5BSSD49?th=1&psc=1&language=en_IN,iPhone Earphones Wired [Apple MFi Certified] – Lightning Connector with Mic & Volume – iPhone 14/13/12/11/XR/7/8,455.0,1599.0,0.72,3.0,6.0,"Electronics > Headphones, Earbuds & Accessories > Headphones > In-Ear",In-Ear
B0CC5VH2LW,https://www.amazon.in/dp/B0CC5VH2LW?th=1&psc=1&language=en_IN,"boAt Stone 580 Bluetooth Speaker with 12W RMS Stereo Sound, LED Lights, Up to 8 HRS Playtime, TWS Feature, FM Radio, Multi-Compatibility Mode, IPX4(Midnight Black)",1499.0,4990.0,0.7,3.6,1278.0,Electronics > Home Audio > Speakers > Bluetooth Speakers,Bluetooth Speakers
B08HDQNGMB,https://www.amazon.in/dp/B08HDQNGMB?th=1&psc=1&language=en_IN,Skyshop® C240 Prime (Voice Alert) Internal USB/Solar (TPMS) (Car Tyre Pressure Monitoring System) Pressure & Temperature Display,2699.0,3499.0,0.23,4.1,4443.0,Car & Motorbike > Car Tyres & Rims > Accessories,Accessories
B09YRYCWF8,https://www.amazon.in/dp/B09YRYCWF8?th=1&psc=1&language=en_IN,"Boat Airdopes 121 PRO Truly Wireless in Ear Ear Buds w/Quad Mic ENx, Low Latency Mode for Gaming, 50H Playtime, IWP, IPX4, Battery Indicator Screen(Active Black)",799.0,2990.0,0.73,3.7,23228.0,"Electronics > Headphones, Earbuds & Accessories > Headphones > In-Ear",In-Ear
B0DJ1656LG,https://www.amazon.in/dp/B0DJ1656LG?th=1&psc=1&language=en_IN,"boAt Rockerz 280 ANC w/Crystal Bionic Sound Powered by Dirac Opteo, Active Noise Cancellation, 13mm Drivers, ASAP Charge, 24H Playback & ENx Tech in- Ear Bluetooth Neckband(Gunmetal Black)",1299.0,4990.0,0.74,3.5,71.0,"Electronics > Headphones, Earbuds & Accessories > Headphones > In-Ear",In-Ear
B0DBHTDJ44,https://www.amazon.in/dp/B0DBHTDJ44?th=1&psc=1&language=en_IN,"JBL Partybox 320, Portable Bluetooth 240W Party Speaker, AI Sound Boost, Futuristic Light Show, Multispeaker Connection by Auracast, Telescopic Handle & Wheels, Dual Guitar & Mic Inputs (White)",39999.0,54999.0,0.27,4.6,896.0,Electronics > Home Audio > Speakers > Bluetooth Speakers,Bluetooth Speakers
B0D2MW6L54,https://www.amazon.in/dp/B0D2MW6L54?th=1&psc=1&language=en_IN,"Nothing Ear (A) | Hi-Res Audio With Ldac Bluetooth In Ear Headset (White, True Wireless)",7999.0,9999.0,0.2,5.0,29798.275310834815,"Electronics > Headphones, Earbuds & Accessories > Headphones > In-Ear",In-Ear
B0867SX3X9,https://www.amazon.in/dp/B0867SX3X9?th=1&psc=1&language=en_IN,LOHAYA AC Remote Compatible with O General Split/Window AC Remote Control [Double Set-Swing] [ Compatible for O General AC Remote Control ] [AC-47],499.0,999.0,0.5,3.8,734.0,"Electronics > Home Theater, TV & Video > Accessories > Remote Controls",Remote Controls
B0CFYLQ8B6,https://www.amazon.in/dp/B0CFYLQ8B6?th=1&psc=1&language=en_IN,5 Year Warranty Remote Compatible for Blue Star Split/Window AC Remote 1.5 Ton 1 Ton 2 Ton,,,,3.8,149.0,"Home & Kitchen > Heating, Cooling & Air Quality > Parts & Accessories > Heater Parts & Accessories",Heater Parts & Accessories
B0CJJSH4NS,https://www.amazon.in/dp/B0CJJSH4NS?th=1&psc=1&language=en_IN,"Sounce Earphone Case Cover Compatible for Boult Audio Z40, Soft Silicone Skin Case Cover Shock-Absorbing Protective Case with Keychain [Front LED Visible] (Black)",209.0,499.0,0.58,3.9,3057.0,"Electronics > Headphones, Earbuds & Accessories > Cases",Cases
B0BHSSSVS8,https://www.amazon.in/dp/B0BHSSSVS8?th=1&psc=1&language=en_IN,"Careflection || A8 Mini GPS Tracker Device with Voice Recording, Magnetic Real Time Tracking GPS Tracker for Kids Safety,Bikes, Cars, Elders & Pets",2232.3333333333335,6903.722222222223,0.7000000000000001,2.2,12.0,Electronics > GPS & Accessories > GPS Trackers,GPS Trackers
B095PQKZXK,https://www.amazon.in/dp/B095PQKZXK?th=1&psc=1&language=en_IN,Cute Critters 6 Pairs/12 PCS Controller Joystick Replacement Silicone Luminous Thumb Stick Grips Caps Cover Compatible with PS5 PS4 PS3 Xbox One/360 Game Controller,258.0,999.0,0.74,3.9,813.0,Video Games > PlayStation 4 > Accessories > Thumb Grips,Thumb Grips
B07F8PX4MN,https://www.amazon.in/dp/B07F8PX4MN?th=1&psc=1&language=en_IN,LipiWorld® 175 AC Remote Control (Old Exactly Same Will Only Work) Compatible for VIDEOCON AC Remote,399.0,799.0,0.5,4.5,79.0,"Electronics > Home Theater, TV & Video > Accessories > Remote Controls",Remote Controls
B08YRT9T38,https://www.amazon.in/dp/B08YRT9T38?th=1&psc=1&language=en_IN,"Bang & Olufsen Beosound Explore - Wireless Outdoor Bluetooth Speaker, IP 67 Dustproof and Waterproof, Black Anthracite",20000.0,16798.04651162791,0.4441860465116279,4.4,2746.0,Electronics > Home Audio > Speakers > Bluetooth Speakers,Bluetooth Speakers
B0F3JZBJMB,https://www.amazon.in/dp/B0F3JZBJMB?th=1&psc=1&language=en_IN,"Xzor® Bluetooth Player - Built-in Speaker, Automatic Pairing MP3 Player - Black",799.0,1599.0,0.5,5.0,4.0,Electronics > Portable Media Players > MP3/MP4 Players,MP3/MP4 Players
B0DBHDRFZ8,https://www.amazon.in/dp/B0DBHDRFZ8?th=1&psc=1&language=en_IN,"boAt Rockerz 150 Pro Bluetooth Neckband Earphones w/ 150hrs Playback, Dual EQ Modes, Crystal Bionic Sound by HiFi DSP 5, AI-ENx™ Technology, Dual Pairing,Beast™ Mode,ASAP™ Charge(Black)",999.0,3990.0,0.75,3.5,1160.0,"Electronics > Headphones, Earbuds & Accessories > Headphones > In-Ear",In-Ear
B0C6GRXQ94,https://www.amazon.in/dp/B0C6GRXQ94?th=1&psc=1&language=en_IN,Astigo AC Remote Compatible with Carrier AC Remote Model:RG56CMI-W1 (Please Match The Image with Your Old Remote),495.39864864864865,1239.0067567567567,0.5502027027027028,3.6,55.0,"Electronics > Home Theater, TV & Video > Accessories > Remote Controls",Remote Controls
B0B2DSNBS9,https://www.amazon.in/dp/B0B2DSNBS9?th=1&psc=1&language=en_IN,"Ehop Compatible Remote Control for Whirlpool AC with Turbo, Eco and Around You Buttons VE-210B (Old Remote Should be Same for it to Work)",495.39864864864865,1239.0067567567567,0.5502027027027028,3.8,56.0,"Electronics > Home Theater, TV & Video > Accessories > Remote Controls",Remote Controls
B0CVKQX997,https://www.amazon.in/dp/B0CVKQX997?th=1&psc=1&language=en_IN,"Boult Audio UFO Truly Wireless in Ear Earbuds with 48H Playtime, Built-in App Support, 45ms Low Latency Gaming, 4 Mics ENC, Breathing LEDs, 13mm Bass Drivers Ear Buds TWS, Made in India (Smoky Metal)",2618.412331406551,5360.055396825397,0.5959722222222222,3.9,5538.0,"Electronics > Headphones, Earbuds & Accessories > Headphones > In-Ear",In-Ear
B0DZQ4B21Z,https://www.amazon.in/dp/B0DZQ4B21Z?th=1&psc=1&language=en_IN,"Magneto Pro by Skinly Magnetic 8 in 1 Type-C Docking Station with M.2 NVME Slot for Storage Expansion Upto 2TB - Compatible with iPhone 15/16 Series,MacBooks,iPads,Android and Windows Laptops",3699.0,9999.0,0.63,2.0,2.0,Computers & Accessories > Accessories & Peripherals > USB Hubs,USB Hubs
B0CF2CXR3Y,https://www.amazon.in/dp/B0CF2CXR3Y?th=1&psc=1&language=en_IN,"Portronics Decibel 23 16W Wireless Bluetooth Soundbar with LED Lights, Upto 5Hours Playback Sound, Bass Mode, Built in Mic, USB Port, 3.5mm AUX Port, Bluetooth 5.3v, Type C Charging (Black)",1399.0,2999.0,0.53,3.8,197.0,Electronics > Home Audio > Speakers > Soundbar Speakers,Soundbar Speakers
B0D4GXRFFN,https://www.amazon.in/dp/B0D4GXRFFN?th=1&psc=1&language=en_IN,"(Refurbished) Sony ULT WEAR Headphones WH-ULT900N with Massive Bass,Comfortable,Active Noise Cancellation,Battery 50Hrs(w/o NC) & 30Hrs(NC),10Min Charge=5Hrs, 360 RA, Spotify Tap,Multipoint Connect,Fast Pair-Black",8920.576086956522,12721.32558139535,0.493139534883721,4.5,59.0,"Electronics > Headphones, Earbuds & Accessories > Headphones > Over-Ear",Over-Ear
B0DFBYXXG3,https://www.amazon.in/dp/B0DFBYXXG3?th=1&psc=1&language=en_IN,"Boult Klarity 3 6-Mic Hybrid ANC (Upto 50dB) in Ear Earbuds, Spatial Audio, Dual Device Pairing, 50H Playtime, Wind Noise Reduction 6 Mic Calling, Type-C Fast Charging, 13mm Bass Driver TWS (Silver)",1799.0,5999.0,0.7,3.4,2050.0,"Electronics > Headphones, Earbuds & Accessories > Headphones > In-Ear",In-Ear
B0DP9GBMJ4,https://www.amazon.in/dp/B0DP9GBMJ4?th=1&psc=1&language=en_IN,"JioTag Go Tracker for Android, Millions of Android Phones Worldwide Help Track Your Keys, Luggage, Wallets, Bikes, India's only Google Find My Device Certified Tracker, No SIM Subscription Needed",1499.0,2999.0,0.5,3.6,541.0,Electronics > GPS & Accessories > Item Finders,Item Finders
B0F1DGSZPZ,https://www.amazon.in/dp/B0F1DGSZPZ?th=1&psc=1&language=en_IN,"Jabra Evolve 10, Over The Ear Noise Cancellation Headset",3499.0,5550.0,0.37,4.3,31.0,"Electronics > Headphones, Earbuds & Accessories > Headphones > On-Ear",On-Ear
B0B46QVYYT,https://www.amazon.in/dp/B0B46QVYYT?th=1&psc=1&language=en_IN,AUSHA®Mini GPS Tracker GF-07 New Small Size GF07 GPS Tracker Long Battery GPS Tracking Device Personal Kids Pet Smart (GF-07 GPS),2232.3333333333335,6903.722222222223,0.7000000000000001,2.0,55.0,Electronics > GPS & Accessories > GPS Trackers,GPS Trackers
B0DS9BS9Q8,https://www.amazon.in/dp/B0DS9BS9Q8?th=1&psc=1&language=en_IN,"(Refurbished) amazon basics SB25L 25W Bluetooth Soundbar with 4000 mAh Battery | 2X Bass | Up to 7 hrs of Playback | Blue LED Lights | Bluetooth 5.3, Aux & USB Connectivity (Blue)",18077.130952380954,25923.78947368421,0.5797368421052632,5.0,3122.57,Electronics > Home Audio > Speakers > Soundbar Speakers,Soundbar Speakers
B0BJ79LKVR,https://www.amazon.in/dp/B0BJ79LKVR?th=1&psc=1&language=en_IN,TASLAR Protective Case Grip Anti-Scratch Anti-Drop Cover Accessories Shockproof Bumper Adjustable Stand with 7 Storage Slots Game Cards Compatible with Nintendo Switch OLED (ONLY for Switch OLED),999.0,1299.0,0.23,4.1,53.0,Video Games > Nintendo Switch > Accessories > Cases & Storage,Cases & Storage
B0D9JYNKQ4,https://www.amazon.in/dp/B0D9JYNKQ4?th=1&psc=1&language=en_IN,Sounce Earphone Case Cover for Boat Airdopes 800 TWS Soft Silicone Skin Case Cover Shock Absorbing Protective Case with Keychain [Front LED Visible] - Grey,149.0,499.0,0.7,3.9,1340.0,"Electronics > Headphones, Earbuds & Accessories > Cases",Cases
B07SWMGSSV,https://www.amazon.in/dp/B07SWMGSSV?th=1&psc=1&language=en_IN,"JBL Flip 5 Wireless Portable Bluetooth Speaker, Signature Sound with Powerful Bass Radiator, Vibrant Colors with Rugged Fabric Design, Party Boost, IPX7 Waterproof & Type C (Without Mic, Blue)",7999.0,11999.0,0.33,4.4,38409.0,Electronics > Home Audio > Speakers > Bluetooth Speakers,Bluetooth Speakers
B0CPWPF5J4,https://www.amazon.in/dp/B0CPWPF5J4?th=1&psc=1&language=en_IN,"CMF BY NOTHING Buds Pro With 45 Db Anc, Ultra Bass Technology & Upto 39 Hours Of Battery Life Bluetooth In ear Headset",2499.0,4499.0,0.44,3.8,14.0,"Electronics > Headphones, Earbuds & Accessories > Headphones > In-Ear",In-Ear
B0CCL987Q2,https://www.amazon.in/dp/B0CCL987Q2?th=1&psc=1&language=en_IN,"FINGERS SizeZero Pods2 World's Tiniest TWS Earbuds with 15-Hour Total Playtime, Quick Charge of 10 mins for 2-Hour Playtime, Built-in Mic with SNC™ Technology for Clear Calls (Teal)",1345.0,2499.0,0.46,3.5,186.0,"Electronics > Headphones, Earbuds & Accessories > Headphones > In-Ear",In-Ear
B0C37HLFGL,https://www.amazon.in/dp/B0C37HLFGL?th=1&psc=1&language=en_IN,"Sony LinkBuds S WF-LS900N Noise Cancellation Bluetooth Earbuds, TWS, Hi-Res Audio, Up to 23Hrs Battery-Marble Blue",10990.0,24990.0,0.56,3.8,4787.0,"Electronics > Headphones, Earbuds & Accessories > Headphones > In-Ear",In-Ear
B0CRHVY85H,https://www.amazon.in/dp/B0CRHVY85H?th=1&psc=1&language=en_IN,"XIKKART Mini HDMI To HDMI Cable | 1.5 Meter | HDMI High Speed 4K Cable, (NOT MICRO USB/MICRO HDMI) | Male To Male | Compatible For Monitor, Tablet, Laptop, Television, Projector, Hdtv, Dslr, Camera",295.0,1599.0,0.82,4.3,47.0,"Electronics > Home Theater, TV & Video > Accessories > Cables > HDMI Cables",HDMI Cables
B0CBTTCJL6,https://www.amazon.in/dp/B0CBTTCJL6?th=1&psc=1&language=en_IN,"OnePlus Bullets Wireless Z2 ANC Bluetooth in Ear Earphones with Mic, 45dB Hybrid ANC, Bombastic Bass - 12.4 mm Drivers, 10 Mins Charge - 20 Hrs Music, 28 Hrs Battery (Booming Black)",2618.412331406551,5360.055396825397,0.5959722222222222,4.1,193750.0,"Electronics > Headphones, Earbuds & Accessories > Headphones > In-Ear",In-Ear
B0F13C2M64,https://www.amazon.in/dp/B0F13C2M64?th=1&psc=1&language=en_IN,BNF®VHS C Cassette Adapter Camcorders Store Vcr Player Device Cassette Converter|Consumer Electronics | Portable Audio & Headphones | iPod Audio Player Accessories |1 Cassette Adapter,4288.0,8575.0,0.5,3.95,526.5,Electronics > Home Audio > Receivers & Separates > Cassette Players,Cassette Players
B0DWSQQB5S,https://www.amazon.in/dp/B0DWSQQB5S?th=1&psc=1&language=en_IN,"Ambrane Extension Board, 4 Type C, 2 USB, 5 International Power Sockets, 2500W Output, Long Cable, Wall Mount Option, Supports Laptop Charging for Office, Home Appliances (SmartStrip 2 Pro, Black)",620.0,1265.8333333333333,0.4516666666666667,4.5,77.0,Home Improvement > Electrical > Power Strips,Power Strips
B08HRWJ8SZ,https://www.amazon.in/dp/B08HRWJ8SZ?th=1&psc=1&language=en_IN,"JBL Clip 5, Wireless Ultra Portable Bluetooth Speaker, Pro Sound, 12hrs of Playtime, Integrated Carabiner, Vibrant Colors with Rugged Fabric Design, Dust & Waterproof, Type C (Without Mic, Black)",4499.0,6499.0,0.31,4.4,3782.0,Electronics > Home Audio > Speakers > Bluetooth Speakers,Bluetooth Speakers
B013LIN5W2,https://www.amazon.in/dp/B013LIN5W2?th=1&psc=1&language=en_IN,Polk Audio T50 150 Watt Wired Tower Speaker (Black),8380.3,20435.5,0.586,4.6,10483.0,Electronics > Home Audio > Speakers > Tower Speakers,Tower Speakers
B0CFJS7GNJ,https://www.amazon.in/dp/B0CFJS7GNJ?th=1&psc=1&language=en_IN,SOUND FIRE ST-906 4 CHANNEL TORPEDO SERIES 8800W MAX POWER OUTPUT HIGH POWER MOSFET CLASS AB CAR AMPLIFIER,6288.0,7999.0,0.21,3.4,8.0,Electronics > Car & Vehicle Electronics > Car Electronics > Car Audio > Car Amplifiers > Multichannel Amplifiers,Multichannel Amplifiers
B0C4NRZZMS,https://www.amazon.in/dp/B0C4NRZZMS?th=1&psc=1&language=en_IN,Blaupunkt Newly Launched Atomik BB50 Wireless Bluetooth Party Speaker 50 watts I Premium HD Sound and Monstrous Bass I Karaoke with Mic I TurboVolt Charging I RGB Lights,4349.0,9999.0,0.57,4.0,457.0,Electronics > Home Audio > Speakers > Bluetooth Speakers,Bluetooth Speakers
B09NCDDM7T,https://www.amazon.in/dp/B09NCDDM7T?th=1&psc=1&language=en_IN,"JBL Flip 6 Wireless Portable Bluetooth Speaker Pro Sound, Upto 12 Hours Playtime, IP67 Water & Dustproof, PartyBoost & Personalization App (Without Mic, Squad)",7999.0,13999.0,0.43,4.4,38409.0,Electronics > Home Audio > Speakers > Bluetooth Speakers,Bluetooth Speakers
B0F2N7WLZC,https://www.amazon.in/dp/B0F2N7WLZC?th=1&psc=1&language=en_IN,"Kidsmate Mini Karaoke Machine with Wireless Mic for Kids | Portable Bluetooth, USB Connectivity Speaker with LED Lights & Music | Fun Singing Toy for Girls & Boys 4-12 Years | Set of 1 -Blue",599.0,2099.0,0.71,4.2,28.0,Musical Instruments > Karaoke Equipment > Systems > Portable Systems,Portable Systems
B0DPWNQLLV,https://www.amazon.in/dp/B0DPWNQLLV?th=1&psc=1&language=en_IN,"boAt Airdopes 111v2, Premium Leather Finish, 4Mics ENx, 50HRS Battery, 13mm Drivers, Fast Charge, Dual Pair, v5.4 Bluetooth Earbuds, TWS Ear Buds Wireless Earphones with mic (Ivory White)",1099.0,4990.0,0.78,3.9,9508.0,"Electronics > Headphones, Earbuds & Accessories > Headphones > In-Ear",In-Ear
B0CJ9VPPF2,https://www.amazon.in/dp/B0CJ9VPPF2?th=1&psc=1&language=en_IN,"Intex Speaker 2650, 4.1 Channel Bluetooth Home Theater, 70W Output, USB, AUX, Surround Sound System with Subwoofer, Remote Control, Ideal for TV, PC, Mobile and Gaming - (Black)",2998.0,5499.0,0.45,3.6,2529.0,Electronics > Home Audio > Speakers > Bluetooth Speakers,Bluetooth Speakers
B0BJJ5FJ6H,https://www.amazon.in/dp/B0BJJ5FJ6H?th=1&psc=1&language=en_IN,"Remarkable Essentials Bundle – Gray | Remarkable 2 Paper Tablet | Includes Black and White 10.3”Writing Tablet, Marker Plus Pen with Eraser, Book Folio Cover in Gray Weave",53799.0,6999.0,0.65,4.2,1840.0,"Computers & Accessories > Accessories & Peripherals > Keyboards, Mice & Input Devices > Graphic Tablets",Graphic Tablets
B0DFWL8F5C,https://www.amazon.in/dp/B0DFWL8F5C?th=1&psc=1&language=en_IN,"realme Buds T110 Bluetooth Truly Wireless in Ear Earbuds with mic, AI ENC for Calls, Google Fast Pair, 38 Hours Total Playback with Fast Charging and Low Latency Gaming Mode (Punk Black)",1099.0,2999.0,0.63,4.0,26426.0,"Electronics > Headphones, Earbuds & Accessories > Headphones > In-Ear",In-Ear
B0DP6N4C8N,https://www.amazon.in/dp/B0DP6N4C8N?th=1&psc=1&language=en_IN,"Sounce Silicone Case Cover for Noise Buds N1 Pro, Portable Non-Slip Grip & Scratch-Resistant Protector with Carabiner Clip Full Protection Water Resistant, Shockproof Cover - Black",199.0,499.0,0.6,3.9,1340.0,"Electronics > Headphones, Earbuds & Accessories > Cases",Cases
B0DY7M89RR,https://www.amazon.in/dp/B0DY7M89RR?th=1&psc=1&language=en_IN,"Supreme E-Commerce Voice Control Replacement Remote Compatible for Jio Fiber Set Top Box Remote with Voot, Netflix, YouTube, Hotstar Hotkeys (Please Match Old Before Order),Black",495.39864864864865,1239.0067567567567,0.5502027027027028,4.6,28.0,"Electronics > Home Theater, TV & Video > Accessories > Remote Controls",Remote Controls
B0C29CMM4R,https://www.amazon.in/dp/B0C29CMM4R?th=1&psc=1&language=en_IN,"Sony SRS-XB100 Wireless Bluetooth Portable Lightweight Super-Compact Travel Speaker, Extra-Durable IP67 Waterproof & Dustproof, 16 Hrs Batt, Versatile Strap, Extra Bass & Hands-Free Calling-Blue",3504.0,5990.0,0.42,3.8,3652.0,Electronics > Home Audio > Speakers > Bluetooth Speakers,Bluetooth Speakers
B0C2ZC8SZK,https://www.amazon.in/dp/B0C2ZC8SZK?th=1&psc=1&language=en_IN,"FEDUS 16 Gauge/AWG Speaker Wire Oxygen-Free Copper 2 Conductors Audio Speaker Cable for Car Speakers Stereos, Subwoofer, Home Theater Speakers, HiFi Surround Sound (35 METER, RED+BLACK)",1849.0,1999.0,0.08,4.4,402.0,Car & Vehicle Electronics > Car & Vehicle Electronics Accessories > Audio & Video Accessories > Electronics Installation Equipment > Speaker Wire,Speaker Wire
B089Z7Q9F2,https://www.amazon.in/dp/B089Z7Q9F2?th=1&psc=1&language=en_IN,Wipro 3 way multiplug with built in Surge Protector,119.0,300.0,0.6,4.2,8037.0,Electronics > Power Accessories > Surge Protectors,Surge Protectors
B07D2DWC6B,https://www.amazon.in/dp/B07D2DWC6B?th=1&psc=1&language=en_IN,"Upix AC Remote No. 129 (No Backlight), Compatible/Replacement for Whirlpool 3D Auto AC Remote Control (Exactly Same Remote Will Only Work)",389.0,899.0,0.57,4.0,243.0,"Home & Kitchen > Heating, Cooling & Air Quality > Parts & Accessories",Parts & Accessories
B08KGP1MJW,https://www.amazon.in/dp/B08KGP1MJW?th=1&psc=1&language=en_IN,Gadget Hero's 3D Anaglyph Glasses - Red and Blue Paper Board. (3),199.0,400.0,0.5,2.9,71.0,"Electronics > Home Theater, TV & Video > Accessories > 3D Glasses",3D Glasses
B0D3DK779N,https://www.amazon.in/dp/B0D3DK779N?th=1&psc=1&language=en_IN,"boAt Airdopes 300, Cinematic Spatial Audio, 50HRS Battery, 4Mic AI ENx, Fast Charge, App Support, Low Latency, IPX4, v5.3 Bluetooth TWS in Ear Earbuds Wireless Earphones with mic (Chrome White)",1299.0,6490.0,0.8,4.0,4795.0,"Electronics > Headphones, Earbuds & Accessories > Headphones > In-Ear",In-Ear
B09BW29FJS,https://www.amazon.in/dp/B09BW29FJS?th=1&psc=1&language=en_IN,"SHOKZ OpenMove Bluetooth Wireless Headphones with Mic, Bone Conduction Wireless Headset with 6H Playtime, IP55 Waterproof Sports Headphones for Running, Workout, Cycling (Slate Grey)",9999.0,14999.0,0.33,4.3,19457.0,"Electronics > Headphones, Earbuds & Accessories > Headphones > Open-Ear Headphones",Open-Ear Headphones
B08LNWWKGG,https://www.amazon.in/dp/B08LNWWKGG?th=1&psc=1&language=en_IN,"Hybite Remote Control Compatible for TCL/Iffalcon Smart Hd 4K Led Tv with Netflix Function(Without Google Assist/Voice Function,Exactly Same Remote Will Only Work)",269.0,599.0,0.55,3.4,379.0,"Electronics > Home Theater, TV & Video > Accessories > Remote Controls",Remote Controls
B0F24MLTFG,https://www.amazon.in/dp/B0F24MLTFG?th=1&psc=1&language=en_IN,"FABTEC 12 Inch 400w RMS Woofer with 1600w Peak Power & 4 Layer Copper Coil for Cars, Home Theatre, Bass Audio Systems & DIY Projects (1.5"" Voice Coil | 63x114 MM Magnet | 4 Ohm)(Color May Vary)",1899.0,3499.0,0.46,3.4,17.0,Electronics > Car & Vehicle Electronics > Car Electronics > Car Audio > Car Speakers > Component Subwoofers,Component Subwoofers
B0F5QYCQ94,https://www.amazon.in/dp/B0F5QYCQ94?th=1&psc=1&language=en_IN,"5.1 Digital Home Cinema Receiver, PROCERE, DTS, USB/AUX Inputs, Black",46858.0,92100.0,0.492,5.0,239.6,"Electronics > Home Theater, TV & Video > AV Receivers & Amplifiers",AV Receivers & Amplifiers
B0DXL76777,https://www.amazon.in/dp/B0DXL76777?th=1&psc=1&language=en_IN,"PHILIPS TAT1150BK/94 Premium Wireless Earbuds with ANC, Quad Mic ENC, Up to 55 Hr Playtime,13mm Neodymium Drivers,Multipoint, ergonomically Designed,IPX5 Water Resistance,Fast Charging (Deep Black)",1966.0,3999.0,0.51,4.1,40.0,"Electronics > Headphones, Earbuds & Accessories > Headphones > In-Ear",In-Ear
B0DVL6VKT5,https://www.amazon.in/dp/B0DVL6VKT5?th=1&psc=1&language=en_IN,5 Year Warranty Ac Remote Compatible for Voltas 1.5 Ton Inverter Split Ac Remote,394.0,949.0,0.585,4.1,16.0,"Home & Kitchen > Heating, Cooling & Air Quality > Parts & Accessories",Parts & Accessories
B0CTXGDCSB,https://www.amazon.in/dp/B0CTXGDCSB?th=1&psc=1&language=en_IN,"ZEBRONICS Thunder Pro Wireless Over Ear Headphone with Dual Pairing, Gaming Mode, Enc, Bluetooth, Call Function, Aux, Micro Sd, Voice Assistant, Deep Bass, Up to 60H Backup (Olive Green)",999.0,1899.0,0.47,3.3,473.0,"Electronics > Headphones, Earbuds & Accessories > Headphones > Over-Ear",Over-Ear
B0C2ZC8SZK,https://www.amazon.in/dp/B0C2ZC8SZK?th=1&psc=1&language=en_IN,"FEDUS 16 Gauge/AWG Speaker Wire Oxygen-Free Copper 2 Conductors Audio Speaker Cable for Car Speakers Stereos, Subwoofer, Home Theater Speakers, HiFi Surround Sound (35 METER, RED+BLACK)",1849.0,1999.0,0.08,4.4,402.0,Car & Vehicle Electronics > Car & Vehicle Electronics Accessories > Audio & Video Accessories > Electronics Installation Equipment > Speaker Wire,Speaker Wire
B09RGB47FJ,https://www.amazon.in/dp/B09RGB47FJ?th=1&psc=1&language=en_IN,"JLab Go Air Sport TWS Sports Earbuds - Bluetooth Earphones True Wireless, 32+ Hour Playtime Gym Headphones, Running & Workout in Ear Buds with Ear Hooks, C3 Clear Calling, EQ3 Sound, Graphite",2249.0,5499.0,0.59,3.0,19771.0,"Electronics > Headphones, Earbuds & Accessories > Headphones > In-Ear",In-Ear
B07GQD4K6L,https://www.amazon.in/dp/B07GQD4K6L?th=1&psc=1&language=en_IN,boAt Bassheads 100 in Ear Wired Headphones Earphones with Mic (Furious Red),349.0,999.0,0.65,4.1,419584.0,"Electronics > Headphones, Earbuds & Accessories > Headphones > In-Ear",In-Ear
B0D573NP19,https://www.amazon.in/dp/B0D573NP19?th=1&psc=1&language=en_IN,"ZEBRONICS Duke Plus, Wireless Over Ear Headphone with ANC, ENC, Gaming Mode, Dual Pairing, Rapid Charge, Upto 70* Hours Backup, Bluetooth v5.4, AUX, Comfortable Earcushion, Deep Bass (Black)",1799.0,7999.0,0.78,3.7,15024.0,"Electronics > Headphones, Earbuds & Accessories > Headphones > Over-Ear",Over-Ear
B0DN8WFNDP,https://www.amazon.in/dp/B0DN8WFNDP?th=1&psc=1&language=en_IN,Huawei FreeClip Wireless Earbuds - Open Ear Bluetooth Earphones with Long Lasting Battery & AI Crystal Clear Sound - Lightweight in-Ear Headphones with IP54 Resistance to Dust & Water,18999.0,24999.0,0.24,4.8,144.0,"Electronics > Headphones, Earbuds & Accessories > Headphones > In-Ear",In-Ear
B09HN594TL,https://www.amazon.in/dp/B09HN594TL?th=1&psc=1&language=en_IN,"JLab Go Air Pop True Wireless Ear Buds Small Size - TWS Earbuds, Bluetooth Earphones with 32H Playtime, IPX4 Mini in Ear Headphones, USB Charging Case, Dual Connect, EQ3 Sound, Black",1799.0,3249.0,0.45,3.7,51612.0,"Electronics > Headphones, Earbuds & Accessories > Headphones > In-Ear",In-Ear
B0CTXGDCSB,https://www.amazon.in/dp/B0CTXGDCSB?th=1&psc=1&language=en_IN,"ZEBRONICS Thunder Pro Wireless Over Ear Headphone with Dual Pairing, Gaming Mode, Enc, Bluetooth, Call Function, Aux, Micro Sd, Voice Assistant, Deep Bass, Up to 60H Backup (Olive Green)",999.0,1899.0,0.47,3.3,473.0,"Electronics > Headphones, Earbuds & Accessories > Headphones > Over-Ear",Over-Ear
B08H9Z3XQW,https://www.amazon.in/dp/B08H9Z3XQW?th=1&psc=1&language=en_IN,boAt Bassheads 242 in Ear Wired Earphones with Mic(Blue),499.0,1490.0,0.67,4.1,177173.0,"Electronics > Headphones, Earbuds & Accessories > Headphones > In-Ear",In-Ear
B0DFC6VDFF,https://www.amazon.in/dp/B0DFC6VDFF?th=1&psc=1&language=en_IN,"OBAGE Newly Launched Classic-6 120W 4.1 Home Theatre System with HDMI ARC, Optical in, Bluetooth V5.3, USD,FM, AUX",5699.0,10000.0,0.43,3.9,1036.0,"Electronics > Home Theater, TV & Video > Home Theater Systems",Home Theater Systems
B0DN54MS3Y,https://www.amazon.in/dp/B0DN54MS3Y?th=1&psc=1&language=en_IN,"Tribit StormBox Lava Portable Bluetooth Speaker, 80W Loud Wireless Speaker, 24H Playtime, IP67 Waterproof, Bluetooth 5.4, Custom EQ, XBass, Built-in Mic, TWS Pairing for Camping/Beach/Party/Outdoor",12999.0,19999.0,0.35,4.4,27.0,Electronics > Home Audio > Speakers > Bluetooth Speakers,Bluetooth Speakers
B0F1S5KW11,https://www.amazon.in/dp/B0F1S5KW11?th=1&psc=1&language=en_IN,"MADHYA 1200mAH Ultra Boost High Capacity Rechargeable Hongli Original Power Long-Lasting Cell Batteries for Headlamp, LED, Bluetooth Speaker, Laptops, Power Bank & Torch, Flat Top, 3.7V, Set of 2",169.0,349.0,0.52,3.4,12.0,Electronics > General Purpose Batteries & Battery Chargers > Rechargeable Batteries,Rechargeable Batteries
B0867SX3X9,https://www.amazon.in/dp/B0867SX3X9?th=1&psc=1&language=en_IN,LOHAYA AC Remote Compatible with O General Split/Window AC Remote Control [Double Set-Swing] [ Compatible for O General AC Remote Control ] [AC-47],499.0,999.0,0.5,3.8,734.0,"Electronics > Home Theater, TV & Video > Accessories > Remote Controls",Remote Controls
B07S9QLSW4,https://www.amazon.in/dp/B07S9QLSW4?th=1&psc=1&language=en_IN,"Zebronics ZEB-BT2750RUF Made in India Wireless Bluetooth Multimedia Speaker With Supporting USB, AUX, FM & Remote Control. (60 Watt, 4.1 Channel)",2485.0,3399.0,0.27,3.2,404.0,Electronics > Home Audio > Speakers > Bluetooth Speakers,Bluetooth Speakers
B096BJ1H47,https://www.amazon.in/dp/B096BJ1H47?th=1&psc=1&language=en_IN,Infinity by Harman Tranz 300 Wireless in-Ear Dual EQ Deep Bass IPX5 Sweatproof Headphones with Mic (Red),1399.0,2499.0,0.44,2.6,13.0,"Electronics > Headphones, Earbuds & Accessories > Headphones > In-Ear",In-Ear
B07DFW3MDD,https://www.amazon.in/dp/B07DFW3MDD?th=1&psc=1&language=en_IN,"JBL C200SI, Premium in Ear Wired Earphones with Mic, Signature Sound, One Button Multi-Function Remote, Premium Metallic Finish, Angled Earbuds for Comfort fit (Gray)",799.0,1499.0,0.47,4.0,36800.0,"Electronics > Headphones, Earbuds & Accessories > Headphones > In-Ear",In-Ear
B0CTXGDCSB,https://www.amazon.in/dp/B0CTXGDCSB?th=1&psc=1&language=en_IN,"ZEBRONICS Thunder Pro Wireless Over Ear Headphone with Dual Pairing, Gaming Mode, Enc, Bluetooth, Call Function, Aux, Micro Sd, Voice Assistant, Deep Bass, Up to 60H Backup (Olive Green)",999.0,1899.0,0.47,3.3,473.0,"Electronics > Headphones, Earbuds & Accessories > Headphones > Over-Ear",Over-Ear
B0BDZWGXJ7,https://www.amazon.in/dp/B0BDZWGXJ7?th=1&psc=1&language=en_IN,"Denon AVR-X2800H, 7.2ch, WiFi, Blutooth, 8K, 3D Audio, Dolby Atmos and DTS:X AV Receiver with HEOS® Built-in (Black)",73900.0,144900.0,0.49,4.4,297.0,"Electronics > Home Theater, TV & Video > AV Receivers & Amplifiers",AV Receivers & Amplifiers
B0F6MZPXSZ,https://www.amazon.in/dp/B0F6MZPXSZ?th=1&psc=1&language=en_IN,"Wired On Ear Headphone with 3.5mm Jack, Built-in Microphone for Calling, 1.5 Meter Cable, Soft Ear Cushion, Adjustable Headband, Foldable Ear Cups and Lightweight Design (Black)",1833.0,3799.0,0.46799999999999997,1.0,3010.5,Electronics > Telephones & Accessories > Accessories > Headsets,Headsets
B0CVXCKGF3,https://www.amazon.in/dp/B0CVXCKGF3?th=1&psc=1&language=en_IN,"ng EarSafe Pro Bone Conduction Headphones (2024, Black) | Open-Ear Design with 8GB MP3 Memory | IP68 Waterproof | Wireless Bluetooth V5.2 | for Swimming & Sports (Black)",4898.0,4999.0,0.02,3.6,216.0,"Electronics > Headphones, Earbuds & Accessories > Headphones > Open-Ear Headphones",Open-Ear Headphones
B0DGV46CN1,https://www.amazon.in/dp/B0DGV46CN1?th=1&psc=1&language=en_IN,"Noise Newly Launched Airwave Max 5 Wireless Over-Ear Headphones with Adaptive Hybrid ANC (up to 50dB), HFA Tech, 80H Playtime, Dual Pairing(Calm White)",4999.0,5999.0,0.17,4.0,140.0,"Electronics > Headphones, Earbuds & Accessories > Headphones > Over-Ear",Over-Ear
B0DCNR9GTC,https://www.amazon.in/dp/B0DCNR9GTC?th=1&psc=1&language=en_IN,"Boult Audio Z20 Pro Truly Wireless Bluetooth Ear buds with 60 Hours Playtime, 4 Mics Clear Calling, Made in India, 45ms Low Latency, Rich Bass Drivers, IPX5, TWS earbuds bluetooth wireless (Jet Black)",1099.0,5999.0,0.82,4.0,4482.0,"Electronics > Headphones, Earbuds & Accessories > Headphones > In-Ear",In-Ear
B01KQ7DXJ6,https://www.amazon.in/dp/B01KQ7DXJ6?th=1&psc=1&language=en_IN,JBL 8124 6W Wired In-Wall Speaker - White,13999.0,17999.0,0.22,3.9,72.0,Electronics > Home Audio > Speakers > Ceiling & In Wall Speakers,Ceiling & In Wall Speakers
B0DPCMN3BW,https://www.amazon.in/dp/B0DPCMN3BW?th=1&psc=1&language=en_IN,"Maxelon Replacement Laptop Battery for Dell J1KND Dell inspiron 13r/14r/15r/17r N5010, N5110, N5050, N5040, N4010, N4110 Series",1289.0,2499.0,0.48,4.6,3.0,Computers & Accessories > Accessories & Peripherals > Laptop Accessories > Laptop Batteries,Laptop Batteries
B0CKRM834P,https://www.amazon.in/dp/B0CKRM834P?th=1&psc=1&language=en_IN,"LG-Magic-Remote with Pointer and Voice Function Replacement for LG UHD, OLED, QNED & NanoCell 4K and 8K Smart TV (MR22GN, Black)",2649.0,2999.0,0.12,3.2,4.0,"Electronics > Home Theater, TV & Video > Accessories > Remote Controls",Remote Controls
B0CJC9PZXQ,https://www.amazon.in/dp/B0CJC9PZXQ?th=1&psc=1&language=en_IN,ONLY1 ON17 MPEG4 HD Set Top Box | DVB-S Setup Box | High-Difinition FTA TV Box Accessories (Life Time Free Channel)- (Require Wi-fi Dongle for Watch YouTube) Black,949.0,1800.0,0.47,3.1,19.0,"Electronics > Home Theater, TV & Video > Satellite Equipment > Satellite Receivers",Satellite Receivers
B0DCNNBHFK,https://www.amazon.in/dp/B0DCNNBHFK?th=1&psc=1&language=en_IN,Mi Tv Remote Control Original with Voice Control l Bluetooth Smart Remote for Mi Tv,699.0,1999.0,0.65,4.2,374.0,"Electronics > Home Theater, TV & Video > Accessories > Remote Controls",Remote Controls
B0F73ZWWN5,https://www.amazon.in/dp/B0F73ZWWN5?th=1&psc=1&language=en_IN,"SIGNATIZE Bluetooth Earphone in Ear Wireless Neckband, with Mic,Up to 65 Hours Playtime, Magnetic Earbuds, Lightweight v5.3 Bluetooth Headset for Running, Gyming & Travelling (Red)",2618.412331406551,5360.055396825397,0.5959722222222222,3.6,5.0,"Electronics > Headphones, Earbuds & Accessories > Headphones > In-Ear",In-Ear
B07T2CZCMR,https://www.amazon.in/dp/B07T2CZCMR?th=1&psc=1&language=en_IN,boAt Bassheads 225 Wired in Ear Earphone with Mic(Molten Orange),2618.412331406551,5360.055396825397,0.5959722222222222,4.1,22293.0,"Electronics > Headphones, Earbuds & Accessories > Headphones > In-Ear",In-Ear
B0DBHDRFZ8,https://www.amazon.in/dp/B0DBHDRFZ8?th=1&psc=1&language=en_IN,"boAt Rockerz 150 Pro Bluetooth Neckband Earphones w/ 150hrs Playback, Dual EQ Modes, Crystal Bionic Sound by HiFi DSP 5, AI-ENx™ Technology, Dual Pairing,Beast™ Mode,ASAP™ Charge(Black)",999.0,3990.0,0.75,3.5,1160.0,"Electronics > Headphones, Earbuds & Accessories > Headphones > In-Ear",In-Ear
B0CHBH63YX,https://www.amazon.in/dp/B0CHBH63YX?th=1&psc=1&language=en_IN,Intel Core I5-14600KF New Gaming Desktop Processor Lga 1700 14 Cores (6 P-Cores + 8 E-Cores) - Unlocked,21249.0,41100.0,0.48,4.6,369.0,Computers & Accessories > Components > Processors,Processors
B0CZRS9NCP,https://www.amazon.in/dp/B0CZRS9NCP?th=1&psc=1&language=en_IN,"PHILIPS Audio TAH4209PK Bluetooth Headphone with Lightweight and Foldable Design, 32mm Neodynamic Drivers, 55H Playtime, USB Type-C Fast Charging, Built-in Mic for Smartphones, Laptop (Pink)",2999.0,4999.0,0.4,4.1,296.0,"Electronics > Headphones, Earbuds & Accessories > Headphones > Over-Ear",Over-Ear
B0CK8DVJDN,https://www.amazon.in/dp/B0CK8DVJDN?th=1&psc=1&language=en_IN,Smars Key Chain Voice Recorder with 32GB Inbuilt Memory Hd 4k Voice Activated Recording Device Hidden & Triple Noise Reduction | Small Audio Recording Device,2599.0,8999.0,0.71,3.0,6.0,Office Products > Office Electronics > Voice Recorders & Accessories > Digital Voice Recorders,Digital Voice Recorders
B08Q89DN6V,https://www.amazon.in/dp/B08Q89DN6V?th=1&psc=1&language=en_IN,"soundcore by Anker Life Q30 Hybrid Active Noise Cancelling Bluetooth Headphones with Multiple Modes, Hi-Res Sound, Custom Eq Via App, 40H Playtime, Comfortable Fit, Multipoint Connection - Over Ear",7999.0,15998.0,0.5,4.6,8257.0,"Electronics > Headphones, Earbuds & Accessories > Headphones",Headphones
B0BHWH473H,https://www.amazon.in/dp/B0BHWH473H?th=1&psc=1&language=en_IN,"Gracioso Portable Cassette Player Recorder Converter,Cassette to MP3 via SD Card, Walkman Cassette Tape Player with 1000mah Rechargeable Battery,Built-in Microphone&Speaker,Headphone Jack,16GB SD Card",6499.0,10718.0,0.39,4.2,1331.0,Electronics > Home Audio > Receivers & Separates > Cassette Players,Cassette Players
B0CFF3ZC6Q,https://www.amazon.in/dp/B0CFF3ZC6Q?th=1&psc=1&language=en_IN,"ZEBRONICS JUKE BAR 8700 PRO 200W Dolby Soundbar with Wireless Subwoofer, Supports Bluetooth, HDMI (ARC), AUX, Dolby Audio, LED Display, Wall Mountable, Virtual 5.1 and Dual Driver",6499.0,35998.0,0.82,3.6,212.0,Electronics > Home Audio > Speakers > Soundbar Speakers,Soundbar Speakers
B0BRTSSKSV,https://www.amazon.in/dp/B0BRTSSKSV?th=1&psc=1&language=en_IN,M19 Wireless Earbuds TWS 5.1 Large Screen Dual LED Digital Display Touch Bluetooth Headphones Mini Compact Portable Sports Waterproof Stereo In Ear Earphones,398.0,499.0,0.2,2.8,507.0,"Electronics > Headphones, Earbuds & Accessories > Headphones > In-Ear",In-Ear
B0DDPBHFLD,https://www.amazon.in/dp/B0DDPBHFLD?th=1&psc=1&language=en_IN,"ZEBRONICS Juke BAR 9850 7.2.2 (5.2.4) Channel Soundbar, 725 Watts, Dolby Atmos, HDMI eARC, Optical, Dual Wireless (Subwoofer + Satellites), Wireless UHF Microphone, RGB LED, Powerful Bass",23999.0,74999.0,0.68,4.0,10443.0,Electronics > Home Audio > Speakers > Soundbar Speakers,Soundbar Speakers
B0CDQ42RT9,https://www.amazon.in/dp/B0CDQ42RT9?th=1&psc=1&language=en_IN,"Daemon Kids Headphones, Cat Ear Kids Bluetooth Headphones, Led Light Up Over Ear Kids Wireless Headphones With Hd Stereo Sound 105Db Volume Limited, Foldable Over-Ear Headphone For Pc/Pad (Pink)",1424.0,3999.0,0.64,3.9,48.0,"Electronics > Headphones, Earbuds & Accessories > Headphones > Over-Ear",Over-Ear
B09SQWQ4TC,https://www.amazon.in/dp/B09SQWQ4TC?th=1&psc=1&language=en_IN,"Sony HT-S400 2.1ch soundbar with Powerful Wireless subwoofer, S-Force PRO Front Surround Sound and Dolby Digital (330W, Wireless Connectivity, Bluetooth)",19990.0,26990.0,0.26,4.6,1960.0,Electronics > Home Audio > Speakers > Soundbar Speakers,Soundbar Speakers
B0CD7KS6R8,https://www.amazon.in/dp/B0CD7KS6R8?th=1&psc=1&language=en_IN,"PULWTOP Wireless Hdmi Transmitter and Receiver 1080p No WiFi No Wires Plug & Play Portable Hdmi Wireless Transmitter and Receiver for Home Theater, Office Meeting, Lecture, Education",4199.0,9999.0,0.58,4.7,25.0,Electronics > Home Audio > Media Streaming Devices > Streaming Clients,Streaming Clients
B0D1YNTWDY,https://www.amazon.in/dp/B0D1YNTWDY?th=1&psc=1&language=en_IN,"Street27® Ear Pads Replacement Compatible with JBL Infinity Glide 500 & 700 Over-Ear Headphones, Protein Leather, Soft Memory Foam Earpads Cushions - Black",298.0,849.0,0.65,4.2,354.0,"Electronics > Headphones, Earbuds & Accessories > Earpads",Earpads
B0D6WB7BV6,https://www.amazon.in/dp/B0D6WB7BV6?th=1&psc=1&language=en_IN,"Bose New SoundLink Flex Portable Bluetooth Speaker (2nd Gen), Portable Outdoor Speaker with Hi-Fi Audio, Up to 12 Hours Battery Life, Waterproof and Dustproof, Blue Dusk",14999.0,16900.0,0.11,4.6,3382.0,Electronics > Home Audio > Speakers > Bluetooth Speakers,Bluetooth Speakers
B0F2HN7CZM,https://www.amazon.in/dp/B0F2HN7CZM?th=1&psc=1&language=en_IN,"5 Years Warranty AC Remote Compatible for IFB AC Remote with Backlight 1Ton/1.5Ton/2Ton 2Star/3Star/4Star/5Star Split/Inverter/Non-Inverter Both, Black (Your Old Remote Must be Exact Same)",495.39864864864865,1239.0067567567567,0.5502027027027028,3.0,2.0,"Electronics > Home Theater, TV & Video > Accessories > Remote Controls",Remote Controls
B0CKJC83YG,https://www.amazon.in/dp/B0CKJC83YG?th=1&psc=1&language=en_IN,"boAt Rockerz 110/Rockerz 109 Wireless Neckband with Up to 60 hrs Playtime, Dual Device Pairing, ENx Tech, Beast Mode, ASAP Charging, BTv5.3,IPX5,Type-C Interface & Magnetic Power Buds(Fern Green)",999.0,2490.0,0.6,3.5,667.0,"Electronics > Headphones, Earbuds & Accessories > Headphones > In-Ear",In-Ear
B092MS1SCW,https://www.amazon.in/dp/B092MS1SCW?th=1&psc=1&language=en_IN,"Concept Kart KZ ZSN Pro X Monitor In Ear Earphones Armature Earbuds Wired Headphones Dual Driver 1DD 1BA Deep Bass Stereo Sound Ergonomic IEM Earphones & Leatherette Case (ZSN Pro X with Mic, Golden)",2137.0,3999.0,0.47,4.1,935.0,"Electronics > Headphones, Earbuds & Accessories > Headphones > In-Ear",In-Ear
B0DH7XTK7R,https://www.amazon.in/dp/B0DH7XTK7R?th=1&psc=1&language=en_IN,"Amazon Basics OTG Card Reader and Hub with Type-C, USB & Micro USB Ports | Portable Memory Card Reader Supports USB Drives, TF, SD, Micro SD, SDHC, SDXC, MMC (Grey)",469.0,1299.0,0.64,4.0,164.0,Computers & Accessories > External Devices & Data Storage > External Memory Card Readers,External Memory Card Readers
B09MQ8HT1G,https://www.amazon.in/dp/B09MQ8HT1G?th=1&psc=1&language=en_IN,"Cardo Systems Spirit Motorcycle Bluetooth Communication Headset - Black, Dual Pack",21099.0,5874.25,0.56375,4.4,546.0,Electronics > Car & Vehicle Electronics > Car & Vehicle Electronics Accessories > Audio & Video Accessories > Motorcycle Bluetooth Headsets,Motorcycle Bluetooth Headsets
B08FMSFXKN,https://www.amazon.in/dp/B08FMSFXKN?th=1&psc=1&language=en_IN,"SONY MHC-V43D High Power Party Speaker with Bluetooth connectivity (Mic/Guitar, Jet Bass Booster, Gesture Control, USB, HDMI,CD/DVD) - Black",35990.0,37990.0,0.05,4.3,224.0,Electronics > Home Audio > Speakers > Bluetooth Speakers,Bluetooth Speakers
B0BN44HPF9,https://www.amazon.in/dp/B0BN44HPF9?th=1&psc=1&language=en_IN,Electronic Spices 2 inch 4Ω (ohm) 5W metal body power audio woofer speaker (Round shape),149.0,199.0,0.25,3.0,12.0,Electronics > Car & Vehicle Electronics > Car Electronics > Car Audio > Car Speakers > Component Subwoofers,Component Subwoofers
B0DM1LKZ68,https://www.amazon.in/dp/B0DM1LKZ68?th=1&psc=1&language=en_IN,"Boult Newly Launched X625 5.1ch Dolby Digital 625W Bluetooth Soundbar with Down-Firing Subwoofer Surround Sound Home Theatre, Dedicated DSP, USB/HDMI/AUX & Optical Fiber Connectivity Speaker for TV",13999.0,39999.0,0.65,3.9,254.0,Electronics > Home Audio > Speakers > Soundbar Speakers,Soundbar Speakers
B0CC9RR41T,https://www.amazon.in/dp/B0CC9RR41T?th=1&psc=1&language=en_IN,"GOVO GoSurround 220 16W Bluetooth Sound bar, 2000 mAh Battery, 2.0 Channel with 52mm Drivers, Multicolor LED Lights with TWS, AUX, Bluetooth and USB (Platinum Black)",799.0,4299.0,0.81,3.6,2345.0,Electronics > Home Audio > Speakers > Soundbar Speakers,Soundbar Speakers
B0CY1S314G,https://www.amazon.in/dp/B0CY1S314G?th=1&psc=1&language=en_IN,"Lenovo Tab M11| 8 GB RAM, 128 GB ROM| 11 Inch, 90 Hz, 72% NTSC, 400 Nits FHD Display| Wi-Fi Only| Micro SD Support Upto 1 TB| Quad Speakers with Dolby Atmos|Octa-Core Processor| 13 MP Rear Camera",14999.0,31000.0,0.52,4.1,434.0,Computers & Accessories > Tablets,Tablets
B0DHSC4PT5,https://www.amazon.in/dp/B0DHSC4PT5?th=1&psc=1&language=en_IN,Sounce LG TV Silicone Remote Cover Compatible with LG TV Remote LG AN-MR21GA (2021) LG MR22GA (2022) LG MR23GA (2023) Magic Remote Case with Loop (Black),249.0,1499.0,0.83,4.6,210.0,"Electronics > Home Theater, TV & Video > Accessories > Remote Controls",Remote Controls
B0CHP9JXW1,https://www.amazon.in/dp/B0CHP9JXW1?th=1&psc=1&language=en_IN,"Nu Republic Epic X3 with Upto 48 hrs Playtime, X-Bass® Technology, ENC Mic, Type-C Fast Charging True Wireless Earphone (Turquoise Green)",779.0,3499.0,0.78,4.0,158.0,"Electronics > Headphones, Earbuds & Accessories > Headphones > In-Ear",In-Ear
B0F2HJ754T,https://www.amazon.in/dp/B0F2HJ754T?th=1&psc=1&language=en_IN,"In Ear Wireless Earbuds with LED Display Case, Digital Battery Indicator, Clear",294.0,699.0,0.58,2.8,9.0,"Electronics > Headphones, Earbuds & Accessories > Headphones > In-Ear",In-Ear
B0CVGYY9DM,https://www.amazon.in/dp/B0CVGYY9DM?th=1&psc=1&language=en_IN,"ZEBRONICS Thunder PRO Over Ear Wireless Headphone with Dual Pairing, Gaming Mode, ENC, Bluetooth, Call Function, Aux, Micro SD, Voice Assistant, Deep Bass, Up to 60h Backup (Beige)",999.0,1899.0,0.47,3.3,180.0,"Electronics > Headphones, Earbuds & Accessories > Headphones > Over-Ear",Over-Ear
B0D8W92797,https://www.amazon.in/dp/B0D8W92797?th=1&psc=1&language=en_IN,Kobo Libra Colour | eReader | 7” Glare-Free Color E Ink Kaleido™ 3 Display | Dark Mode Option | Audiobooks | Waterproof | White - New 2024 Latest Model,7999.0,11995.0,0.33,5.0,4.0,Electronics > eBook Readers & Accessories,eBook Readers & Accessories
B0F919ZDNX,https://www.amazon.in/dp/B0F919ZDNX?th=1&psc=1&language=en_IN,ALERHA Videocon d2h Remote Original Old Model Set Top Box | Compatible for HD Box (Non Voice | Not RF) (Exactly Same Product Will Work Only) (Videocon d2h Old),299.0,1999.0,0.85,4.5,43.0,"Electronics > Home Theater, TV & Video > Accessories > Remote Controls",Remote Controls
B0B6465WX6,https://www.amazon.in/dp/B0B6465WX6?th=1&psc=1&language=en_IN,"JBL Cinema SB241, Dolby Digital Soundbar with Wired Subwoofer for Extra Deep Bass, 2.1 Channel Home Theatre with Remote, HDMI ARC, Bluetooth & Optical Connectivity (110W)",6999.0,14999.0,0.53,3.8,3759.0,Electronics > Home Audio > Speakers > Soundbar Speakers,Soundbar Speakers
B0BC27MM5Z,https://www.amazon.in/dp/B0BC27MM5Z?th=1&psc=1&language=en_IN,Marshall Acton III Wired Connectivity Stereo Home Speakers with Bluetooth 5.2 & RCA or 3.5mm Input – Black,27999.0,31999.0,0.13,4.5,1094.0,Electronics > Home Audio > Speakers > Bluetooth Speakers,Bluetooth Speakers
B0D1CSN1QR,https://www.amazon.in/dp/B0D1CSN1QR?th=1&psc=1&language=en_IN,"Bose New SoundLink Max Portable Speaker, Large Waterproof Bluetooth Speaker, Up to 20 Hours of Battery Life, USB-C, Built-in 3.5mm AUX Input, Black",36999.0,41900.0,0.12,4.5,561.0,Electronics > Home Audio > Speakers > Bluetooth Speakers,Bluetooth Speakers
B0BBGJPX7X,https://www.amazon.in/dp/B0BBGJPX7X?th=1&psc=1&language=en_IN,"Boult Audio Maverick with 35H Playtime, 45ms Xtreme Low Latency Mode, Quad Mic ENC, Type C Fast Charging (10Mins=120Mins), 10mm Drivers, BT 5.3, IPX5 Airbass True Wireless in Ear Earbuds (Black)",799.0,4499.0,0.82,3.8,10976.0,"Electronics > Headphones, Earbuds & Accessories > Headphones > In-Ear",In-Ear
B0CTCX6CHW,https://www.amazon.in/dp/B0CTCX6CHW?th=1&psc=1&language=en_IN,"Boult Audio K40 True Wireless in Ear Earbuds with 48H Playtime, Clear Calling 4 Mics, 45ms Low Latency Gaming, Premium Grip, 13mm Bass Drivers, Type-C Fast Charging, BTv 5.3 Ear Buds TWS (Ivory White)",1099.0,2999.0,0.63,3.9,7081.0,"Electronics > Headphones, Earbuds & Accessories > Headphones > In-Ear",In-Ear
B071SGMQ7V,https://www.amazon.in/dp/B071SGMQ7V?th=1&psc=1&language=en_IN,"BONAOK Karaoke Microphone,3-in-1 Portable Bluetooth Handheld Karaoke Mic Speaker Machine Christmas Birthday Home Party for Android/iPhone/PC/Smartphone Karaoke Portable Systems (Q37 Rose Gold)",1614.0,2850.0,0.43,4.3,73560.0,Musical Instruments > Microphones > Wireless,Wireless
B0CY1Z6WGN,https://www.amazon.in/dp/B0CY1Z6WGN?th=1&psc=1&language=en_IN,"Noise 3 Wireless On-Ear Headphones with 70H Playtime, 40mm Driver, Low Latency(up to 45ms),Dual Pairing, BT v5.3 (Midnight Blue)",1699.0,5499.0,0.69,3.9,1965.0,"Electronics > Headphones, Earbuds & Accessories > Headphones > On-Ear",On-Ear
B09TVV1TXL,https://www.amazon.in/dp/B09TVV1TXL?th=1&psc=1&language=en_IN,"OnePlus Bullets Bluetooth Wireless in Ear Z2 Earphones with Mic, Bombastic Bass, 12.4 mm Drivers, 10 Mins Charge, 20 Hrs Music, 30 Hrs Battery Life, IP55 Dust & Water Resistant (Beam Blue)",1349.0,2299.0,0.41,4.1,193750.0,"Electronics > Headphones, Earbuds & Accessories > Headphones > In-Ear",In-Ear
B0C38YKH8P,https://www.amazon.in/dp/B0C38YKH8P?th=1&psc=1&language=en_IN,Oboe Silicone TV Remote Cover Case Compatible with TCL Tv Remote RC802NU1 / IFFALCON Smart LED TV Remote Protective Cover with Lanyard (Red) [Remote NOT Included],474.0,1499.0,0.68,4.5,400.0,"Electronics > Home Theater, TV & Video > Accessories > Remote Controls",Remote Controls
B0BR5F7VDD,https://www.amazon.in/dp/B0BR5F7VDD?th=1&psc=1&language=en_IN,"Enakshi (LABEL) Enakshi Qi Wireless Charging Charger Receiver Adaptor for LeTV Huawei Type-C |Cell Phones & Accessories|Cell Phone Accessories|Chargers & Cradles,Black,Pack of 1",741.0,1174.0,0.37,3.2,6.0,Electronics > Mobiles & Accessories > Mobile Accessories > Chargers > Induction Chargers,Induction Chargers
B0BN431V8K,https://www.amazon.in/dp/B0BN431V8K?th=1&psc=1&language=en_IN,Electronic Spices 10 inch 4Ω to 8Ω (ohm) 80W to 120W Heavy duty heavy power audio woofer speaker,967.0,1499.0,0.35,3.7,15.0,Electronics > Home Audio > Speakers > Multimedia Speaker Systems,Multimedia Speaker Systems
B0DZ25HYZL,https://www.amazon.in/dp/B0DZ25HYZL?th=1&psc=1&language=en_IN,"OBAGE Essential -6 4.1 Home Theatre System 100 Watt with HDMI ARC, Digital Bass Treble Control,Bluetooth 5.3v, USB,FM and AUX",4494.0,10000.0,0.55,4.0,1771.0,"Electronics > Home Theater, TV & Video > Home Theater Systems",Home Theater Systems
B0DQQ3RBYH,https://www.amazon.in/dp/B0DQQ3RBYH?th=1&psc=1&language=en_IN,"boAt Stone 750 Bluetooth Speaker with 12W Signature Sound, RGB LEDs, Up to 12 hrs Playback, TWS Mode, Bluetooth v5.3, AUX Port, TF Card, Built-in Mic, Voice Assistant & IPX5 (Raging Black)",1899.0,5990.0,0.68,3.4,35.0,Electronics > Home Audio > Speakers > Bluetooth Speakers,Bluetooth Speakers
B0CP3KTBW3,https://www.amazon.in/dp/B0CP3KTBW3?th=1&psc=1&language=en_IN,boAt Airdopes 138 in Ear Earbuds(Midnight Blue),949.0,2990.0,0.68,3.0,2.0,"Electronics > Headphones, Earbuds & Accessories > Headphones > In-Ear",In-Ear
B0DGTHBYTL,https://www.amazon.in/dp/B0DGTHBYTL?th=1&psc=1&language=en_IN,"CARSHADE 5inch Multimedia Audio Speaker for Car, Home, Home Theater, Auto, Taxi, Tractor, DVD, Amplifier woofer Speaker Set of 2pcs",,,,2.9,3.0,Electronics > Car & Vehicle Electronics > Car Electronics > Car Audio > Car Speakers,Car Speakers
B0D3V57V5M,https://www.amazon.in/dp/B0D3V57V5M?th=1&psc=1&language=en_IN,amazon basics TWS in-Ear Earbuds (P50) with Fast Charging up to 50 Hours of Playtime | Dual 10mm Driver | IPX4 Water-Resistance | Bluetooth 5.3 | Quad Mic with ENC | Touch Control (White),579.0,2499.0,0.77,3.6,2001.0,"Electronics > Headphones, Earbuds & Accessories > Headphones > In-Ear",In-Ear
B07GQD4K6L,https://www.amazon.in/dp/B07GQD4K6L?th=1&psc=1&language=en_IN,boAt Bassheads 100 in Ear Wired Headphones Earphones with Mic (Furious Red),349.0,999.0,0.65,4.1,419584.0,"Electronics > Headphones, Earbuds & Accessories > Headphones > In-Ear",In-Ear
B07SL5CQRG,https://www.amazon.in/dp/B07SL5CQRG?th=1&psc=1&language=en_IN,Brain Freezer Silicone Cover/Case for Fire TV 4K/Fire TV/Compatible with All 2nd Gen Alexa Voice Remote Control Black (Remote Not Included),210.0,390.0,0.46,4.3,4327.0,"Electronics > Home Theater, TV & Video > Accessories > Remote Controls",Remote Controls
B0DWZGQ21M,https://www.amazon.in/dp/B0DWZGQ21M?th=1&psc=1&language=en_IN,"DULCET DC-ASW10X 10-Inch Active Underseat Car Subwoofer with 800W Peak Power & Ultra-Slim Design with Cast Aluminum Housing, Low-Level Input & Remote Control",7890.0,18990.0,0.58,4.1,6.0,Electronics > Car & Vehicle Electronics > Car Electronics > Car Audio > Car Speakers > Component Subwoofers,Component Subwoofers
B0CL3D46R4,https://www.amazon.in/dp/B0CL3D46R4?th=1&psc=1&language=en_IN,"NanoMakers Stand for Xbox Controller (White, Pack of 1)",399.0,699.0,0.43,4.4,24.0,"Video Games > Xbox One > Accessories > Mounts, Brackets & Stands","Mounts, Brackets & Stands"
B07M7X57HQ,https://www.amazon.in/dp/B07M7X57HQ?th=1&psc=1&language=en_IN,"Takara T-7106 a Karaoke Speaker 6.5 Inch Portable Multimedia Bluetooth, with Recording, USB, PA System with 2 Wireless Mic, FM.",5490.0,7900.0,0.31,3.8,319.0,Musical Instruments > PA & Stage > PA Systems,PA Systems
B0DP9W3QQR,https://www.amazon.in/dp/B0DP9W3QQR?th=1&psc=1&language=en_IN,"Noise Tag 1: Global Item Tracker Compatible with Android Google Find My Device & Apple Find My Network, 90dB Ring Volume, 30M Outdoor Range,1 Year Battery,Tracking for Keys, Wallets & More (Ivory)",1499.0,2999.0,0.5,3.8,47.0,Electronics > GPS & Accessories > Item Finders,Item Finders
B0DWZGQ21M,https://www.amazon.in/dp/B0DWZGQ21M?th=1&psc=1&language=en_IN,"DULCET DC-ASW10X 10-Inch Active Underseat Car Subwoofer with 800W Peak Power & Ultra-Slim Design with Cast Aluminum Housing, Low-Level Input & Remote Control",7890.0,18990.0,0.58,4.1,6.0,Electronics > Car & Vehicle Electronics > Car Electronics > Car Audio > Car Speakers > Component Subwoofers,Component Subwoofers
B0D3LBFX1W,https://www.amazon.in/dp/B0D3LBFX1W?th=1&psc=1&language=en_IN,"boAt Airdopes 300, Cinematic Spatial Audio, 50H Battery, 4Mic AI ENx, Fast Charge, App Support, Low Latency, IPX4, v5.3 Bluetooth Earbuds, TWS in Ear Earbuds Wireless Earphones with mic (Purple Haze)",1299.0,6490.0,0.8,4.0,4795.0,"Electronics > Headphones, Earbuds & Accessories > Headphones > In-Ear",In-Ear
B0F6CLNRZ3,https://www.amazon.in/dp/B0F6CLNRZ3?th=1&psc=1&language=en_IN,Azoth Wooden Mac mini M4 Stand Compact Wood Riser for Office Desk or Table Setup,499.0,1299.0,0.62,5.0,150.5,Computers & Accessories > Accessories & Peripherals > Laptop Accessories > Notebook Computer Stands,Notebook Computer Stands
B0060AU5MW,https://www.amazon.in/dp/B0060AU5MW?th=1&psc=1&language=en_IN,BlueRigger High Speed Micro HDMI to HDMI cable (NOT Micro-USB) with Ethernet (6 feet / 1.8 Meters),705.0,1399.0,0.5,4.3,12152.0,"Electronics > Home Theater, TV & Video > Accessories > Cables > HDMI Cables",HDMI Cables
B0F9LDRRGW,https://www.amazon.in/dp/B0F9LDRRGW?th=1&psc=1&language=en_IN,Buds 2 Wired in Ear Earphones with Mic (Black) NEO,2618.412331406551,5360.055396825397,0.5959722222222222,3.7452631578947373,29798.275310834815,"Electronics > Headphones, Earbuds & Accessories > Headphones > In-Ear",In-Ear
B075Z25PQK,https://www.amazon.in/dp/B075Z25PQK?th=1&psc=1&language=en_IN,Sony MDR-EX14AP Wired in Ear Headphone with Mic (Black),599.0,1299.0,0.54,3.7,1661.0,"Electronics > Headphones, Earbuds & Accessories > Headphones > In-Ear",In-Ear
B092ZNV85H,https://www.amazon.in/dp/B092ZNV85H?th=1&psc=1&language=en_IN,"elago Silicone Case Compatible with AirPods 3 Case Cover - Karabiner Included, Supports Wireless Charging, Shock Resistant, Easily Cleaned, Full Protection (Sand Pink)",899.0,999.0,0.1,4.3,6377.0,"Electronics > Headphones, Earbuds & Accessories > Cases",Cases
B0CHVWYZV8,https://www.amazon.in/dp/B0CHVWYZV8?th=1&psc=1&language=en_IN,"Boult Audio Z40 Pro with 100H Playtime, Quad Mic ENC, 45ms Low Latency Gaming, Premium Rubber Grip Case, 13mm Bass Drivers, Made in India TWS Bluetooth 5.3 Truly Wireless in Ear Earbuds (Lavender)",1299.0,5499.0,0.76,3.8,34615.0,"Electronics > Headphones, Earbuds & Accessories > Headphones > In-Ear",In-Ear
B0DLKPDP8Z,https://www.amazon.in/dp/B0DLKPDP8Z?th=1&psc=1&language=en_IN,EDYELL Bluetooth Dual Earphone for Helmet | Wireless On Ear V5.4 | HD Calling and HiFi Music | IP67 Waterproof Headset | Compatible With All Helmets-C5S,1697.0,5999.0,0.72,4.3,155.0,Electronics > Car & Vehicle Electronics > Car & Vehicle Electronics Accessories > Audio & Video Accessories > Motorcycle Bluetooth Headsets,Motorcycle Bluetooth Headsets
B0DBHTDJ44,https://www.amazon.in/dp/B0DBHTDJ44?th=1&psc=1&language=en_IN,"JBL Partybox 320, Portable Bluetooth 240W Party Speaker, AI Sound Boost, Futuristic Light Show, Multispeaker Connection by Auracast, Telescopic Handle & Wheels, Dual Guitar & Mic Inputs (White)",39999.0,54999.0,0.27,4.6,896.0,Electronics > Home Audio > Speakers > Bluetooth Speakers,Bluetooth Speakers
B0DF33BTQ5,https://www.amazon.in/dp/B0DF33BTQ5?th=1&psc=1&language=en_IN,"Portronics Vlogmate 2 Dual Wireless Microphone with Type C & 8 Pin Receiver, Noise Cancellation Lapel Mic with Charging Case, Wireless Mic for Video Recording,Live Streaming,for Android/iPhone(Black)",1999.0,2999.0,0.33,3.9,44.0,Musical Instruments > Microphones > Wireless,Wireless
B0DX6BRW2Z,https://www.amazon.in/dp/B0DX6BRW2Z?th=1&psc=1&language=en_IN,"(Refurbished) HP H150 Wireless Earbuds, Compatible with Tablets, Smartphones, PCs, and Other Devices with Bluetooth,Noise-Reduction,Water Resistant Design,Black,0.036kg",2618.412331406551,5360.055396825397,0.5959722222222222,4.2,3.0,"Electronics > Headphones, Earbuds & Accessories > Headphones > In-Ear",In-Ear
B09BW29FJS,https://www.amazon.in/dp/B09BW29FJS?th=1&psc=1&language=en_IN,"SHOKZ OpenMove Bluetooth Wireless Headphones with Mic, Bone Conduction Wireless Headset with 6H Playtime, IP55 Waterproof Sports Headphones for Running, Workout, Cycling (Slate Grey)",9999.0,14999.0,0.33,4.3,19457.0,"Electronics > Headphones, Earbuds & Accessories > Headphones > Open-Ear Headphones",Open-Ear Headphones
B00I08RT3U,https://www.amazon.in/dp/B00I08RT3U?th=1&psc=1&language=en_IN,JBL Professional Jbl Lsr310S 10-Inch Powered Studio Subwoofer Monitor,28999.0,37434.0,0.23,4.2,699.0,Musical Instruments > PA & Stage > Speakers > Monitors,Monitors
B0BVMPS87N,https://www.amazon.in/dp/B0BVMPS87N?th=1&psc=1&language=en_IN,"Amkette Pocket Mate Digital FM Radio with Bluetooth Speaker - Type C Charging, Antenna, Multiple Playback 8 Hours Playtime, and Number Pad (Headphone Jack, SD Card, USB Input) (Blue)",1049.0,1899.0,0.45,4.0,1597.0,Electronics > Portable Media Players > Radios > AM/FM Radios,AM/FM Radios
B0D3R1JQ7D,https://www.amazon.in/dp/B0D3R1JQ7D?th=1&psc=1&language=en_IN,"W20 Truly Wireless in Ear Earbuds with 40H Playtime, Zen™ ENC Mic, 45ms Low Latency, 13mm Bass Drivers, Type-C Fast Charging, Made in India, BTv 5.3, Touch Control, IPX5 Ear Buds TWS (Glacier Blue)",1099.0,2499.0,0.56,3.9,9226.0,"Electronics > Headphones, Earbuds & Accessories > Headphones > In-Ear",In-Ear
B0D1YNTWDY,https://www.amazon.in/dp/B0D1YNTWDY?th=1&psc=1&language=en_IN,"Street27® Ear Pads Replacement Compatible with JBL Infinity Glide 500 & 700 Over-Ear Headphones, Protein Leather, Soft Memory Foam Earpads Cushions - Black",298.0,849.0,0.65,4.2,354.0,"Electronics > Headphones, Earbuds & Accessories > Earpads",Earpads
B0B15G7NHX,https://www.amazon.in/dp/B0B15G7NHX?th=1&psc=1&language=en_IN,"(Refurbished) Panasonic SC-HT460GW-K 100 W Bluetooth Home Theatre (Black, 4.1 Channel)",10164.8125,20215.5625,0.450625,3.2,30.0,"Electronics > Home Theater, TV & Video > Home Theater Systems",Home Theater Systems
B0D1V1SB12,https://www.amazon.in/dp/B0D1V1SB12?th=1&psc=1&language=en_IN,"Mesen 10 Pack Magnetic Cord Organizer, Under Desk Cable Management, Cable Clips, Hide Phone Charging Cable Keeper, Strong Adhesive Wire Charger Holder for Nightstand,Home,Office,Car,Kitchen Appliances",199.0,699.0,0.72,4.7,6.0,Home Improvement > Electrical > Cord Management > Cable Straps,Cable Straps
B0CHJV11VC,https://www.amazon.in/dp/B0CHJV11VC?th=1&psc=1&language=en_IN,ZOTAC Gaming GeForce RTX 3050 ECO 8GB GDDR6 Graphics Card | 128-bit 14 Gbps Upto 1777 MHz GPU | 3 DP 1 HDMI PCI Express 4.0 8X Interface | 5 Years (3 + 2 Years Extended Warranty),20949.0,35520.0,0.41,4.2,39.0,Computers & Accessories > Components > Graphics Cards,Graphics Cards
B0D73BQB27,https://www.amazon.in/dp/B0D73BQB27?th=1&psc=1&language=en_IN,"boAt Airdopes 191 ANC, 32dB ANC, Ambient Mode, 60HRS Battery, 4Mics ENx, in-Ear Detection, IWP Tech, Fast Charge, v5.3 Bluetooth Earbuds, TWS Ear Buds Wireless Earphones with mic (Pellucid Blue)",1699.0,6990.0,0.76,3.2,279.0,"Electronics > Headphones, Earbuds & Accessories > Headphones > In-Ear",In-Ear
B0DZCT3FB3,https://www.amazon.in/dp/B0DZCT3FB3?th=1&psc=1&language=en_IN,"Techadro TA-H1 HUD OBD2 GPS Smart Gauge Speedometer – High-Resolution, No Delay Head-Up Display, 10 Interfaces, RPM, Fuel, Turbo, Temp Monitoring for All Cars",3324.0,5999.0,0.45,4.5,16.0,Car & Motorbike > Car Parts > Instruments > Speedometers,Speedometers
B09814LTYW,https://www.amazon.in/dp/B09814LTYW?th=1&psc=1&language=en_IN,"7SEVEN Compatible with TCL Smart TV Remote Original RC802V Model with Google Assistant, Netflix & Voice Command Compatible for 50P8 65P8 50T8 55T8 65T8 55C8 55P8S 43P8B 43P8E (P81) 43S6500FS 49S6500FS",777.0,1999.0,0.61,3.2,181.0,"Electronics > Home Theater, TV & Video > Accessories > Remote Controls",Remote Controls
B0BVBPFC9P,https://www.amazon.in/dp/B0BVBPFC9P?th=1&psc=1&language=en_IN,"MOMAX Universal 100W Fast GaN International Power Adapter, 2PD USB-C+2QC USB-A, US, UK, EU, AU Worldwide for Laptops, Tablets, Phones, Vision Pro",10203.0,16695.0,0.39,4.3,188.0,Electronics > Power Accessories > International Power Adapters,International Power Adapters
B09YRYCWF8,https://www.amazon.in/dp/B09YRYCWF8?th=1&psc=1&language=en_IN,"Boat Airdopes 121 PRO Truly Wireless in Ear Ear Buds w/Quad Mic ENx, Low Latency Mode for Gaming, 50H Playtime, IWP, IPX4, Battery Indicator Screen(Active Black)",799.0,2990.0,0.73,3.7,23228.0,"Electronics > Headphones, Earbuds & Accessories > Headphones > In-Ear",In-Ear
B0C411BWXD,https://www.amazon.in/dp/B0C411BWXD?th=1&psc=1&language=en_IN,"boAt Airdopes Joy, 35Hrs Battery, Fast Charge, IWP Tech, Low Latency, 2Mic ENx, Type-C Port, v5.3 Bluetooth Earbuds, TWS Ear Buds Wireless Earphones with mic(Dark Cyan)",799.0,3490.0,0.77,3.8,1274.0,"Electronics > Headphones, Earbuds & Accessories > Headphones > In-Ear",In-Ear
B0DGQQ43T7,https://www.amazon.in/dp/B0DGQQ43T7?th=1&psc=1&language=en_IN,BEEBIRD 2024 Upgraded 4K Ultra HD MXQ Box with H3 Quad Core Processor | 2GB RAM 16GB Storage | Dual Band WiFi | 4K HDR | Smart Android 11.0 |,2289.0,4499.0,0.49,3.3,12.0,Electronics > Home Audio > Media Streaming Devices > Streaming Clients,Streaming Clients
B0D573NP19,https://www.amazon.in/dp/B0D573NP19?th=1&psc=1&language=en_IN,"ZEBRONICS Duke Plus, Wireless Over Ear Headphone with ANC, ENC, Gaming Mode, Dual Pairing, Rapid Charge, Upto 70* Hours Backup, Bluetooth v5.4, AUX, Comfortable Earcushion, Deep Bass (Black)",1799.0,7999.0,0.78,3.7,15024.0,"Electronics > Headphones, Earbuds & Accessories > Headphones > Over-Ear",Over-Ear
B07W14CHV8,https://www.amazon.in/dp/B07W14CHV8?th=1&psc=1&language=en_IN,"CARECASE® Universal 9.5mm SATA to SATA 2nd SSD HDD Hard Drive Caddy Adapter Tray Enclosures Compatible with DELL, HP, Lenovo ThinkPad, ACER Gateway, ASUS, Sony, Samsung, MSI, Laptop (for SSD and HDD)",225.0,298.0,0.24,4.1,9035.0,Computers & Accessories > Accessories & Peripherals > Hard Drive Accessories > Caddies,Caddies
B0CL9TGD85,https://www.amazon.in/dp/B0CL9TGD85?th=1&psc=1&language=en_IN,"TANGEM Wallet Pack of 3 - Secure Crypto Wallet - Trusted Cold Storage for Bitcoin, Ethereum, NFT's & More Coins - 100% Offline Hardware Wallet",6743.0,8720.0,0.23,4.4,1160.0,Computers & Accessories > External Devices & Data Storage > Pen Drives,Pen Drives
B0F6ZWRLDG,https://www.amazon.in/dp/B0F6ZWRLDG?th=1&psc=1&language=en_IN,EasingUp in-Ear Wired Headset | Deep Bass Sound | Hands-Free Calling | Compatible with 3.5mm Android Phones,499.0,999.0,0.5,3.8,4.0,"Electronics > Headphones, Earbuds & Accessories > Headphones > In-Ear",In-Ear
B0D5LQ8LSN,https://www.amazon.in/dp/B0D5LQ8LSN?th=1&psc=1&language=en_IN,"Ambrane Type C Wired in Ear Earphones with in-Line Mic for Clear Calling,1.2M Cable,10Mm Dynamic Drivers for Boostedbass,Control Buttons for iPhone 15,Samsung&Type C Devices(Stringz 38C,Green)",349.0,699.0,0.5,3.4,774.0,"Electronics > Headphones, Earbuds & Accessories > Headphones > In-Ear",In-Ear
B09RH4GCDY,https://www.amazon.in/dp/B09RH4GCDY?th=1&psc=1&language=en_IN,"Portronics Power Plate 6 with 4 USB Port + 5 Power Sockets Extension Board, 2500W Power Converter, Cord Length 3Mtr (Black)",769.0,1499.0,0.49,4.2,28208.0,Electronics > Power Accessories > Extension Cords,Extension Cords
B07GQD4K6L,https://www.amazon.in/dp/B07GQD4K6L?th=1&psc=1&language=en_IN,boAt Bassheads 100 in Ear Wired Headphones Earphones with Mic (Furious Red),349.0,999.0,0.65,4.1,419584.0,"Electronics > Headphones, Earbuds & Accessories > Headphones > In-Ear",In-Ear
B0C3V5X3QT,https://www.amazon.in/dp/B0C3V5X3QT?th=1&psc=1&language=en_IN,"JBL Tune 520BT Wireless Headphones with Mic, Upto 57H Battery, Speed Charge : 5 min Charge Gives up to 3H of Playback, Multipoint Connect, Customizable Bass with Headphones App, BT 5.3 (Black)",3799.0,4999.0,0.24,4.0,21608.0,"Electronics > Headphones, Earbuds & Accessories > Headphones > On-Ear",On-Ear
B0DMT42WXV,https://www.amazon.in/dp/B0DMT42WXV?th=1&psc=1&language=en_IN,"Mivi Fort H120 Soundbar, [Just Launched]- 120W Home Theatre Sound Bar, 2.1 Channel, 2 in-Build Speakers and 1 External Subwoofer, Multiple EQ & Input Modes, Made in India Sound bar for TV",3299.0,19999.0,0.84,4.0,612.0,Electronics > Home Audio > Speakers > Soundbar Speakers,Soundbar Speakers
B0D2ND5R6V,https://www.amazon.in/dp/B0D2ND5R6V?th=1&psc=1&language=en_IN,"Nothing Ear (a) 2024 | ChatGPT Compatible | Hi-Res Audio | Find My Earbuds | Water Resistance IP54 Buds | IPX2 Case | In-Ear Detection | Up to 45 dB ANC | LDAC Bluetooth Headset (Black, True Wireless)",7999.0,9999.0,0.2,3.7452631578947373,29798.275310834815,"Electronics > Headphones, Earbuds & Accessories > Headphones > In-Ear",In-Ear
B0BXB36TGS,https://www.amazon.in/dp/B0BXB36TGS?th=1&psc=1&language=en_IN,"KACA Silicone Soft Case Cover with Keychain for Airpods Pro 2 Case (2023/2022), AirPods Pro 2nd Generation Cover (Wine)",77.0,599.0,0.87,3.6,2129.0,"Electronics > Headphones, Earbuds & Accessories > Cases",Cases
B07JQKQ91F,https://www.amazon.in/dp/B07JQKQ91F?th=1&psc=1&language=en_IN,"JBL C50HI, Wired in Ear Headphones with Mic, One Button Multi-Function Remote, Lightweight & Comfortable fit (Black)",499.0,699.0,0.29,3.9,65919.0,"Electronics > Headphones, Earbuds & Accessories > Headphones > In-Ear",In-Ear
B08QTVL6C5,https://www.amazon.in/dp/B08QTVL6C5?th=1&psc=1&language=en_IN,"JBL Tune 510BT, On Ear Wireless Headphones with Mic, up to 40 Hours Playtime, Pure Bass, Quick Charging, Dual Pairing, Bluetooth 5.0 & Voice Assistant Support for Mobile Phones (Blue)",2299.0,4499.0,0.49,4.0,2221.0,"Electronics > Headphones, Earbuds & Accessories > Headphones > On-Ear",On-Ear
B08YYQ3WFG,https://www.amazon.in/dp/B08YYQ3WFG?th=1&psc=1&language=en_IN,boAt Bassheads 105 Wired in Ear Earphones with Mic (Black),399.0,999.0,0.6,4.0,38402.0,"Electronics > Headphones, Earbuds & Accessories > Headphones > In-Ear",In-Ear
B0CNXW42H8,https://www.amazon.in/dp/B0CNXW42H8?th=1&psc=1&language=en_IN,"Portronics Dash 4 50W Wireless Bluetooth Party Speaker with Karaoke Mic, Upto 6 Hours Playtime, HD Sound, Bass Boost Technology, EQ Modes, 360° RGB Lights, BT 5.3v, AUX in, Type C Charging(Black)",11266.564285714287,16798.04651162791,0.4441860465116279,4.3,406.0,Electronics > Home Audio > Speakers > Bluetooth Speakers,Bluetooth Speakers
B00MFNJN8K,https://www.amazon.in/dp/B00MFNJN8K?th=1&psc=1&language=en_IN,"Philips Portable Radio RL191/94 with MW/FM Bands, 180mW RMS Sound Output, Telescopic Antenna, Battery & DC Powered (2xR20/3V DC), Compact & Portable Design (Black)",1049.0,1299.0,0.19,3.5,4430.0,Electronics > Home Audio > Radios & Boomboxes > Kitchen Radios,Kitchen Radios
B0F13DK2HL,https://www.amazon.in/dp/B0F13DK2HL?th=1&psc=1&language=en_IN,"Kopper Hi-Power Amplifier 999, Bluetooth, USB/SD Card, Digital FM with Bass/Treble Controls",399.0,900.0,0.56,,,"Musical Instruments > Guitars, Basses & Gear > Guitar, Bass Amplifiers & Preamps > Electric Guitar Amplifiers & Preamps > Power Amps",Power Amps
B07G1FB7DQ,https://www.amazon.in/dp/B07G1FB7DQ?th=1&psc=1&language=en_IN,"Sony HT-S700RF Real 5.1ch Dolby Audio Soundbar for TV with Tall boy Rear Speakers & Subwoofer, 5.1ch Home Theatre System (1000W, Bluetooth & USB Connectivity,HDMI & Optical Connectitvity)",18077.130952380954,25923.78947368421,0.5797368421052632,4.7,277.0,Electronics > Home Audio > Speakers > Soundbar Speakers,Soundbar Speakers
B0F8NPFRCW,https://www.amazon.in/dp/B0F8NPFRCW?th=1&psc=1&language=en_IN,ERROR: Page Not Found/Error,12041.263157894737,15646.588823529411,0.17823529411764708,4.163636363636364,2320.7619047619046,,nan
B0D1CSN1QR,https://www.amazon.in/dp/B0D1CSN1QR?th=1&psc=1&language=en_IN,"Bose New SoundLink Max Portable Speaker, Large Waterproof Bluetooth Speaker, Up to 20 Hours of Battery Life, USB-C, Built-in 3.5mm AUX Input, Black",36999.0,41900.0,0.12,4.5,561.0,Electronics > Home Audio > Speakers > Bluetooth Speakers,Bluetooth Speakers
B0DG9VSBLS,https://www.amazon.in/dp/B0DG9VSBLS?th=1&psc=1&language=en_IN,reMarkable Paper Pro Bundle Mosaic Weave Includes 11.8'' Paper Tablet Marker Plus Pen with Eraser and A Book Folio Cover Basalt,72999.0,6999.0,0.65,4.2,639.0,"Computers & Accessories > Accessories & Peripherals > Keyboards, Mice & Input Devices > Graphic Tablets",Graphic Tablets
B0CV7K5395,https://www.amazon.in/dp/B0CV7K5395?th=1&psc=1&language=en_IN,"soundcore Life Note 3i Noise Cancelling in ear Earbuds, Patented Hybrid Multi-Mode ANC, TWS with 40H Playtime, 6 Mics for Clear Calls, Low Latency, IPX5 Waterproof, 22 Preset Eqs via App - Black",2618.412331406551,5360.055396825397,0.5959722222222222,3.8,112.0,"Electronics > Headphones, Earbuds & Accessories > Headphones > In-Ear",In-Ear
B0DCNNBHFK,https://www.amazon.in/dp/B0DCNNBHFK?th=1&psc=1&language=en_IN,Mi Tv Remote Control Original with Voice Control l Bluetooth Smart Remote for Mi Tv,699.0,1999.0,0.65,4.2,374.0,"Electronics > Home Theater, TV & Video > Accessories > Remote Controls",Remote Controls
B0DK8RJ4ZP,https://www.amazon.in/dp/B0DK8RJ4ZP?th=1&psc=1&language=en_IN,"AUDIOCULAR M71 MP3 Music Player with Bluetooth 5.3, HiFi Speaker, 2.4” Touch Screen, 32GB Storage (Up to 128GB), Dual Audio Jack, Type-C Port, Video Playback, E-Book, Alarm, FM Radio etc. (32GB-Grey)",3039.0,3899.0,0.22,3.2,60.0,Electronics > Portable Media Players > MP3/MP4 Players,MP3/MP4 Players
B0CHVWYZV8,https://www.amazon.in/dp/B0CHVWYZV8?th=1&psc=1&language=en_IN,"Boult Audio Z40 Pro with 100H Playtime, Quad Mic ENC, 45ms Low Latency Gaming, Premium Rubber Grip Case, 13mm Bass Drivers, Made in India TWS Bluetooth 5.3 Truly Wireless in Ear Earbuds (Lavender)",1299.0,5499.0,0.76,3.8,34616.0,"Electronics > Headphones, Earbuds & Accessories > Headphones > In-Ear",In-Ear
B0DJ33F2JQ,https://www.amazon.in/dp/B0DJ33F2JQ?th=1&psc=1&language=en_IN,"Portronics Trifusion 16W HD Sound Bluetooth Speaker with 15W Wireless Charging, 360°RGB LED Lights, Digital Clock with Alarm Setting, Built-in White Noise, USB/SD Card/AUX in, Type C Charging(Black)",1649.0,2999.0,0.45,3.4,110.0,Electronics > Mobiles & Accessories > Mobile Accessories > Chargers > Induction Chargers,Induction Chargers
B0BSN7GP9F,https://www.amazon.in/dp/B0BSN7GP9F?th=1&psc=1&language=en_IN,Set top Box Remote Control for Free Dish D2h //DVB -K- Pure Plastic ABS Body- Silicon Rubber Pad- Carbon Printed Circuit Board- High Range LED Sensor- Easy to Operate,249.0,495.0,0.5,4.0,2095.7256097560976,"Electronics > Home Theater, TV & Video > Accessories > Remote Controls",Remote Controls
B0DCNNBHFK,https://www.amazon.in/dp/B0DCNNBHFK?th=1&psc=1&language=en_IN,Mi Tv Remote Control Original with Voice Control l Bluetooth Smart Remote for Mi Tv,699.0,1999.0,0.65,4.2,374.0,"Electronics > Home Theater, TV & Video > Accessories > Remote Controls",Remote Controls
B0F1DGSZPZ,https://www.amazon.in/dp/B0F1DGSZPZ?th=1&psc=1&language=en_IN,"Jabra Evolve 10, Over The Ear Noise Cancellation Headset",3499.0,5550.0,0.37,4.3,31.0,"Electronics > Headphones, Earbuds & Accessories > Headphones > On-Ear",On-Ear
B0DRYV6MMP,https://www.amazon.in/dp/B0DRYV6MMP?th=1&psc=1&language=en_IN,"CrossBeats Hawk Gaming TWS in-Ear Buds - New Launch 100hr Playtime, Bluetooth 5.4, 10ms Low Latency, 360° Spatial Audio, RGB Lights, 6 AI ENC Mics, Dual EQ Modes, Type-C Dongle - Perfect for Gaming",2995.0,7999.0,0.63,3.8,219.0,"Electronics > Headphones, Earbuds & Accessories > Headphones > In-Ear",In-Ear
B0D7JRM738,https://www.amazon.in/dp/B0D7JRM738?th=1&psc=1&language=en_IN,"Leaf Buds X121 True Wireless in Ear Earbuds Ai Sound App, 30H Playtime, Quad Mic with Enc, 50Ms Low Latency, Fast Charging(10Min=200Min), 10Mm Driver, Ipx5, Bluetooth V5.4 TWS (Pure White)",899.0,2499.0,0.64,4.2,177.0,"Electronics > Headphones, Earbuds & Accessories > Headphones > In-Ear",In-Ear
B0CXTFP755,https://www.amazon.in/dp/B0CXTFP755?th=1&psc=1&language=en_IN,"GOVO GoSurround 925 | 200W Sound bar, 2.1 Channel Home Theatre, 6.5"" subwoofer, HDMI, Opt, AUX, USB & Bluetooth, 3 Equalizer Modes, Stylish Remote & LED Display (Black)",5499.0,17999.0,0.69,4.1,2928.0,Electronics > Home Audio > Speakers > Soundbar Speakers,Soundbar Speakers
B09R24HMNW,https://www.amazon.in/dp/B09R24HMNW?th=1&psc=1&language=en_IN,"ZEBRONICS Zeb-Bro in Ear Wired Earphones with Mic, 3.5mm Audio Jack, 10mm Drivers, Phone/Tablet Compatible(Blue)",139.0,399.0,0.65,3.4,59645.0,"Electronics > Headphones, Earbuds & Accessories > Headphones > In-Ear",In-Ear
B0F4NDZ2VC,https://www.amazon.in/dp/B0F4NDZ2VC?th=1&psc=1&language=en_IN,"Bouncefit Bluetooth Wireless Neckband, 40 Hours Continuous Playback Battery, Fast Charge, IPX7, Dual Pairing, Low Latency, Active Noise Cancellation, Magnetic Earbuds with Mic Earphones (Black)",499.0,2999.0,0.83,4.3,110.0,"Electronics > Headphones, Earbuds & Accessories > Headphones > In-Ear",In-Ear
B0DDXTV6PK,https://www.amazon.in/dp/B0DDXTV6PK?th=1&psc=1&language=en_IN,"Orei UltraHigh-Speed 4K HDMI Cable 1.5 Meter (4.94ft) - HDMI Cable 4K@60Hz, HDR10, ARC, 3D - Durable PVC – Compatible With TVs, Sound Bar, Laptop, Projector & More (1 Pack)",399.0,679.0,0.41,4.3,1990.0,"Electronics > Home Theater, TV & Video > Accessories > Cables > HDMI Cables",HDMI Cables
B0D3DZ1SPM,https://www.amazon.in/dp/B0D3DZ1SPM?th=1&psc=1&language=en_IN,Sony BRAVIA 2 Series 108 cm (43 inches) 4K Ultra HD Smart LED Google TV K-43S20B (Black),38890.0,59900.0,0.35,4.7,3681.0,"Electronics > Home Theater, TV & Video > Televisions > Smart Televisions",Smart Televisions
B07GQD4K6L,https://www.amazon.in/dp/B07GQD4K6L?th=1&psc=1&language=en_IN,boAt Bassheads 100 in Ear Wired Headphones Earphones with Mic (Furious Red),349.0,999.0,0.65,4.1,419584.0,"Electronics > Headphones, Earbuds & Accessories > Headphones > In-Ear",In-Ear
B0BLSJZC94,https://www.amazon.in/dp/B0BLSJZC94?th=1&psc=1&language=en_IN,Pioneer DJ DDJ-FLX4 2-deck Rekordbox and Serato DJ Controller - Black,28999.0,36000.0,0.19,4.5,2036.0,Musical Instruments > DJ & VJ Equipment > DJ Controllers,DJ Controllers
B0D3JFVGFV,https://www.amazon.in/dp/B0D3JFVGFV?th=1&psc=1&language=en_IN,Beats Solo Buds — Wireless Bluetooth Earbuds | 18 Hours of Battery Life | Apple & Android Compatibility | Built-in Microphone - Matt Black,6199.0,6900.0,0.1,4.1,914.0,,nan
B08CHPGTSF,https://www.amazon.in/dp/B08CHPGTSF?th=1&psc=1&language=en_IN,"ZEBRONICS Zeb-200HM Wired On Ear Headphone with Mic, Dual 3.5mm Connectors, Adjustable Headband for PC Computers/Laptop (Black)",449.0,699.0,0.36,3.1,3438.0,Computers & Accessories > Accessories & Peripherals > Audio & Video Accessories > PC Headsets,PC Headsets
B0DMNHYM33,https://www.amazon.in/dp/B0DMNHYM33?th=1&psc=1&language=en_IN,"Mivi Fort H30 Portable Bluetooth Speakers Soundbar – [Newly launched] 30W Bluetooth Soundbar for Campus Life, 2.0 Channel, Sleek Design, 6 Hours Playtime, Multi-connectivity, Made in India",1699.0,5999.0,0.72,4.0,612.0,Electronics > Home Audio > Speakers > Soundbar Speakers,Soundbar Speakers
B0CQXMXJC5,https://www.amazon.in/dp/B0CQXMXJC5?th=1&psc=1&language=en_IN,"soundcore by Anker Q20i Hybrid Active Noise Cancelling Headphones, Wireless Over-Ear Bluetooth, 40H Long ANC Playtime, Hi-Res Audio, Big Bass, Customize via an App, Transparency Mode (White)",4498.0,9598.0,0.53,4.3,29942.0,"Electronics > Headphones, Earbuds & Accessories > Headphones > Over-Ear",Over-Ear
B0D5R2L3GB,https://www.amazon.in/dp/B0D5R2L3GB?th=1&psc=1&language=en_IN,"Truke Newly Launched Buds Liberty Open Ear Wireless Earbuds with 360Spatial™ Audio Experience, 16mm Beryllium Speaker, 60H Playtime, Quad Mic for Crystal-Clear Calls, Fast Charging, BT5.4 (Slate Blue)",1499.0,6999.0,0.79,3.7,881.0,"Electronics > Headphones, Earbuds & Accessories > Headphones > Open-Ear Headphones",Open-Ear Headphones
B0CXL5KTBD,https://www.amazon.in/dp/B0CXL5KTBD?th=1&psc=1&language=en_IN,"SONY ULT Field 1 with Massive Bass,12hrs Playtime,Hands Free Calling (with MIC),IP67(Waterproof,Dustproof,Rustproof),Sound Connect App,Wireless Bluetooth Speaker-Gray",9989.0,16990.0,0.41,4.4,1280.0,Electronics > Home Audio > Speakers > Bluetooth Speakers,Bluetooth Speakers
B0BCZMWX1M,https://www.amazon.in/dp/B0BCZMWX1M?th=1&psc=1&language=en_IN,"Sony SRS-XE300 X-Series Wireless Portable-Bluetooth-Speaker, IP67 Waterproof, Dustproof and Shockproof with 24 Hour Battery Life - Grey",11266.564285714287,16798.04651162791,0.4441860465116279,4.0,16.0,Electronics > Home Audio > Speakers > Bluetooth Speakers,Bluetooth Speakers
B0C6KS742H,https://www.amazon.in/dp/B0C6KS742H?th=1&psc=1&language=en_IN,Technoview Digital Voice Recorder with 32 GB Micro SD Card Included Professional Audio Recorder MP 3 Player TF Card Dictaphone Record Microphone Sound Recording Device,1999.0,6999.0,0.71,3.6,154.0,Office Products > Office Electronics > Voice Recorders & Accessories > Digital Voice Recorders,Digital Voice Recorders
B0F84DMMZJ,https://www.amazon.in/dp/B0F84DMMZJ?th=1&psc=1&language=en_IN,"TECH XPERT Original CMF Buds 2 Wireless HeadphonesFully Compatible with All Smartphones, Including Nothing Devices 55 Hours Battery Life, 11mm PMI Driver, 6 HD Microphones and Space Audio",2618.412331406551,5360.055396825397,0.5959722222222222,1.0,29798.275310834815,"Electronics > Headphones, Earbuds & Accessories > Headphones > In-Ear",In-Ear
B0CZLLZ98Z,https://www.amazon.in/dp/B0CZLLZ98Z?th=1&psc=1&language=en_IN,Mantra MFS 110 L1 Biometric Single Fingerprint Scanner | Aadhaar Authentication Device | Latest Updated RD Service | High Securety and Fast scanning | Reliable and Durable,5415.0,6999.0,0.23,3.7,6665.0,Home Improvement > Safety & Security > Home Security Systems > Biometrics,Biometrics
B0D386QNQZ,https://www.amazon.in/dp/B0D386QNQZ?th=1&psc=1&language=en_IN,"pTron Boom Play X2 In Ear Type C Wired Headphones With Mic, IEM Ear-Hook Design, 13Mm Drivers For Immersive Audio, 1.2M Fish Scale Style Tangle-Free Cable, In-Line Controls & Wide Compatibility(Black)",399.0,1499.0,0.73,3.6,637.0,"Electronics > Headphones, Earbuds & Accessories > Headphones > In-Ear",In-Ear
B0DV5HX4JZ,https://www.amazon.in/dp/B0DV5HX4JZ?th=1&psc=1&language=en_IN,"boAt Rockerz 650 Pro (2025 Launch), Touch/Swipe Controls, Dolby Audio, 80Hrs Battery, 2Mics ENx, Fast Charge, App Support, Dual Pair, Bluetooth Headphones, Wireless Headphone with Mic (Starry Night)",2799.0,8990.0,0.69,4.0,379.0,"Electronics > Headphones, Earbuds & Accessories > Headphones > Over-Ear",Over-Ear
B0F2FF44NN,https://www.amazon.in/dp/B0F2FF44NN?th=1&psc=1&language=en_IN,"Boult Newly Launched Flex On Ear Bluetooth Headphones with 80H Playtime, 40mm Bass Drivers, Zen™ ENC Mic, Type-C Fast Charging, Bluetooth 5.4, AUX Option, 60ms Low Latency, IPX5 (Jet Black)",1499.0,5499.0,0.73,4.2,145.0,"Electronics > Headphones, Earbuds & Accessories > Headphones > On-Ear",On-Ear
B0CYQ7N11K,https://www.amazon.in/dp/B0CYQ7N11K?th=1&psc=1&language=en_IN,"Robustt Computer PC Monitor LED TV Desk Mount Stand with Articulating Center Arm Joint | for 15"" to 33"" Screens Full Motion Mount | Height Adjustable | Gaming Screen - Pack of 1",2286.0,5499.0,0.53,3.8,31.0,Computers & Accessories > Accessories & Peripherals > Monitor Accessories > Monitor Arms,Monitor Arms
B0DGV5F9V4,https://www.amazon.in/dp/B0DGV5F9V4?th=1&psc=1&language=en_IN,"Noise Newly Launched Air Clips Wireless Open Ear Earbuds with Chrome Finish, AirWave™ Technology,Up-to 40H Playtime, Dual Device Pairing, Quad Mic with ENC,12mm Driver,BTv5.4 (Pearl White)",2999.0,3999.0,0.25,3.4,1663.0,"Electronics > Headphones, Earbuds & Accessories > Headphones > In-Ear",In-Ear
B0C4B7WWRG,https://www.amazon.in/dp/B0C4B7WWRG?th=1&psc=1&language=en_IN,"Ant Esports GS270 2.1 Stereo Wired Gaming Speakers with Subwoofer, RGB Lights Stereo Bass 11W - Black",1199.0,2499.0,0.52,4.1,1533.0,Computers & Accessories > Accessories & Peripherals > Audio & Video Accessories > PC Speakers,PC Speakers
B0DBVW1GJG,https://www.amazon.in/dp/B0DBVW1GJG?th=1&psc=1&language=en_IN,"RENMAX Air Acoustic Tube Covert Wired Earpiece Throat Mic Earphone Headset 2-Pin Audio Connector Suitable for Models VU-5R, BF-88S etc (Pack of 2)",1089.0,1999.0,0.46,2.9,17.0,Electronics > Radio Communication > Accessories > Headsets,Headsets
B093SQBFM7,https://www.amazon.in/dp/B093SQBFM7?th=1&psc=1&language=en_IN,"Samsung 150 W Dolby Digital Bluetooth Soundbar (HW-T42E/XL, Black, 2.1 Channel)",8998.0,16990.0,0.47,4.1,1407.0,Electronics > Home Audio > Speakers > Soundbar Speakers,Soundbar Speakers
B0CSG8YMN9,https://www.amazon.in/dp/B0CSG8YMN9?th=1&psc=1&language=en_IN,SOUND FIRE 007 Charge Pro+ Dual-USB/FM/SD/AUX/Bluetooth Wireless with Phone Caller Id Receiver Universal Car Stereo (Single Din),1359.0,2999.0,0.55,4.1,58.0,Electronics > Car & Vehicle Electronics > Car Electronics > Car Audio > Car Stereos,Car Stereos
B0CHFJ3D6M,https://www.amazon.in/dp/B0CHFJ3D6M?th=1&psc=1&language=en_IN,"Rokid Joy Pack AR Glasses — Android TV Smart Glasses with 360"" Micro-OLED Display | Support for Google Play, Media Streaming and Cloud Gaming | Compatible with All Console, Android, iOS and Windows.",54999.0,150000.0,0.63,3.9,250.0,"Electronics > Home Theater, TV & Video > Accessories > 3D Glasses",3D Glasses
B0CVQ75VM2,https://www.amazon.in/dp/B0CVQ75VM2?th=1&psc=1&language=en_IN,"boAt Stone Spinx Pro Bluetooth Speaker with 20 W RMS Sound, Up to 8 hrs of Playtime, BTv5.0, Built-in Mic, RGB LEDs, TWS Feature, TF Card, AUX Port & USB Type-C Port(Midnight Black)",2299.0,9999.0,0.77,4.0,522.0,Electronics > Home Audio > Speakers > Bluetooth Speakers,Bluetooth Speakers
B0CFB4DSST,https://www.amazon.in/dp/B0CFB4DSST?th=1&psc=1&language=en_IN,"Cuzor Mini UPS PRO | Backup Upto 8 Hours | 3x2900 mAh Battery | Supports Jio, Airtel & All Other 12V Routers Upto 3Amps | UPS for 12V WiFi Router | Power Backup for routers | WiFi UPS",2199.0,3299.0,0.33,4.4,17246.0,Computers & Accessories > Networking Devices > Routers,Routers
B0DSBYZ4B3,https://www.amazon.in/dp/B0DSBYZ4B3?th=1&psc=1&language=en_IN,Saplotia® Compatible Remote Control for Voltas AC Remote Original WiFi/ADJ Function (Come with 2 AAA Batteries),499.0,699.0,0.29,3.8,503.0,"Electronics > Home Theater, TV & Video > Accessories > Remote Controls",Remote Controls
B0CQ8L8NTS,https://www.amazon.in/dp/B0CQ8L8NTS?th=1&psc=1&language=en_IN,Quest 3 128GB - Breakthrough Virtual Reality Headset - Powerful Performance - Asgard’s Wrath 2 Bundle,17900.0,28963.0,0.38,2.9,23.0,Video Games > Online Game Services,Online Game Services
B0F293MBDK,https://www.amazon.in/dp/B0F293MBDK?th=1&psc=1&language=en_IN,"Sounce Soft Silicone Protective Case Cover for Boat Airdopes 311 Pro – Shockproof, Scratch-Resistant, and Dustproof Earbuds Case with Keychain Clip for Easy Portability (Black)",209.0,999.0,0.79,4.0,288.0,"Electronics > Headphones, Earbuds & Accessories > Cases",Cases
B0CTMHJBLZ,https://www.amazon.in/dp/B0CTMHJBLZ?th=1&psc=1&language=en_IN,"Snevad Aluminum 4 Pcs Car Tire Pressure Monitor Valve Stem Caps Sensor Indicator Warning Safety 3 Color Car Tire, Bikes, Trucks Motorcycles Prams and Tyre Valve Dust Cover Air Caps",266.0,599.0,0.56,3.7,223.0,Car & Motorbike > Car Tyres & Rims > Accessories > Valve Caps,Valve Caps
B09F69KCQ7,https://www.amazon.in/dp/B09F69KCQ7?th=1&psc=1&language=en_IN,"TIMMKOO 72GB MP3 Player with Bluetooth, 4.0"" Full Touchscreen Mp4 Mp3 Player with Speaker, Portable HiFi Sound Mp3 Player with Bluetooth, Voice Recorder, E-Book, Supports up to 512GB TF Card (Yellow)",5800.0,7999.0,0.27,3.8,9548.0,Electronics > Portable Media Players > MP3/MP4 Players,MP3/MP4 Players
B0DGV46CN1,https://www.amazon.in/dp/B0DGV46CN1?th=1&psc=1&language=en_IN,"Noise Newly Launched Airwave Max 5 Wireless Over-Ear Headphones with Adaptive Hybrid ANC (up to 50dB), HFA Tech, 80H Playtime, Dual Pairing(Calm White)",8920.576086956522,12721.32558139535,0.493139534883721,4.0,140.0,"Electronics > Headphones, Earbuds & Accessories > Headphones > Over-Ear",Over-Ear
B00K0AMYFO,https://www.amazon.in/dp/B00K0AMYFO?th=1&psc=1&language=en_IN,Sony ZX Series MDR-ZX310AP Headband Stereo Headset -Blue,1315.0,2190.0,0.4,3.9,863.0,"Electronics > Headphones, Earbuds & Accessories > Headphones > On-Ear",On-Ear
B0DJ33F2JQ,https://www.amazon.in/dp/B0DJ33F2JQ?th=1&psc=1&language=en_IN,"Portronics Trifusion 16W HD Sound Bluetooth Speaker with 15W Wireless Charging, 360°RGB LED Lights, Digital Clock with Alarm Setting, Built-in White Noise, USB/SD Card/AUX in, Type C Charging(Black)",1649.0,2999.0,0.45,3.4,110.0,Electronics > Mobiles & Accessories > Mobile Accessories > Chargers > Induction Chargers,Induction Chargers
B0F5989CQM,https://www.amazon.in/dp/B0F5989CQM?th=1&psc=1&language=en_IN,"6 in 1 SD & TF Card Reader with Type-C, USB & Micro USB Ports, Portable Memory Card Reader Compatible with TF, SD, SDHC, SDXC, MMC, RS-MMC, Micro SDXC for Computer & Android Phone",509.0,1599.0,0.68,5.0,2.0,Computers & Accessories > External Devices & Data Storage > External Memory Card Readers,External Memory Card Readers
B0D2XRXNGY,https://www.amazon.in/dp/B0D2XRXNGY?th=1&psc=1&language=en_IN,"soundcore V20i by Anker Open-Ear Headphones, Adjustable Ear Hooks, Ultra-Comfort, Snug Fit, Powerful Sound, Clear Calls, IP55, LED Lights, 36H Playtime, Bluetooth 5.4 Earbuds, Multipoint Connection",2499.0,7998.0,0.69,4.4,3907.0,"Electronics > Headphones, Earbuds & Accessories > Headphones > Open-Ear Headphones",Open-Ear Headphones
B0719C132V,https://www.amazon.in/dp/B0719C132V?th=1&psc=1&language=en_IN,Edifier R1280DB Powered Bluetooth Bookshelf Speakers - Optical Input - Wireless Studio Monitors - 4 Inch Near Field Speaker - 42w RMS - Wood Grain,12340.0,16666.0,0.26,4.4,1205.0,Electronics > Home Audio > Speakers > Bookshelf Speakers,Bookshelf Speakers
B0DRFPK6WD,https://www.amazon.in/dp/B0DRFPK6WD?th=1&psc=1&language=en_IN,Virtual Reality Headset| 3D Glasses Headset |VR Set Box | Best VR Headset |Gift for Kids and Adults for 3D Gaming and VR Videos (2024),16544.428571428572,20952.571428571428,0.37999999999999995,1.0,2048.25,Electronics > Mobiles & Accessories > Mobile Accessories > Virtual Reality (VR) Headsets,Virtual Reality (VR) Headsets
B0DWCV5YB5,https://www.amazon.in/dp/B0DWCV5YB5?th=1&psc=1&language=en_IN,"Marshall Minor Iv Wireless in Ear Earbuds with 30+ Hours of Playtime, Water-Resistant, Wireless Charging- Cream",11999.0,5360.055396825397,0.5959722222222222,3.9,637.0,"Electronics > Headphones, Earbuds & Accessories > Headphones > In-Ear",In-Ear
B0F6383JND,https://www.amazon.in/dp/B0F6383JND?th=1&psc=1&language=en_IN,Replacement Voice Remote Control for FlRE TV Stick and for AMZ FlRE TV Stick (3rd Gen),495.39864864864865,1239.0067567567567,0.5502027027027028,4.7,55187.0,"Electronics > Home Theater, TV & Video > Accessories > Remote Controls",Remote Controls
B0DGL6R3SX,https://www.amazon.in/dp/B0DGL6R3SX?th=1&psc=1&language=en_IN,"Sony New WH-1000XM5 Best Active Noise Cancelling Wireless Bluetooth Over Ear Headphones with Mic for Clear Calling,Battery Life 30 Hours-Smoky Pink",29990.0,34990.0,0.14,4.4,15423.0,"Electronics > Headphones, Earbuds & Accessories > Headphones > Over-Ear",Over-Ear
B09NCDDM7T,https://www.amazon.in/dp/B09NCDDM7T?th=1&psc=1&language=en_IN,"JBL Flip 6 Wireless Portable Bluetooth Speaker Pro Sound, Upto 12 Hours Playtime, IP67 Water & Dustproof, PartyBoost & Personalization App (Without Mic, Squad)",7999.0,13999.0,0.43,4.4,38409.0,Electronics > Home Audio > Speakers > Bluetooth Speakers,Bluetooth Speakers
B09BY17DLV,https://www.amazon.in/dp/B09BY17DLV?th=1&psc=1&language=en_IN,"Amazon Fire TV Stick Lite with all-new Alexa Voice Remote Lite (no TV controls), HD streaming device | Now with App controls",3499.0,3999.01,0.13,4.2,15886.0,,nan
B07CJX9R4D,https://www.amazon.in/dp/B07CJX9R4D?th=1&psc=1&language=en_IN,"Saregama Carvaan Hindi - Portable Music Player with 5000 Preloaded Songs, FM/BT/AUX (Cherrywood Red)",7490.0,7690.0,0.03,4.4,10003.0,Electronics > Portable Media Players > Radios > AM/FM Radios,AM/FM Radios
B0D53HZGBF,https://www.amazon.in/dp/B0D53HZGBF?th=1&psc=1&language=en_IN,"WeCool Moonwalk M1 Bone Conduction Open Ear Headphones, 5.4 Bluetooth Earphones, IPX5 Water & Sweatproof Comfort-fit Earphones with Ear Hook, Ideal for Cycling, Hiking, Sports, Gym, Workout- Black",1999.0,9999.0,0.8,3.7,3291.0,"Electronics > Headphones, Earbuds & Accessories > Headphones > Open-Ear Headphones",Open-Ear Headphones
B0F2HJ754T,https://www.amazon.in/dp/B0F2HJ754T?th=1&psc=1&language=en_IN,"In Ear Wireless Earbuds with LED Display Case, Digital Battery Indicator, Clear",294.0,699.0,0.58,2.8,9.0,"Electronics > Headphones, Earbuds & Accessories > Headphones > In-Ear",In-Ear
B0DN178X28,https://www.amazon.in/dp/B0DN178X28?th=1&psc=1&language=en_IN,"boAt Nirvana Ion ANC Pro, Hi-Res Audio LDAC,ANC(~32dB), 120Hrs Battery, App Support, Fast Charge, v5.3 Bluetooth TWS in Ear Earbuds Wireless Earphones with mic (Northern Lights)",2299.0,13990.0,0.84,4.0,17667.0,"Electronics > Headphones, Earbuds & Accessories > Headphones > In-Ear",In-Ear
B0F9L6F5T1,https://www.amazon.in/dp/B0F9L6F5T1?th=1&psc=1&language=en_IN,Mi Orignal Remote Control Compatible with Smart Led TV with Bluetooth Voice Function Control (After Pairing Work),599.0,999.0,0.4,4.0,55.0,"Electronics > Home Theater, TV & Video > Accessories > Remote Controls",Remote Controls
B0D987RG8Q,https://www.amazon.in/dp/B0D987RG8Q?th=1&psc=1&language=en_IN,"Concept Kart Kz Edx Pro X Wired Iem With Mic,10Mm Super-Linear Dynamic Driver In-Ear Monitor, Detachable Cable Design Earphone, Professional-Grade Oxygen-Free Copper Cable. (Cyan)",1234.0,1399.0,0.12,4.0,111.0,"Electronics > Headphones, Earbuds & Accessories > Headphones > In-Ear",In-Ear
B0CQXMXJC5,https://www.amazon.in/dp/B0CQXMXJC5?th=1&psc=1&language=en_IN,"soundcore by Anker Q20i Hybrid Active Noise Cancelling Headphones, Wireless Over-Ear Bluetooth, 40H Long ANC Playtime, Hi-Res Audio, Big Bass, Customize via an App, Transparency Mode (White)",4498.0,9598.0,0.53,4.3,29941.0,"Electronics > Headphones, Earbuds & Accessories > Headphones > Over-Ear",Over-Ear
B0BJJ5FJ6H,https://www.amazon.in/dp/B0BJJ5FJ6H?th=1&psc=1&language=en_IN,"Remarkable Essentials Bundle – Gray | Remarkable 2 Paper Tablet | Includes Black and White 10.3”Writing Tablet, Marker Plus Pen with Eraser, Book Folio Cover in Gray Weave",53799.0,6999.0,0.65,4.2,1840.0,"Computers & Accessories > Accessories & Peripherals > Keyboards, Mice & Input Devices > Graphic Tablets",Graphic Tablets
B0DWCV5YB5,https://www.amazon.in/dp/B0DWCV5YB5?th=1&psc=1&language=en_IN,"Marshall Minor Iv Wireless in Ear Earbuds with 30+ Hours of Playtime, Water-Resistant, Wireless Charging- Cream",11999.0,5360.055396825397,0.5959722222222222,3.9,637.0,"Electronics > Headphones, Earbuds & Accessories > Headphones > In-Ear",In-Ear
B0D6WB7BV6,https://www.amazon.in/dp/B0D6WB7BV6?th=1&psc=1&language=en_IN,"Bose New SoundLink Flex Portable Bluetooth Speaker (2nd Gen), Portable Outdoor Speaker with Hi-Fi Audio, Up to 12 Hours Battery Life, Waterproof and Dustproof, Blue Dusk",14999.0,16900.0,0.11,4.6,3382.0,Electronics > Home Audio > Speakers > Bluetooth Speakers,Bluetooth Speakers
B07CJX9R4D,https://www.amazon.in/dp/B07CJX9R4D?th=1&psc=1&language=en_IN,"Saregama Carvaan Hindi - Portable Music Player with 5000 Preloaded Songs, FM/BT/AUX (Cherrywood Red)",7490.0,7690.0,0.03,4.4,10003.0,Electronics > Portable Media Players > Radios > AM/FM Radios,AM/FM Radios
B0F2FF44NN,https://www.amazon.in/dp/B0F2FF44NN?th=1&psc=1&language=en_IN,"Boult Newly Launched Flex On Ear Bluetooth Headphones with 80H Playtime, 40mm Bass Drivers, Zen™ ENC Mic, Type-C Fast Charging, Bluetooth 5.4, AUX Option, 60ms Low Latency, IPX5 (Jet Black)",1499.0,5499.0,0.73,4.2,145.0,"Electronics > Headphones, Earbuds & Accessories > Headphones > On-Ear",On-Ear
B0DK3VZKD5,https://www.amazon.in/dp/B0DK3VZKD5?th=1&psc=1&language=en_IN,"JBL New Launch Tune Beam 2 TWS, ANC Earbuds, 48Hr Playtime,Dual Connect, Ambient Aware, Relax Mode, Customized EQ with Headphones App, 6 Mics for Clear Calls, Spatial Sound, Personi-Fi 3.0 (White)",5999.0,8999.0,0.33,3.9,675.0,"Electronics > Headphones, Earbuds & Accessories > Headphones > In-Ear",In-Ear
B0CV64NBRR,https://www.amazon.in/dp/B0CV64NBRR?th=1&psc=1&language=en_IN,"Klipsch Flexus SUB 100 10"" Bluetooth Subwoofer - Black Connect Plus App Access",38100.0,62800.0,0.39,4.5,58.0,Electronics > Home Audio > Speakers > Subwoofers,Subwoofers
B0D4YY24P2,https://www.amazon.in/dp/B0D4YY24P2?th=1&psc=1&language=en_IN,"LG SQ75TR, 600W, 5.1.1Ch Home Theater Soundbar with Dolby Atmos, Center Up-Firing Speaker, AI Sound Pro, Wow Synergy, Wireless Subwoofer, Rear Speaker Inbuilt Receiver, QNED Matching Bracket Inside",36990.0,49990.0,0.26,4.8,21.0,Electronics > Home Audio > Speakers > Soundbar Speakers,Soundbar Speakers
B0D5R2D9WR,https://www.amazon.in/dp/B0D5R2D9WR?th=1&psc=1&language=en_IN,"Noise Buds N1 Pro in Ear Truly Wireless Earbuds with Metallic Finish, ANC(Upto 30Db), 60H of Playtime, Dual Pairing, Instacharge(10 Min=200 Min), BT V5.3(Chrome Purple)",1799.0,4999.0,0.64,3.9,4975.0,"Electronics > Headphones, Earbuds & Accessories > Headphones > In-Ear",In-Ear
B0BZV4QFP8,https://www.amazon.in/dp/B0BZV4QFP8?th=1&psc=1&language=en_IN,"soundcore Liberty 4 NC Wireless in Ear Earbuds,Noise Reduction,49Db Adaptive Noise Cancelling,Hi-Res Sound,Ldac Support,50H Battery,Wireless Charging,Fast Charge 10Min=240Min,Bluetooth 5.3",6499.0,15998.0,0.59,3.6,17773.0,"Electronics > Headphones, Earbuds & Accessories > Headphones > In-Ear",In-Ear
B07JQKQ91F,https://www.amazon.in/dp/B07JQKQ91F?th=1&psc=1&language=en_IN,"JBL C50HI, Wired in Ear Headphones with Mic, One Button Multi-Function Remote, Lightweight & Comfortable fit (Black)",499.0,699.0,0.29,3.9,65919.0,"Electronics > Headphones, Earbuds & Accessories > Headphones > In-Ear",In-Ear
B0DY9PH12Y,https://www.amazon.in/dp/B0DY9PH12Y?th=1&psc=1&language=en_IN,Original Air Conditioner Remote Compatible for Voltas Smart Split Ac Remote Control with WiFi Function 133B,299.0,999.0,0.7,3.8,45.0,"Electronics > Home Theater, TV & Video > Accessories > Remote Controls",Remote Controls
B09SQWQ4TC,https://www.amazon.in/dp/B09SQWQ4TC?th=1&psc=1&language=en_IN,"Sony HT-S400 2.1ch soundbar with Powerful Wireless subwoofer, S-Force PRO Front Surround Sound and Dolby Digital (330W, Wireless Connectivity, Bluetooth)",19990.0,26990.0,0.26,4.6,1960.0,Electronics > Home Audio > Speakers > Soundbar Speakers,Soundbar Speakers
B0C43TF81H,https://www.amazon.in/dp/B0C43TF81H?th=1&psc=1&language=en_IN,"Pioneer DMH-AF555BT 9"" Large Capacitive Touch Screen & Seamless Smartphone Mirroring with WebLink® Cast",7068.375,19095.416666666668,0.5475,3.2,18.0,Electronics > Car & Vehicle Electronics > Car Electronics > Car Audio > Car Stereos,Car Stereos
B0BRKXHFLD,https://www.amazon.in/dp/B0BRKXHFLD?th=1&psc=1&language=en_IN,"JBL Bar 1000 Pro, 11.1 (7.1.4) Channel Truly Wireless Soundbar with True Dolby Atmos®, DTS:X, and MultiBeam™ Surround Sound, 10” Down-Firing Wireless Subwoofer, HDMI eARC, BT,WiFi,Alexa, One App(880W)",18077.130952380954,25923.78947368421,0.5797368421052632,4.2,1669.0,Electronics > Home Audio > Speakers > Soundbar Speakers,Soundbar Speakers
B0CWVXTK6Z,https://www.amazon.in/dp/B0CWVXTK6Z?th=1&psc=1&language=en_IN,"Sony ULT Wear WH-ULT900N Noise Cancellation Wireless Bluetooth Over Ear Headphones with Massive Bass, Up to 50Hrs Battery-White",16489.0,24990.0,0.34,4.3,1583.0,"Electronics > Headphones, Earbuds & Accessories > Headphones > Over-Ear",Over-Ear
B0F316VG9W,https://www.amazon.in/dp/B0F316VG9W?th=1&psc=1&language=en_IN,"Drumstone (𝗦𝗽𝗲𝗰𝗶𝗮𝗹 𝟭𝟬 𝗬𝗲𝗮𝗿𝘀 𝗪𝗮𝗿𝗿𝗮𝗻𝘁𝘆 Neckband Pro Bluetooth in-Ear Headphones - 50dB Hybrid Noise Cancelling, 37H Playtime, 5 HD Mics for Clear Calls, IP55 Water-Resistant",929.0,3099.0,0.7,3.7452631578947373,29798.275310834815,"Electronics > Headphones, Earbuds & Accessories > Headphones > In-Ear",In-Ear
B0CSYX5RF6,https://www.amazon.in/dp/B0CSYX5RF6?th=1&psc=1&language=en_IN,"Blaupunkt Newly Launched SBA20 Pro 25W Bluetooth Soundbar with 2000mAh Battery I RGB Lights I Honeycomb Design I AUX, Bluetooth, USB & TWS I BT Speaker for TV, Mobile, PC, Laptops",1599.0,4999.0,0.68,3.8,617.0,Electronics > Home Audio > Speakers > Soundbar Speakers,Soundbar Speakers
B0CHR8D7F7,https://www.amazon.in/dp/B0CHR8D7F7?th=1&psc=1&language=en_IN,"DHTtechky HDMI Cable Splitter - 1 in 2 Out HDMI Splitter Adapter Cable for HD, LED, LCD, TV - Support Two TVs at The Same Time",249.0,299.0,0.17,2.8,119.0,"Electronics > Home Theater, TV & Video > Accessories > Satellite Equipment > Splitters",Splitters
B0DMT42WXV,https://www.amazon.in/dp/B0DMT42WXV?th=1&psc=1&language=en_IN,"Mivi Fort H120 Soundbar, [Just Launched]- 120W Home Theatre Sound Bar, 2.1 Channel, 2 in-Build Speakers and 1 External Subwoofer, Multiple EQ & Input Modes, Made in India Sound bar for TV",3299.0,19999.0,0.84,4.0,612.0,Electronics > Home Audio > Speakers > Soundbar Speakers,Soundbar Speakers
B00MFNJN8K,https://www.amazon.in/dp/B00MFNJN8K?th=1&psc=1&language=en_IN,"Philips Portable Radio RL191/94 with MW/FM Bands, 180mW RMS Sound Output, Telescopic Antenna, Battery & DC Powered (2xR20/3V DC), Compact & Portable Design (Black)",1049.0,1299.0,0.19,3.5,4430.0,Electronics > Home Audio > Radios & Boomboxes > Kitchen Radios,Kitchen Radios
B0DFPZJPP9,https://www.amazon.in/dp/B0DFPZJPP9?th=1&psc=1&language=en_IN,"Carlinkit Android 13 Tbox S2, LED Version, 4+64GB with Qualcomm 8-core, 3-in-1 Wireless Adapter with CarPlay/Android Auto/Play Store/Streaming Video/Built-in GPS/TF Card",2699.0,4999.0,0.46,3.4,24.0,Electronics > Car & Vehicle Electronics > Car Electronics > Car Audio > Car Digital Media Receivers,Car Digital Media Receivers
B0CX5BL4R1,https://www.amazon.in/dp/B0CX5BL4R1?th=1&psc=1&language=en_IN,"JBL Go 4, Wireless Ultra Portable Bluetooth Speaker, Pro Sound, Vibrant Colors, Water & Dust Proof, Type C (Without Mic, Squad)",3499.0,5499.0,0.36,4.4,6893.0,Electronics > Home Audio > Speakers > Bluetooth Speakers,Bluetooth Speakers
B0D87CJ7WX,https://www.amazon.in/dp/B0D87CJ7WX?th=1&psc=1&language=en_IN,"pTron Fusion Beats V2 40W Karaoke Bluetooth Party Speaker with Loud & Clear Stereo Sound, Vivid RGB Lights, 3 mtr Wired Mic, BT/USB/SD Card Playback, Portable Speaker & Type C Charging (Royal Black)",1599.0,4899.0,0.67,3.0,1060.0,Electronics > Home Audio > Speakers > Tower Speakers,Tower Speakers
B0F21W8WPY,https://www.amazon.in/dp/B0F21W8WPY?th=1&psc=1&language=en_IN,"GOVO GOSURROUND 999 | 660W,True Dolby Audio, Dual 6.5"" Subwoofers with Dual Satellites,5.2 Surround Soundbar, HDMI ARC, Opt,AUX,USB, Bluetooth,3 Equalizer Modes,LED Display & Remote (Platinum Black)",18077.130952380954,25923.78947368421,0.5797368421052632,4.0,27.0,Electronics > Home Audio > Speakers > Soundbar Speakers,Soundbar Speakers
B0DHWCHXWV,https://www.amazon.in/dp/B0DHWCHXWV?th=1&psc=1&language=en_IN,Original Remote Compatible with Sony Bravia LCD LED UHD OLED QLED 4K Ultra HD TV Remote Control with YouTube and Netflix Universal Replacement for Original Sony Smart Android tv Remote Control,495.39864864864865,1239.0067567567567,0.5502027027027028,3.4,63.0,"Electronics > Home Theater, TV & Video > Accessories > Remote Controls",Remote Controls
B0885VP52T,https://www.amazon.in/dp/B0885VP52T?th=1&psc=1&language=en_IN,"M-Player iPod Nano 3rd Generation (8GB, RED)",15254.0,33559.0,0.55,3.8199999999999994,1049.8,Electronics > Portable Media Players > MP3/MP4 Players,MP3/MP4 Players
B0F12ZY1KZ,https://www.amazon.in/dp/B0F12ZY1KZ?th=1&psc=1&language=en_IN,"TARGET TT-BK-AMP 828 Amplifier RMS 350 Watts 5.1 Channel Surround Six Tracks Stereo Amplifer HDMI, Usb, Bluetooth, Av, MIC, Karaoke,",5999.0,8999.0,0.33,3.4,10.0,Musical Instruments > PA & Stage > Power-Amplifiers,Power-Amplifiers
B0CKJC83YG,https://www.amazon.in/dp/B0CKJC83YG?th=1&psc=1&language=en_IN,"boAt Rockerz 110/Rockerz 109 Wireless Neckband with Up to 60 hrs Playtime, Dual Device Pairing, ENx Tech, Beast Mode, ASAP Charging, BTv5.3,IPX5,Type-C Interface & Magnetic Power Buds(Fern Green)",999.0,2490.0,0.6,3.5,667.0,"Electronics > Headphones, Earbuds & Accessories > Headphones > In-Ear",In-Ear
B0CYQ7N11K,https://www.amazon.in/dp/B0CYQ7N11K?th=1&psc=1&language=en_IN,"Robustt Computer PC Monitor LED TV Desk Mount Stand with Articulating Center Arm Joint | for 15"" to 33"" Screens Full Motion Mount | Height Adjustable | Gaming Screen - Pack of 1",2286.0,5499.0,0.53,3.8,31.0,Computers & Accessories > Accessories & Peripherals > Monitor Accessories > Monitor Arms,Monitor Arms
B0F2N971D7,https://www.amazon.in/dp/B0F2N971D7?th=1&psc=1&language=en_IN,Remote for Sony LED Smart TV with 2 AAA Batteries | YouTube and Netflix Hotkeys | Original Replacement for Sony Bravia LCD LED OLED QLED 4K Ultra HD Smart Android tv Remote Control,389.0,999.0,0.61,3.8,39.0,"Electronics > Home Theater, TV & Video > Accessories > Remote Controls",Remote Controls
B0DFDT1TWC,https://www.amazon.in/dp/B0DFDT1TWC?th=1&psc=1&language=en_IN,Marshall Monitor III Active Noise Canceling Over Ear Bluetooth Headphones,29999.0,12721.32558139535,0.493139534883721,4.5,253.0,"Electronics > Headphones, Earbuds & Accessories > Headphones > Over-Ear",Over-Ear
B0D1CGBVP8,https://www.amazon.in/dp/B0D1CGBVP8?th=1&psc=1&language=en_IN,HUMBLE® Spiral Charger Cable Protector Data Cable Saver Charging Cord Protective Cable Cover (25 Pieces),109.0,999.0,0.89,4.1,19941.0,Computers & Accessories > Accessories & Peripherals > Cables & Accessories > Cable Connection Protectors,Cable Connection Protectors
B0BNNM8HVV,https://www.amazon.in/dp/B0BNNM8HVV?th=1&psc=1&language=en_IN,Electronic Spices 12v to 24v Dc to 220v Ac 50watt Load Converter With 2 Usb Jacks for Multiple Application,94.0,190.0,0.51,3.1,171.0,Industrial & Scientific > Robotics > Robotic Kits & Accessories,Robotic Kits & Accessories
B0D9DMSM23,https://www.amazon.in/dp/B0D9DMSM23?th=1&psc=1&language=en_IN,SOUND FIRE NEXGeneration 10.1 Inch 2K Diamond 2GB RAM / 32GB ROM with DSP/QLED/Android Auto/CarPlay Android Car Stereo,7299.0,37998.0,0.81,4.5,54.0,Electronics > Car & Vehicle Electronics > Car Electronics > Car Audio > Car Stereos,Car Stereos
B0B9RHNNWC,https://www.amazon.in/dp/B0B9RHNNWC?th=1&psc=1&language=en_IN,"Portronics Harmonics Twins S3 Smart TWS Bluetooth 5.2 Earbuds with 20 Hrs Playtime, 8mm Drivers, Lightweight Design(Black)",699.0,1999.0,0.65,3.8,1779.0,"Electronics > Headphones, Earbuds & Accessories > Headphones > In-Ear",In-Ear
B0DG5ZVDJX,https://www.amazon.in/dp/B0DG5ZVDJX?th=1&psc=1&language=en_IN,"Noise Airwave Max 4 Wireless Over-Ear Headphones with 70H Playtime, ENC, 40mm Driver, Low Latency(up to 40ms), Dual Pairing, BT v5.4 (Tropical Teal)",2499.0,5999.0,0.58,3.8,1827.0,"Electronics > Headphones, Earbuds & Accessories > Headphones > Over-Ear",Over-Ear
B0D5R3XRP1,https://www.amazon.in/dp/B0D5R3XRP1?th=1&psc=1&language=en_IN,CrossBeats Arc Buds OWS Open Ear Wireless Earbuds | Spatial Audio Headphones & Head Tracking | Gaming Bluetooth Earphones | 100hr Playtime | 14.2mm Drivers IPX5 Rating Type-c Fast Charging (Black),3995.0,9999.0,0.6,4.1,1246.0,"Electronics > Headphones, Earbuds & Accessories > Headphones > Open-Ear Headphones",Open-Ear Headphones
B07DC5VR7S,https://www.amazon.in/dp/B07DC5VR7S?th=1&psc=1&language=en_IN,mStick Airpods Pro Leather Protective Cover Compatible with Airpod Pro Case Leather Airpods Pro Protective Case Cover with Keychain for Apple Airpods pro- DEEP Brown,89.0,699.0,0.87,3.1,3451.0,"Electronics > Headphones, Earbuds & Accessories > Cases",Cases
B08R9BGFJ1,https://www.amazon.in/dp/B08R9BGFJ1?th=1&psc=1&language=en_IN,"Jabra Elite 85t Bluetooth Truly Wireless in Ear Earbuds with Mic, Advanced Active Noise Cancellation with Long Battery Life and Powerful Speakers, Wireless Charging Case (Copper, Black)",12636.0,18999.0,0.33,3.2,185.0,"Electronics > Headphones, Earbuds & Accessories > Headphones > In-Ear",In-Ear
B01F25X6RQ,https://www.amazon.in/dp/B01F25X6RQ?th=1&psc=1&language=en_IN,"Samsung Hands-Free Wired in Ear Earphones with Mic, 3.5mm Jack(White)",2618.412331406551,5360.055396825397,0.5959722222222222,4.2,38460.0,"Electronics > Headphones, Earbuds & Accessories > Headphones > In-Ear",In-Ear
B076FXM91Q,https://www.amazon.in/dp/B076FXM91Q?th=1&psc=1&language=en_IN,"Luminous NXG1800-24V Solar Hybrid Inverter, Pack of 1",10999.0,14999.0,0.27,3.9,155.0,Home & Kitchen > Kitchen & Home Appliances > Inverters & Sets > Inverters,Inverters
B0BJJ5FJ6H,https://www.amazon.in/dp/B0BJJ5FJ6H?th=1&psc=1&language=en_IN,"Remarkable Essentials Bundle – Gray | Remarkable 2 Paper Tablet | Includes Black and White 10.3”Writing Tablet, Marker Plus Pen with Eraser, Book Folio Cover in Gray Weave",53799.0,6999.0,0.65,4.2,1840.0,"Computers & Accessories > Accessories & Peripherals > Keyboards, Mice & Input Devices > Graphic Tablets",Graphic Tablets
B0DH7XTK7R,https://www.amazon.in/dp/B0DH7XTK7R?th=1&psc=1&language=en_IN,"Amazon Basics OTG Card Reader and Hub with Type-C, USB & Micro USB Ports | Portable Memory Card Reader Supports USB Drives, TF, SD, Micro SD, SDHC, SDXC, MMC (Grey)",469.0,1299.0,0.64,4.0,164.0,Computers & Accessories > External Devices & Data Storage > External Memory Card Readers,External Memory Card Readers
B0D6N3TFM5,https://www.amazon.in/dp/B0D6N3TFM5?th=1&psc=1&language=en_IN,"Intex 4751 Bluetooth Home Theater, 4.1 Channel Multimedia Speaker, 75W Powerful Sound Output, Surround Sound, USB, AUX, FM Support, Remote Control - (Black)",10164.8125,20215.5625,0.450625,4.0,136.0,"Electronics > Home Theater, TV & Video > Home Theater Systems",Home Theater Systems
B0DWCV5YB5,https://www.amazon.in/dp/B0DWCV5YB5?th=1&psc=1&language=en_IN,"Marshall Minor Iv Wireless in Ear Earbuds with 30+ Hours of Playtime, Water-Resistant, Wireless Charging- Cream",11999.0,5360.055396825397,0.5959722222222222,3.9,637.0,"Electronics > Headphones, Earbuds & Accessories > Headphones > In-Ear",In-Ear
B0DM2JGWFT,https://www.amazon.in/dp/B0DM2JGWFT?th=1&psc=1&language=en_IN,"ZEBRONICS Juke BAR 4100 Soundbar, 200 Watts, Virtual 5.1, Quad Driver Soundbar, 6.5"" Subwoofer, Wall Mountable, Bluetooth v5.0 | HDMI (ARC) | Optical in | USB | AUX",4999.0,20999.0,0.76,4.1,307.0,Electronics > Home Audio > Speakers > Soundbar Speakers,Soundbar Speakers
B0DBDKFYCH,https://www.amazon.in/dp/B0DBDKFYCH?th=1&psc=1&language=en_IN,AIDITIYMI Original Remote Control | Seamlessly Compatible with Tata Sky/Tata Play Set Top Box (SD/HD),449.0,1999.0,0.78,4.2,2912.0,"Electronics > Home Theater, TV & Video > Accessories > Remote Controls",Remote Controls
B0DFC6VDFF,https://www.amazon.in/dp/B0DFC6VDFF?th=1&psc=1&language=en_IN,"OBAGE Newly Launched Classic-6 120W 4.1 Home Theatre System with HDMI ARC, Optical in, Bluetooth V5.3, USD,FM, AUX",5699.0,10000.0,0.43,3.9,1036.0,"Electronics > Home Theater, TV & Video > Home Theater Systems",Home Theater Systems
B0F9YKVVSP,https://www.amazon.in/dp/B0F9YKVVSP?th=1&psc=1&language=en_IN,"Nothing Neckband Pro 50dB Active Noise Cancellation, Smart Dial Design, 37 Hrs Playtime Bluetooth Wireless in Ear Earphones with Mic",599.0,2099.0,0.71,5.0,,Health & Personal Care > Home Medical Supplies & Equipment > Living & Safety Aids > Hearing Aids & Accessories > Hearing Aids,Hearing Aids
B09Q62KQBF,https://www.amazon.in/dp/B09Q62KQBF?th=1&psc=1&language=en_IN,Hybite Infrared Remote Compatible with Oneplus Android TV Replacement of Original one Plus Smart tv Remote with Netflix YouTube and Prime Video Hot Keys Without Voice Command,310.0,999.0,0.69,3.3,143.0,"Electronics > Home Theater, TV & Video > Accessories > Remote Controls",Remote Controls
B08VNJ5BHN,https://www.amazon.in/dp/B08VNJ5BHN?th=1&psc=1&language=en_IN,JBL Partybox 310 | Portable Bluetooth Party Speaker | 240W Monstrous Pro Sound | Dynamic Light Show | Backlit Panel | Telescopic Handle & Wheels | Guitar & Mic Support PartyBox App (Black),9114.166666666666,19915.666666666668,0.48666666666666664,4.6,896.0,Electronics > Home Audio > Speakers > Outdoor Speakers,Outdoor Speakers
B07QXLSSWC,https://www.amazon.in/dp/B07QXLSSWC?th=1&psc=1&language=en_IN,(Refurbished) Mi Wired In Ear Earphones Basic Blue,2618.412331406551,5360.055396825397,0.5959722222222222,3.8,670.0,"Electronics > Headphones, Earbuds & Accessories > Headphones > In-Ear",In-Ear
B0D1QK91ZK,https://www.amazon.in/dp/B0D1QK91ZK?th=1&psc=1&language=en_IN,"ZEBRONICS Mist in Ear Wireless Earbuds, with up-to 27 Hours Backup, Environmental Noise Cancellation (ENC), Gaming Mode, Touch Control, Voice Assistant Support, Splash Proof Design (Black)",799.0,3499.0,0.77,3.2,231.0,"Electronics > Headphones, Earbuds & Accessories > Headphones > In-Ear",In-Ear
B0CBV1GYQY,https://www.amazon.in/dp/B0CBV1GYQY?th=1&psc=1&language=en_IN,"Boult Z60 Truly Wireless in Ear Earbuds with 60H Playtime, Zen™ ENC Mic, 50ms Low Latency, 13mm Bass Drivers, Type-C Fast Charging, Made in India, BT V5.3, Touch Control, IPX5 ear buds (Flamingo Pink)",2618.412331406551,5360.055396825397,0.5959722222222222,3.8,10976.0,"Electronics > Headphones, Earbuds & Accessories > Headphones > In-Ear",In-Ear
B0DGLSGWXK,https://www.amazon.in/dp/B0DGLSGWXK?th=1&psc=1&language=en_IN,ZdalaMit Original Non-Voice Remote Control Compatible with Realme Tv Suitable for Realme Android FHD UHD OLED TV,498.0,2999.0,0.83,4.4,63.0,"Electronics > Home Theater, TV & Video > Accessories > Remote Controls",Remote Controls
B09NCDDM7T,https://www.amazon.in/dp/B09NCDDM7T?th=1&psc=1&language=en_IN,"JBL Flip 6 Wireless Portable Bluetooth Speaker Pro Sound, Upto 12 Hours Playtime, IP67 Water & Dustproof, PartyBoost & Personalization App (Without Mic, Squad)",7999.0,13999.0,0.43,4.4,38409.0,Electronics > Home Audio > Speakers > Bluetooth Speakers,Bluetooth Speakers
B0DQVCML9V,https://www.amazon.in/dp/B0DQVCML9V?th=1&psc=1&language=en_IN,"KZ Castor Pro in Ear Monitor, Dual 10mm Dynamic Driver, Harman Target Improved Bass for Hi-Res Audio Quality, 4 Tuning Switch, Oxygen Free Copper Flat Cable, 0.78mm 2Pin & 3.5mm Plug Compatible",1994.0,2999.0,0.34,4.0,169.0,"Electronics > Headphones, Earbuds & Accessories > Headphones > In-Ear",In-Ear
B09PC4YK12,https://www.amazon.in/dp/B09PC4YK12?th=1&psc=1&language=en_IN,"Sony WF-C500 Bluetooth Earbuds with Mic, TWS, Up to 20Hrs Battery-Green",4490.0,8990.0,0.5,4.0,1498.0,"Electronics > Headphones, Earbuds & Accessories > Headphones > In-Ear",In-Ear
B0CP7ZMQH9,https://www.amazon.in/dp/B0CP7ZMQH9?th=1&psc=1&language=en_IN,"HOPPUP Predator Xo4 Gaming in Ear Earbuds with 50h Playtime| 35ms Low Latency Gaming Mode|13mm Drivers| Type C Fast Charging| BT v5.3| RGB LEDs Light|Black Color for Gaming, Music, Entertainment, Gym",699.0,4999.0,0.86,3.6,182.0,"Electronics > Headphones, Earbuds & Accessories > Headphones > In-Ear",In-Ear
B0DB1L9676,https://www.amazon.in/dp/B0DB1L9676?th=1&psc=1&language=en_IN,"boAt Newly Launched BassHeads 100 C Wired Earphones with Type-C Jack, in-Line Microphone, 10mm Drivers, Signature Sound, Integrated Controls & Multi-OS Compatibility(Navy Blue)",599.0,1990.0,0.7,4.1,419583.0,"Electronics > Headphones, Earbuds & Accessories > Headphones > In-Ear",In-Ear
B0DY7HYKH6,https://www.amazon.in/dp/B0DY7HYKH6?th=1&psc=1&language=en_IN,"Boult Audio Newly Launched XO Black Wired Earphones with 3.5mm Jack, Extra Bass, 10mm Dynamic Driver, Inline Control, IPX5 Water Resistant, HD Mic, Radial Finish, Earphones Wired Headphones with Mic",299.0,999.0,0.7,4.0,249.0,"Electronics > Headphones, Earbuds & Accessories > Headphones > In-Ear",In-Ear
B07JQKQ91F,https://www.amazon.in/dp/B07JQKQ91F?th=1&psc=1&language=en_IN,"JBL C50HI, Wired in Ear Headphones with Mic, One Button Multi-Function Remote, Lightweight & Comfortable fit (Black)",499.0,699.0,0.29,3.9,65919.0,"Electronics > Headphones, Earbuds & Accessories > Headphones > In-Ear",In-Ear
B08LNWWKGG,https://www.amazon.in/dp/B08LNWWKGG?th=1&psc=1&language=en_IN,"Hybite Remote Control Compatible for TCL/Iffalcon Smart Hd 4K Led Tv with Netflix Function(Without Google Assist/Voice Function,Exactly Same Remote Will Only Work)",269.0,599.0,0.55,3.4,379.0,"Electronics > Home Theater, TV & Video > Accessories > Remote Controls",Remote Controls
B0CQ8L8NTS,https://www.amazon.in/dp/B0CQ8L8NTS?th=1&psc=1&language=en_IN,Quest 3 128GB - Breakthrough Virtual Reality Headset - Powerful Performance - Asgard’s Wrath 2 Bundle,17900.0,28963.0,0.38,2.9,23.0,Video Games > Online Game Services,Online Game Services
B0CQKMWNHQ,https://www.amazon.in/dp/B0CQKMWNHQ?th=1&psc=1&language=en_IN,"Skullcandy Grom Over Ear Wireless Headphones for Kids, Volume-Limiting to 85dB + 45Hr Playtime + Rapid Charge Override Function, Adjustable Headband Strap & Collapsible Design- Black",3999.0,15999.0,0.75,4.4,258.0,"Electronics > Headphones, Earbuds & Accessories > Headphones > Over-Ear",Over-Ear
B09NCDDM7T,https://www.amazon.in/dp/B09NCDDM7T?th=1&psc=1&language=en_IN,"JBL Flip 6 Wireless Portable Bluetooth Speaker Pro Sound, Upto 12 Hours Playtime, IP67 Water & Dustproof, PartyBoost & Personalization App (Without Mic, Squad)",7999.0,13999.0,0.43,4.4,38409.0,Electronics > Home Audio > Speakers > Bluetooth Speakers,Bluetooth Speakers
B07GQD4K6L,https://www.amazon.in/dp/B07GQD4K6L?th=1&psc=1&language=en_IN,boAt Bassheads 100 in Ear Wired Headphones Earphones with Mic (Furious Red),349.0,999.0,0.65,4.1,419583.0,"Electronics > Headphones, Earbuds & Accessories > Headphones > In-Ear",In-Ear
B07NBF8ZXT,https://www.amazon.in/dp/B07NBF8ZXT?th=1&psc=1&language=en_IN,Creative Stage 160 Watt 2.1 Channel Wireless Bluetooth Soundbar (Black),5999.0,15999.0,0.63,4.0,6858.0,Electronics > Home Audio > Speakers > Soundbar Speakers,Soundbar Speakers
B0D6W6T95D,https://www.amazon.in/dp/B0D6W6T95D?th=1&psc=1&language=en_IN,"boAt Stone 352 Pro/Stone 358 Pro Bluetooth Speaker w/ 14W Signature Sound, Up to 12hrs Playback, RGB LEDs, TWS Feature, Built-in Mic, BTv5.3, AUX Port, IPX5 & Type-C Interface (Vibing Blue)",1699.0,4990.0,0.66,4.0,12621.0,Electronics > Home Audio > Speakers > Bluetooth Speakers,Bluetooth Speakers
B0F9B22ML6,https://www.amazon.in/dp/B0F9B22ML6?th=1&psc=1&language=en_IN,"Warranty P9 On-Ear Bluetooth Headphones with Mic – Wireless Max Headset, Deep Bass, Hands-Free Calling, Comfortable Fit, Compatible with All Bluetooth Devices (Black)",2624.376811594203,5149.074626865671,0.5238805970149254,3.9594202898550717,26556.202898550724,"Electronics > Headphones, Earbuds & Accessories > Headphones > On-Ear",On-Ear
B0F2THY5J5,https://www.amazon.in/dp/B0F2THY5J5?th=1&psc=1&language=en_IN,"MTR Sun Direct Universal Remote,Black",126.0,150.0,0.16,4.4,5.0,"Electronics > Home Theater, TV & Video > Accessories > Remote Controls",Remote Controls
B0D7WFFJ95,https://www.amazon.in/dp/B0D7WFFJ95?th=1&psc=1&language=en_IN,"TESHA 9"" Android Car Stereo/Headunit for car/Capacitive Touch Screen/GPS + Steering Control Module/Full HD Screen (Ts9 4/32(Wireless Android auto & Carplay))",5890.0,35000.0,0.83,4.2,140.0,Electronics > Car & Vehicle Electronics > Car Electronics > Car Audio > Car Stereos,Car Stereos
B07JVD1ZHV,https://www.amazon.in/dp/B07JVD1ZHV?th=1&psc=1&language=en_IN,"Pioneer Pioneer TS-A250D4 10"" Dual 4 ohms Voice Coil Subwoofer",4589.24,7865.4,0.41480000000000006,4.5,296.0,Electronics > Car & Vehicle Electronics > Car Electronics > Car Audio > Car Speakers > Component Subwoofers,Component Subwoofers
B0F6NMPW8Z,https://www.amazon.in/dp/B0F6NMPW8Z?th=1&psc=1&language=en_IN,"Nu Republic Cyberstud X2 with 70 Hour Playtime, X-Bass® Technology, 13mm Neodymium Drivers, ENC Mics, Type-C Fast Charging, 40ms Low Latency, Dual Mode (Game/Music) TWS Earbuds (Orange/Grey)",2999.0,5999.0,0.5,4.1,99.0,"Electronics > Headphones, Earbuds & Accessories > Headphones > In-Ear",In-Ear
B0C345M3T7,https://www.amazon.in/dp/B0C345M3T7?th=1&psc=1&language=en_IN,"Sony WF-1000XM5 Best Active Noise Cancelling Wireless Bluetooth Earbuds with Mic, TWS, Up to 36 Hours Battery Life - Silver",21989.0,29990.0,0.27,3.8,4211.0,"Electronics > Headphones, Earbuds & Accessories > Headphones > In-Ear",In-Ear
B0DGLQHBF9,https://www.amazon.in/dp/B0DGLQHBF9?th=1&psc=1&language=en_IN,"Portronics Conch Theta C in Ear Type C Wired Earphones with in Line HD Mic, Powerful Audio, 14.2mm Driver, Unique Earbuds Design, TPE Anti Tangle Wire, in line Controls, Wide Compatibility(Black)",279.0,799.0,0.65,4.0,1607.0,"Electronics > Headphones, Earbuds & Accessories > Headphones > In-Ear",In-Ear
B0CBW8DFZ6,https://www.amazon.in/dp/B0CBW8DFZ6?th=1&psc=1&language=en_IN,"Beats Studio Pro- Wireless Bluetooth Noise Cancelling Headphones - Spatial Audio, USB-C, Up to 40H Battery Life, 10 min Fast Charge for 4H Battery Life, Apple & Android Compatible - Navy",30999.0,37900.0,0.18,4.2,10.0,,nan
B0BGPZ15HF,https://www.amazon.in/dp/B0BGPZ15HF?th=1&psc=1&language=en_IN,"F&D F203BT 2.1 Channel Multimedia Speaker | Wireless Bluetooth Speakers | Satellite Speakers/USB/SD Card | Home Theatre | Speaker for Laptop, Pc & Mobile",1670.9285714285713,2962.714285714286,0.47500000000000003,3.1,47.0,Computers & Accessories > Accessories & Peripherals > Audio & Video Accessories > PC Speakers,PC Speakers
B0BJDKG3GZ,https://www.amazon.in/dp/B0BJDKG3GZ?th=1&psc=1&language=en_IN,"Portronics Harmonics Z5 Wireless Bluetooth Stereo Headset with 33Hrs Playtime, Double EQ Mode, 14.2 mm Dynamic Drivers, Click Action Buttons(Black)",699.0,799.0,0.13,4.0,1368.0,"Electronics > Headphones, Earbuds & Accessories > Headphones > In-Ear",In-Ear
B09P53B3M5,https://www.amazon.in/dp/B09P53B3M5?th=1&psc=1&language=en_IN,"ZEBRONICS Zeb-Buddy 100 Portable BT v5.0 Speaker with TWS, 15W RMS, Wired mic Karaoke, 5H Backup, RGB LED, FM Radio, AUX, USB, Micro SD, Built in Rechargeable Battery and Mobile Holder, Black",1299.0,2799.0,0.54,3.8,17227.0,Electronics > Home Audio > Speakers > Bluetooth Speakers,Bluetooth Speakers
B075Z25PQK,https://www.amazon.in/dp/B075Z25PQK?th=1&psc=1&language=en_IN,Sony MDR-EX14AP Wired in Ear Headphone with Mic (Black),599.0,1299.0,0.54,3.7,1661.0,"Electronics > Headphones, Earbuds & Accessories > Headphones > In-Ear",In-Ear
B07CRXWQRM,https://www.amazon.in/dp/B07CRXWQRM?th=1&psc=1&language=en_IN,"SPIN CART Replacement Universal Ac Remote Control for Lg Split Air Conditioner with Wall Mount,White",305.0,699.0,0.56,4.2,460.0,Amazon Devices & Accessories > Amazon Device Accessories > Remote Controls,Remote Controls
B0B6G9TPNQ,https://www.amazon.in/dp/B0B6G9TPNQ?th=1&psc=1&language=en_IN,"Sennheiser Momentum 4 Wireless Over Ear Headphones Designed in Germany - Bluetooth ANC 4 Digital Mics for Crystal Cear Calls,60H Battery, White",24990.0,34990.0,0.29,4.3,8761.0,"Electronics > Headphones, Earbuds & Accessories > Headphones > Over-Ear",Over-Ear
B0D4QWT8ZN,https://www.amazon.in/dp/B0D4QWT8ZN?th=1&psc=1&language=en_IN,Airtel Xstream Remote Original Compatible Non-Voice (Come with 2 AAA Batteries),299.0,399.0,0.25,4.1,529.0,"Electronics > Home Theater, TV & Video > Accessories > Remote Controls",Remote Controls
B0F1N9V11F,https://www.amazon.in/dp/B0F1N9V11F?th=1&psc=1&language=en_IN,Ac Remote Compatible with Hitachi Split AC Remote with Backlight & Remote Stand (Hitachi 1.5 Ton AC Remote Original AC-68A),495.39864864864865,1239.0067567567567,0.5502027027027028,4.2,95.0,"Electronics > Home Theater, TV & Video > Accessories > Remote Controls",Remote Controls
B0CX4GPV2L,https://www.amazon.in/dp/B0CX4GPV2L?th=1&psc=1&language=en_IN,"LG XO2TBK XBOOM 360 Wireless Speaker with Omnidirectional Sound, 20W, 15 Hours Battery",8990.0,16990.0,0.47,4.2,21.0,Electronics > Home Audio > Speakers > Bluetooth Speakers,Bluetooth Speakers
B0CRTJH57W,https://www.amazon.in/dp/B0CRTJH57W?th=1&psc=1&language=en_IN,"Mivi DuoPods i2 True Wireless Earbuds - 45H+ Playtime, HD Calls, Fast Charging, 13mm Bass Drivers, IPX4 Sweatproof, v5.3 Bluetooth in Ear Ear Buds Wireless, Made in India",699.0,2999.0,0.77,3.7,5364.0,"Electronics > Headphones, Earbuds & Accessories > Headphones > In-Ear",In-Ear
B0D17CVCYX,https://www.amazon.in/dp/B0D17CVCYX?th=1&psc=1&language=en_IN,"Sennheiser Accentum True Wireless in Ear Earbuds with Bluetooth 5.3 & Auracast Technology,Crystal-Clear Sound,28 Hr Battery,Touch Interface,Hybrid ANC,IP54 Black",11990.0,19990.0,0.4,3.6,226.0,"Electronics > Headphones, Earbuds & Accessories > Headphones > In-Ear",In-Ear
B0C81B9MMW,https://www.amazon.in/dp/B0C81B9MMW?th=1&psc=1&language=en_IN,"JISULIFE Portable Handheld Turbo Fan, 100 Speeds Adjustable Mini Personal Fan, 9000mAh USB Rechargeable Fan Battery Operated, LED Display, Metal Shell with Accessories Gifts for Men Women Travel-Brown",7999.0,,,4.2,869.0,Computers & Accessories > Accessories & Peripherals > USB Gadgets > Fans,Fans
B0DN54MS3Y,https://www.amazon.in/dp/B0DN54MS3Y?th=1&psc=1&language=en_IN,"Tribit StormBox Lava Portable Bluetooth Speaker, 80W Loud Wireless Speaker, 24H Playtime, IP67 Waterproof, Bluetooth 5.4, Custom EQ, XBass, Built-in Mic, TWS Pairing for Camping/Beach/Party/Outdoor",12999.0,19999.0,0.35,4.4,27.0,Electronics > Home Audio > Speakers > Bluetooth Speakers,Bluetooth Speakers
B0F7HVSXV4,https://www.amazon.in/dp/B0F7HVSXV4?th=1&psc=1&language=en_IN,jio Original Remote Control Compatible with jio Fiber Box with Voice Control.,649.0,1999.0,0.68,3.8,10.0,"Electronics > Home Theater, TV & Video > Accessories > Remote Controls",Remote Controls
B0BS74M665,https://www.amazon.in/dp/B0BS74M665?th=1&psc=1&language=en_IN,"Sony WH-CH720N, Wireless Over-Ear Active Noise Cancellation Headphones with Mic, up to 50 Hours Playtime, Multi-Point Connection, App Support, AUX & Voice Assistant Support for Mobile Phones (White)",9414.0,14990.0,0.37,4.2,10524.0,"Electronics > Headphones, Earbuds & Accessories > Headphones > Over-Ear",Over-Ear
B09RQRZW2X,https://www.amazon.in/dp/B09RQRZW2X?th=1&psc=1&language=en_IN,7SEVEN® Compatible with Vu Smart Tv Remote Control Suitable for Original 4K Android LED Ultra HD UHD Vu Tv Remote with Non Voice Feature Without Google Assistant,369.0,899.0,0.59,3.7,561.0,"Electronics > Home Theater, TV & Video > Accessories > Remote Controls",Remote Controls
B0CDPLQ8JY,https://www.amazon.in/dp/B0CDPLQ8JY?th=1&psc=1&language=en_IN,"boAt Immortal 181, 40HRS Battery, 4Mics ENx, 40ms Low Latency, RGB Led Lights, Fast Charge, IWP Tech, v5.3 Bluetooth Earbuds, TWS Ear Buds Wireless Earphones with mic, Gaming Earbuds (Black Sabre)",1299.0,3499.0,0.63,3.6,441.0,"Electronics > Headphones, Earbuds & Accessories > Headphones > In-Ear",In-Ear
B07K7NJ4QN,https://www.amazon.in/dp/B07K7NJ4QN?th=1&psc=1&language=en_IN,Fosi Audio BT30D Bluetooth 5.0 Stereo Audio Receiver Amplifier 2.1 Channel Mini Hi-Fi Class D Integrated Amp 50 Watt x2+100 Watt for Home Outdoor Passive Speakers/Subwoofer Powered Subwoofer,9999.0,10999.0,0.09,4.4,2642.0,Electronics > Home Audio > Receivers & Separates > Amplifiers,Amplifiers
B0DTK9TMHW,https://www.amazon.in/dp/B0DTK9TMHW?th=1&psc=1&language=en_IN,HP Blue Pin Original Laptop Charger 19.5V 3.33A 65W Adapter (Fit with 3 Pin Power Cable)- Black,1594.0,1749.5,0.74,4.3,11.0,Computers & Accessories > Accessories & Peripherals > Laptop Accessories > Laptop Chargers & Power Supplies,Laptop Chargers & Power Supplies
B0D5MCLCN7,https://www.amazon.in/dp/B0D5MCLCN7?th=1&psc=1&language=en_IN,"V4® Compatible Replacement Remote Control for Lloyd Air Conditioner (Model No-YY125) | Suitable for 1 Ton, 1.5 Ton, 2 Ton Split and Window Air Conditioner",284.0,799.0,0.64,3.2,27.0,"Electronics > Home Theater, TV & Video > Accessories > Remote Controls",Remote Controls
B0D31RVSJY,https://www.amazon.in/dp/B0D31RVSJY?th=1&psc=1&language=en_IN,"boAt Rockerz 109 Bluetooth Neckband with 40 hrs Playback,ENx Technology, Beast Mode (60ms), Magnetic Buds, Dual Pairing, ASAP Charge, IPX5 Water Resistance(Active Black)",2618.412331406551,5360.055396825397,0.5959722222222222,2.0,6.0,"Electronics > Headphones, Earbuds & Accessories > Headphones > In-Ear",In-Ear
B0F29X3YXH,https://www.amazon.in/dp/B0F29X3YXH?th=1&psc=1&language=en_IN,"JBL Tune 520C On-Ear Type C Wired Headphone, Pure Bass Sound,3-Button Remote with Microphone,Comfort fit and Foldable Design(Blue)",2999.0,4999.0,0.4,3.8,7.0,"Electronics > Headphones, Earbuds & Accessories > Headphones > On-Ear",On-Ear
B0DNPZFSV4,https://www.amazon.in/dp/B0DNPZFSV4?th=1&psc=1&language=en_IN,"realme Buds Wireless 5 ANC in Ear Bluetooth Headphones,50dB ANC, 13.6mm Dynamic Bass Driver,360? Spatial Audio,45ms Low Latency,Upto 38hrs Playback,IP55 Rating,Dual Device Connection (Dawn Silver)",1799.0,2799.0,0.36,3.7,892.0,"Electronics > Headphones, Earbuds & Accessories > Headphones > In-Ear",In-Ear
B0CMLS422G,https://www.amazon.in/dp/B0CMLS422G?th=1&psc=1&language=en_IN,FREDI HD PLUS Non Wi-Fi Glasses Cam | Full HD 1080P Camera with 32GB Memory Card Supported | Specs Invisible Lens Complete Hidden | Secret Indoor Outdoor Specs Camera for Home Office Meeting,5760.0,8999.0,0.36,3.2,10.0,Electronics > Cameras & Photography > Security Cameras > Spy Cameras,Spy Cameras
B0C4T1MSSN,https://www.amazon.in/dp/B0C4T1MSSN?th=1&psc=1&language=en_IN,"Sounce Display Port to HDMI Adapter, 1080p Display Port DP to HDMI Cable Male to Female Port Support Video & Audio Compatible with Computer, PC, Monitor, Projector, HDTV (Not Bidirectional)",209.0,999.0,0.79,3.6,2609.0,Computers & Accessories > Accessories & Peripherals > Adapters > HDMI to VGA Adapters,HDMI to VGA Adapters
B084ZRKG46,https://www.amazon.in/dp/B084ZRKG46?th=1&psc=1&language=en_IN,LOHAYA Air Conditioner Remote Compatible for Haier Split AC Remote Control (AC-131A),449.0,999.0,0.55,3.6,541.0,"Electronics > Home Theater, TV & Video > Accessories > Remote Controls",Remote Controls
B0CC3BJKGN,https://www.amazon.in/dp/B0CC3BJKGN?th=1&psc=1&language=en_IN,"PreSonus Eris 3.5 2nd Gen HD Professional Studio Monitors with 3.5"" Woven Composite Woofer, 1"" Silk-Dome Tweeter, 50W Class AB Power and Tuning Controls (Auxillary) - Pair (Black)",11990.0,13990.0,0.14,4.4,22844.0,Musical Instruments > Recording & Computer > Studio Monitors,Studio Monitors
B0CS6RD2FB,https://www.amazon.in/dp/B0CS6RD2FB?th=1&psc=1&language=en_IN,"ZIEVA Compatible with Thomson Smart Tv Remote Control - Without Voice - with Hot Keys Prim Video, Y0utube & Snyliv use for LCD Led OLED QLED Uhd 4K Android Tvs",495.39864864864865,1239.0067567567567,0.5502027027027028,4.1,46.0,"Electronics > Home Theater, TV & Video > Accessories > Remote Controls",Remote Controls
B082WYMTWF,https://www.amazon.in/dp/B082WYMTWF?th=1&psc=1&language=en_IN,"rts Universal Travel Adapter, International All in One Worldwide Travel Adapter and Wall Charger with USB Ports with Multi Type Power Outlet USB 2.1A,100-250 Voltage Travel Charger (Black)",587.0,4999.0,0.88,4.2,12977.0,Electronics > Power Accessories > International Power Adapters,International Power Adapters
B0DKJZ6F9Q,https://www.amazon.in/dp/B0DKJZ6F9Q?th=1&psc=1&language=en_IN,"Xiaomi Type-C in-Ear Earphones with 12.4mm Drivers, HD Microphone, and IP54 Dust & Water Resistance (Black)",549.0,999.0,0.45,3.7,314.0,"Electronics > Headphones, Earbuds & Accessories > Headphones > In-Ear",In-Ear
B0F4N38R43,https://www.amazon.in/dp/B0F4N38R43?th=1&psc=1&language=en_IN,"ZEBRONICS SILENCIO 111, Wireless Headphone, Hybrid ANC (50dB), 55*Hrs Backup, Transparency Mode, 40mm Titanium Drivers, 3 EQ Modes, ENC, Gaming Mode, Dual Pairing, Rapid Charge, Bluetooth v5.4 (White)",2999.0,8999.0,0.67,3.8,14.0,"Electronics > Headphones, Earbuds & Accessories > Headphones > Over-Ear",Over-Ear
B0D1V8CKFQ,https://www.amazon.in/dp/B0D1V8CKFQ?th=1&psc=1&language=en_IN,"boAt Airdopes 800, Dolby Audio, Adaptive EQ by Mimi, 4Mics AI ENx, App Support, Fast Charge, IPX5, v5.3 Bluetooth TWS in Ear Earbuds Wireless Earphones with mic (Interstellar White)",1499.0,6490.0,0.77,4.0,4096.0,"Electronics > Headphones, Earbuds & Accessories > Headphones > In-Ear",In-Ear
B0DQ5M2DPC,https://www.amazon.in/dp/B0DQ5M2DPC?th=1&psc=1&language=en_IN,"Kratos 65"" Selfie Stick Tripod with Reinforced 4-Leg Tripod Stand Comes with 360° Rotatable Handle for Panoramic Shots with Detachable BT. Ultimate Stability for Smartphones, Ring Lights, GoPro",1498.0,4499.0,0.67,4.3,60.0,Electronics > Mobiles & Accessories > Mobile Accessories > Photo & Video Accessories > Selfie Sticks,Selfie Sticks
B07RMHXKMK,https://www.amazon.in/dp/B07RMHXKMK?th=1&psc=1&language=en_IN,Artis BT12 Classic Retro Wireless BT Speaker with FM/USB/AUX in & Hands Free Calling (5W RMS Output),1399.0,2499.0,0.44,3.9,319.0,Electronics > Home Audio > Speakers > Bluetooth Speakers,Bluetooth Speakers
B0DHH818Q2,https://www.amazon.in/dp/B0DHH818Q2?th=1&psc=1&language=en_IN,"Noise Newly Launched Air Buds Pro 6 in-Ear Truly Wireless Earbuds with Hybrid ANC (up to 49dB), LHDC with 12.4mm Titanium Driver, 50H of Playtime, Google Fast Pair, BT v5.3(Nimbus Grey)",2999.0,3999.0,0.25,4.0,2878.0,"Electronics > Headphones, Earbuds & Accessories > Headphones > In-Ear",In-Ear
B0DY4X25Y5,https://www.amazon.in/dp/B0DY4X25Y5?th=1&psc=1&language=en_IN,NEWTECH'S Prestige Mini invertor CFL UPS can (NP-150) with 12V 7.2 AH EXIDE Battery,4178.5,6499.666666666667,0.29333333333333333,3.8499999999999996,501.0,Home & Kitchen > Kitchen & Home Appliances > Inverters & Sets > Inverters,Inverters
B0D3JHKYNG,https://www.amazon.in/dp/B0D3JHKYNG?th=1&psc=1&language=en_IN,Beats Solo Buds — Wireless Bluetooth Earbuds | 18 Hours of Battery Life | Apple & Android Compatibility | Built-in Microphone - Transparent Red,6199.0,6900.0,0.1,4.1,914.0,,nan
B0B23RTNBN,https://www.amazon.in/dp/B0B23RTNBN?th=1&psc=1&language=en_IN,Pioneer DJ Dm-40D 4-Inch Desktop Active Monitor Bluetooth Speaker - Black,17650.0,21000.0,0.16,4.6,125.0,Musical Instruments > Recording & Computer > Studio Monitors,Studio Monitors
B0CSPNYB42,https://www.amazon.in/dp/B0CSPNYB42?th=1&psc=1&language=en_IN,"MSI Geforce RTX 3050 Ventus 2X 6G Oc pci_e Graphic Card - Nvidia Geforce RTX 3050 Gpu, 6Gb Gddr6 96-Bit Memory, 14 Gbps, Express 4 Interface, Up to 1492 Mhz, Dual Fan - Pcie",18140.0,32999.0,0.45,4.5,171.0,Computers & Accessories > Components > Graphics Cards,Graphics Cards
B00ILAA0QU,https://www.amazon.in/dp/B00ILAA0QU?th=1&psc=1&language=en_IN,Sony MDR-EX15AP EX Stereo Headphones with Mic (Black),699.0,890.0,0.21,3.8,7731.0,"Electronics > Headphones, Earbuds & Accessories > Headphones > In-Ear",In-Ear
B0BBQBFGXX,https://www.amazon.in/dp/B0BBQBFGXX?th=1&psc=1&language=en_IN,MX 10-Inch Subwoofer Speaker – High-Power Bass Driver for Home & Car Audio | 4 Ohm | 250W RMS | Deep Bass Woofer for Theater Systems DJ Home Car & Studio Use,2999.0,5580.0,0.46,3.9703703703703703,295.11538461538464,Electronics > Car & Vehicle Electronics > Car Electronics > Car Audio > Car Speakers > Component Subwoofers,Component Subwoofers
B07LDJJ4JP,https://www.amazon.in/dp/B07LDJJ4JP?th=1&psc=1&language=en_IN,Saregama Carvaan Mini 2.0 Tamil- Music Player with Bluetooth/FM/AM/AUX (Sunset Red),2490.0,2690.0,0.07,3.8,1014.0,Electronics > Portable Media Players > Radios,Radios
B09QQMGH79,https://www.amazon.in/dp/B09QQMGH79?th=1&psc=1&language=en_IN,"UBON Cool Bass Sp-70 Bluetooth Wireless Speaker 10W, Bluetooth 5.0, Tf Card, Aux Mode, in Built Fm, USB Support Powerful 2400 mAh Battery, Crystal Clear Audio (SP-70 P1)",1999.0,2999.0,0.33,5.0,7215.486301369863,Electronics > Home Audio > Speakers > Bluetooth Speakers,Bluetooth Speakers
B0DCVYRQ3P,https://www.amazon.in/dp/B0DCVYRQ3P?th=1&psc=1&language=en_IN,Airtel Xstream Only Box | Android TV Box | Kannada Pack | Free Installation | No Dish Antenna (1M Ultimate Kannada HD),2605.0,4500.0,0.42,3.2,7.0,Electronics > Home Audio > Media Streaming Devices > Streaming Clients,Streaming Clients
B0CG65B9RK,https://www.amazon.in/dp/B0CG65B9RK?th=1&psc=1&language=en_IN,"Boat Stone 352 Bluetooth Speaker with 10W RMS Stereo Sound, TWS Feature, Up to 12H Total Playtime, Multi-Compatibility Modes and Type-C Charging(Assassin Red-Deadpool Edition)",11266.564285714287,16798.04651162791,0.4441860465116279,4.0,12629.0,Electronics > Home Audio > Speakers > Bluetooth Speakers,Bluetooth Speakers
B0D1QY8ZG4,https://www.amazon.in/dp/B0D1QY8ZG4?th=1&psc=1&language=en_IN,"COROS PACE 3 Sport Watch GPS, Lightweight and Comfort, 15 Days Battery Life, Dual-Frequency GPS, Heart Rate, Navigation, Sleep Track, Training Plan, Run, Bike, and Ski (Emerald Silicone)",26990.0,,,4.4,1818.0,"Sports, Fitness & Outdoors > Sports Gadgets > GPS Units > Running GPS Units",Running GPS Units
B0C1VWLVP5,https://www.amazon.in/dp/B0C1VWLVP5?th=1&psc=1&language=en_IN,"MZ M420SP (Portable Bluetooth Speaker) Dynamic Thunder Sound Built in Disco Light 10 W Bluetooth Speaker (Black, Stereo Channel)",485.0,899.0,0.46,4.2,14.0,Electronics > Home Audio > Speakers > Bluetooth Speakers,Bluetooth Speakers
B09RZSYJHG,https://www.amazon.in/dp/B09RZSYJHG?th=1&psc=1&language=en_IN,AUSHA ®Wireless Display Adapter (M9),999.0,2999.0,0.67,2.9,25.0,Computers & Accessories > Networking Devices > Data Cards & Dongles,Data Cards & Dongles
B0CYBWVGXP,https://www.amazon.in/dp/B0CYBWVGXP?th=1&psc=1&language=en_IN,"Marshall Emberton II Compact Portable Bluetooth Speaker with 30+ Hours of Playtime, (360° Sound), Dust & Waterproof (IP67) – Black & Steel.",14999.0,19999.0,0.25,4.4,3922.0,Electronics > Home Audio > Speakers > Bluetooth Speakers,Bluetooth Speakers
B08CNDTLMY,https://www.amazon.in/dp/B08CNDTLMY?th=1&psc=1&language=en_IN,"Sony Car Stereo XAV-AX5500 17.6 cm (6.95 inch) Capacitive Touch Screen Digital Media Receiver with Bluetooth, Android Auto, Apple Car Play, WebLink™ Cast, PRE Out - 3 x 5V, Output Power - 55W x 4",21743.0,28990.0,0.25,3.8,39.0,Electronics > Car & Vehicle Electronics > Car Electronics > Car Audio > Car Stereos,Car Stereos
B0C53J7FHY,https://www.amazon.in/dp/B0C53J7FHY?th=1&psc=1&language=en_IN,"VERGEENO - Nvidia Jetson Orin Nano Development Kit (6-core ARM A78AE, 8GB LPDDR5, 64GB MicroSD Storage, Jetpack OS, Power Adapter Included)",52101.333333333336,70233.0,0.36000000000000004,4.133333333333333,504.0,Computers & Accessories > Components > Barebones,Barebones
B0D9R45FMH,https://www.amazon.in/dp/B0D9R45FMH?th=1&psc=1&language=en_IN,"Sony WF-C510 Wireless Bluetooth Earbuds with Mic, TWS, in Ear, Ambient Sound Mode, Small and Comfortable, IPX4, Quick Charge, Multipoint Connectivity, Customized EQ, Up to 22 Hours Battery- White",4290.0,8990.0,0.52,3.8,1370.0,"Electronics > Headphones, Earbuds & Accessories > Headphones > In-Ear",In-Ear
B0D1MN5RHM,https://www.amazon.in/dp/B0D1MN5RHM?th=1&psc=1&language=en_IN,HUMBLE Ultimate Cable Protector | Spiral Triple Colour 1.5 Meter / 150 cm | Plastic Cord Wire Charger Winder for iPhone and Android Charging Cables (Pack of 3),149.0,999.0,0.85,4.1,19945.0,Computers & Accessories > Accessories & Peripherals > Cables & Accessories > Cable Connection Protectors,Cable Connection Protectors
B0DKJZ6F9Q,https://www.amazon.in/dp/B0DKJZ6F9Q?th=1&psc=1&language=en_IN,"Xiaomi Type-C in-Ear Earphones with 12.4mm Drivers, HD Microphone, and IP54 Dust & Water Resistance (Black)",549.0,999.0,0.45,3.7,314.0,"Electronics > Headphones, Earbuds & Accessories > Headphones > In-Ear",In-Ear
B0CSWMMBKD,https://www.amazon.in/dp/B0CSWMMBKD?th=1&psc=1&language=en_IN,HT03XL L11119-855 Laptop Battery for HP Pavilion 14-CE 14-CF 14-DF 15-CS 15-DA 15-DB 15-DW 17-by 17-CA Series 15-CS0053CL 15-DW0033NR 15-DA0014DX L11421-542 L11421-2C2 HSTNN-UB7J HSTNN-DB8R HT03041XL,2057.0,3439.0,0.406,4.6,16.0,Computers & Accessories > Accessories & Peripherals > Laptop Accessories > Laptop Batteries,Laptop Batteries
B0D44JYTRL,https://www.amazon.in/dp/B0D44JYTRL?th=1&psc=1&language=en_IN,"JBL New Launch Live Beam 3,Hi-Res Audio True ANC TWS,Smart Case with Touch Display,48H Playtime,Wireless Charging,6 Mic,Multipoint Connection, Ip55 Proof, in Ear Headphones App, Personi-Fi 3.0 (Blue)",11999.0,24999.0,0.52,3.7,739.0,"Electronics > Headphones, Earbuds & Accessories > Headphones > In-Ear",In-Ear
B0BSXMR5TG,https://www.amazon.in/dp/B0BSXMR5TG?th=1&psc=1&language=en_IN,"JBL Tour One M2 Adaptive Noise Cancelling Over-Ear Headphones, Spatial Sound, Smart Ambient,50Hrs Playtime,BT 5.3 Le, Quick Charge, Multi Point Conectivity, Built-in Alexa,2 Years Warranty (Champagne)",8920.576086956522,12721.32558139535,0.493139534883721,3.8,204.0,"Electronics > Headphones, Earbuds & Accessories > Headphones > Over-Ear",Over-Ear
B09LHZWR7T,https://www.amazon.in/dp/B09LHZWR7T?th=1&psc=1&language=en_IN,"boAt Rockerz 330 Pro in-Ear Bluetooth Neckband with 60HRS Playtime, ASAP Charge, ENx Tech, Signature Sound, BT v5.2, Dual Pairing, IPX5, with Mic (Teal Green)",2618.412331406551,5360.055396825397,0.5959722222222222,4.0,4278.0,"Electronics > Headphones, Earbuds & Accessories > Headphones > In-Ear",In-Ear
B0DWXX5Z5K,https://www.amazon.in/dp/B0DWXX5Z5K?th=1&psc=1&language=en_IN,"Boult Newly Launched Bassbox Q5 Bluetooth Speaker with 5 Watt BoomX Audio, Up to 18Hrs Playtime, Type-C Charging, TF Card/USB & BT 5.4 Compatible, Made in India Portable Speaker (Pure Black)",799.0,2999.0,0.73,4.2,136.0,Electronics > Home Audio > Speakers > Bluetooth Speakers,Bluetooth Speakers
B0CP4BJ1DX,https://www.amazon.in/dp/B0CP4BJ1DX?th=1&psc=1&language=en_IN,"pTron Bassbuds Tango In-Ear TWS Earbuds, TruTalk AI-ENC Calls, Movie Mode, 40Hrs Playtime, Bluetooth 5.1 Headphone with HD Mics, Touch Control, IPX4 Water-Resistant & Type-C Fast Charging (Bold Black)",599.0,3999.0,0.85,3.6,2442.0,"Electronics > Headphones, Earbuds & Accessories > Headphones > In-Ear",In-Ear
B0CHMRLB3W,https://www.amazon.in/dp/B0CHMRLB3W?th=1&psc=1&language=en_IN,"CELLECOR BROPODS CB55 TWS in-Ear Earbuds with Mega 60 Hrs Playtime, 13 mm Extra Deep Bass Driver, ENC, Ultra Low Latency, Fast Charging-Type-C, Instant Wake N’ Pair, Touch Control (Black)",999.0,4499.0,0.78,5.0,29798.275310834815,"Electronics > Headphones, Earbuds & Accessories > Headphones > In-Ear",In-Ear
B0CW1D2K7P,https://www.amazon.in/dp/B0CW1D2K7P?th=1&psc=1&language=en_IN,WunderCurrent® EV Charger with 25 Metres of 4 Sq Mm 3-Core Cable 6-in-1 Digital Energy Metre External Earthing Mechanism (W3 Ultra),14500.0,28500.0,0.49,4.6,27.0,Car & Motorbike > Vehicle Tools > Garage & Workshop Equipment > Electric Vehicle Charging Equipment > Charging Stations,Charging Stations
B09X61XTJ3,https://www.amazon.in/dp/B09X61XTJ3?th=1&psc=1&language=en_IN,"GIMNER Genuine Leather Mobile Pouch, Pouch for All 6.2 to 6.5 Inches Mobile, Universal Mobile Pouch for Men and Women (Brown (Holster))",339.0,899.0,0.62,4.2,798.0,Electronics > Mobiles & Accessories > Mobile Accessories > Cases & Covers > Holsters,Holsters
B0CRTRS6JZ,https://www.amazon.in/dp/B0CRTRS6JZ?th=1&psc=1&language=en_IN,"soundcore A30I by Anker,Noise Cancelling in Ear Earbuds,Stylish Design,Lightweight Comfort,Clear Sound Super Clear and Powerful Bass,24H Playtime,Ip54,Fast Charge 10Min =120 Min,Bluetooth 5.4-Black",1999.0,4998.0,0.6,3.6,1525.0,"Electronics > Headphones, Earbuds & Accessories > Headphones > In-Ear",In-Ear
B08JCP45YV,https://www.amazon.in/dp/B08JCP45YV?th=1&psc=1&language=en_IN,"elesories White Noise Machine - Portable Sleep Therapy with 24 Soothing Sounds for Adults, Babies & Kids - White Noise, Fan, Nature & Lullaby for Nursery, Office, Home",1790.0,3499.0,0.49,4.4,8734.0,Toys & Games > Party Supplies > Noisemakers,Noisemakers
B0B3MNYGTW,https://www.amazon.in/dp/B0B3MNYGTW?th=1&psc=1&language=en_IN,"OnePlus Bullets Z2 Bluetooth Wireless in Ear Earphones with Mic, Bombastic Bass, 10 Mins Charge - 20 Hrs Music, 30 Hrs Battery Life (Acoustic Red)",1399.0,2299.0,0.39,4.1,193805.0,"Electronics > Headphones, Earbuds & Accessories > Headphones > In-Ear",In-Ear
B0CT5R78WR,https://www.amazon.in/dp/B0CT5R78WR?th=1&psc=1&language=en_IN,"FABTEC 8 Inch Under Seat Active Subwoofer Bass Tube for Cars (Inbuilt Amp, 200 Rms), Black",3199.0,6999.0,0.54,3.0,115.0,Electronics > Car & Vehicle Electronics > Car Electronics > Car Audio > Car Speakers > Component Subwoofers,Component Subwoofers
B0DN5WZ92V,https://www.amazon.in/dp/B0DN5WZ92V?th=1&psc=1&language=en_IN,"Lyla 1/6 Scale Radio Talkie Outdoor Mini Radio Talkie for 12"" Male Female Dolls",1682.0,3399.0,0.51,,,Toys & Games > Dress Up & Pretend Play > Play Tools,Play Tools
B0DHXH9RLZ,https://www.amazon.in/dp/B0DHXH9RLZ?th=1&psc=1&language=en_IN,"Fosi Audio ZD3 Desktop DAC Preamp, Fully Balanced Digital to Analog Audio Converter with ES9039Q2M for Home Stereo Amplifier, Bluetooth/USB/Optical/Coax/TV HDMI ARC Input, XLR/RCA Output with Remote",15799.0,19999.0,0.21,4.4,129.0,Electronics > Home Audio > Receivers & Separates > Amplifiers,Amplifiers
B0978V2CP6,https://www.amazon.in/dp/B0978V2CP6?th=1&psc=1&language=en_IN,"Cubetek 3 in 1 LCD Display V5.0 Bluetooth Transmitter Receiver, Bypass Audio Adapter with Aux, Optical, Dual Link Support for TV, Home Stereo, PC, Headphones, Speakers, Model: CB-BT27",1890.0,3100.0,0.39,4.0,1765.0,Electronics > Home Audio > Media Streaming Devices > Wireless Audio Receivers & Adapters,Wireless Audio Receivers & Adapters
B0D771B56Q,https://www.amazon.in/dp/B0D771B56Q?th=1&psc=1&language=en_IN,"pTron Newly Launched Fusion Joy 20W Bluetooth Speaker with Wireless Karaoke Mic, 6Hrs Playtime, Vivid RGB Lights, Voice Effects, Multi-Play Modes BT5.3/TF Card/USB & Type-C Charging Port (Black)",1799.0,5999.0,0.7,4.1,2090.0,Electronics > Home Audio > Speakers > Bluetooth Speakers,Bluetooth Speakers
B0DQH2NDN5,https://www.amazon.in/dp/B0DQH2NDN5?th=1&psc=1&language=en_IN,Remote Control Compatible for AMA zon Fire TV Stick with Alexa Voice Bluetooth Control (3rd Generation),648.0,999.0,0.35,3.9,37.0,"Electronics > Home Theater, TV & Video > Accessories > Remote Controls",Remote Controls
B0CDFQ8WR5,https://www.amazon.in/dp/B0CDFQ8WR5?th=1&psc=1&language=en_IN,"iClever Kids Headphones with Cord, 85dBA Safe Volume Wired Headphone for Kids, Stereo Sound Foldable Adjustable, 3.5mm Jack, Over Ear Kid Headphones for School/Boys/Girls/iPad/Tablet/Travel, Blue",1499.0,1999.0,0.25,4.6,1515.0,"Electronics > Headphones, Earbuds & Accessories > Headphones > Over-Ear",Over-Ear
B0D3V5MP89,https://www.amazon.in/dp/B0D3V5MP89?th=1&psc=1&language=en_IN,amazon basics TWS in-Ear Earbuds (P80) with Fast Charging up to 80 Hours of Playtime | Dual 12mm Driver | IPX4 Water-Resistance | Bluetooth 5.3 | Quad Mic with ENC | Touch Control (Black),659.0,2999.0,0.78,3.2,4953.0,"Electronics > Headphones, Earbuds & Accessories > Headphones > In-Ear",In-Ear
B0B1PW53LT,https://www.amazon.in/dp/B0B1PW53LT?th=1&psc=1&language=en_IN,"Noise Two Wireless On-Ear Headphones with 50 Hours Playtime, Low Latency(up to 40ms), 4 Play Modes, Dual Pairing, BT v5.3 (Calm White)",1499.0,4999.0,0.7,3.4,1839.0,"Electronics > Headphones, Earbuds & Accessories > Headphones > On-Ear",On-Ear
B0756S4BM7,https://www.amazon.in/dp/B0756S4BM7?th=1&psc=1&language=en_IN,"Panasonic FM Radio Speaker Pocket Player, AM FM Dual Band Receiver.",1529.0,1999.0,0.24,3.5,1814.0,Electronics > Portable Media Players > Radios > AM/FM Radios,AM/FM Radios
B0F2834HHM,https://www.amazon.in/dp/B0F2834HHM?th=1&psc=1&language=en_IN,"Ubon CL-50 v5.3 Quick Charge, 500 Hr Standby Time, Support Quick Charge Feature And EQ Mode AI & ANC Enable (Blue)",1248.0,3599.0,0.65,3.7452631578947373,29798.275310834815,"Electronics > Headphones, Earbuds & Accessories > Headphones > In-Ear",In-Ear
B0CRVF3YYQ,https://www.amazon.in/dp/B0CRVF3YYQ?th=1&psc=1&language=en_IN,"SKULLSAINTS Agni Mini PC – 12th Gen Alder Lake N100, 16GB DDR4 + 512GB M.2 Storage, Vibrant LCD Screen, M.2 SSD, Mini Tower with RGB Lights, WiFi 6, 4K UHD, Dual LAN for Home and Office",20482.0,29999.0,0.32,3.8,55.0,Computers & Accessories > Desktops > Mini PCs,Mini PCs
B09B917Z8D,https://www.amazon.in/dp/B09B917Z8D?th=1&psc=1&language=en_IN,"Amazon Echo Dot (5th Gen) | Smart speaker with Bigger sound, Motion Detection, Temperature Sensor, Alexa and Bluetooth| Black",5499.0,15646.588823529411,0.17823529411764708,4.1,9387.0,,nan
B0DGDC31JW,https://www.amazon.in/dp/B0DGDC31JW?th=1&psc=1&language=en_IN,"Robustt P4 Full Motion Cantilever TV Wall Mount Bracket for 32 to 60 Inch LED/HD/Smart TV�s, Universal Heavy Duty TV Wall Mount Stand with Swivel Rotation & Tilt Adjustments (Pack of 1)",1375.0,1999.0,0.31,4.1,101.0,"Electronics > Home Theater, TV & Video > Accessories > TV Mounts, Stands & Turntables > TV Wall & Ceiling Mounts",TV Wall & Ceiling Mounts
B07S8PSW59,https://www.amazon.in/dp/B07S8PSW59?th=1&psc=1&language=en_IN,boAt Bassheads 102 in Ear Wired Earphones with Mic(Charcoal Black),499.0,1290.0,0.61,4.1,87239.0,"Electronics > Headphones, Earbuds & Accessories > Headphones > In-Ear",In-Ear
B0DN1WCLXG,https://www.amazon.in/dp/B0DN1WCLXG?th=1&psc=1&language=en_IN,"ZEBRONICS AXON 100 Portable Party Bluetooth Speaker, 90W RMS, Quad Drivers + Dual Passive Radiators, IPX5, Upto 6 Hours Playback, Rapid Charging, BT | USB | AUX | TWS, Fabric Finish, RGB, Deep Bass",5299.0,12999.0,0.59,4.0,725.0,Electronics > Home Audio > Speakers > Outdoor Speakers,Outdoor Speakers
B0DFWP541Z,https://www.amazon.in/dp/B0DFWP541Z?th=1&psc=1&language=en_IN,"Type B/Micro USB 120cm fast Charging cable Compatible with Mi Smartphones |480mbps support| Best Suitable for all Smartphones,tablet and accessories with type B input, Black",269.0,999.0,0.73,3.7,31.0,Computers & Accessories > Accessories & Peripherals > Cables & Accessories > Cables > USB Cables,USB Cables
B09F747S1C,https://www.amazon.in/dp/B09F747S1C?th=1&psc=1&language=en_IN,"Upix LCD/LED Remote No. 804, Compatible/Replacement for Videocon LCD/LED TV Remote (Exactly Same Remote Will Only Work)",408.0,899.0,0.55,3.2,12.0,"Electronics > Home Theater, TV & Video > Accessories > Remote Controls",Remote Controls
B07QJY6JG9,https://www.amazon.in/dp/B07QJY6JG9?th=1&psc=1&language=en_IN,"GLCONN Wireless Intercom System for Home - 10 Channel 3 Privacy Code, 1.1 Mile Range Room to Room Communication - 2 Pack",8230.0,9999.0,0.18,4.1,951.0,Home Improvement > Electrical > Intercom,Intercom
B0DMPGY9YS,https://www.amazon.in/dp/B0DMPGY9YS?th=1&psc=1&language=en_IN,WIRED INTRA-AURICULAR HEADPHONES - TAE2146WT/00,599.0,899.0,0.33,4.4,68.0,"Electronics > Headphones, Earbuds & Accessories > Headphones > In-Ear",In-Ear
B0F1N9MBHK,https://www.amazon.in/dp/B0F1N9MBHK?th=1&psc=1&language=en_IN,DAINTY Tweeter TW202 | Size 2” Tweeter | Pack of 2 | Power 15W RMS/30W MAX | Magnet 40X8MM | Frequency 2K-16K HZ | 4 ohms,159.0,325.0,0.44,4.4,5.0,Electronics > Car & Vehicle Electronics > Car Electronics > Car Audio > Car Speakers > Tweeters,Tweeters
B0DPCH5FR6,https://www.amazon.in/dp/B0DPCH5FR6?th=1&psc=1&language=en_IN,"T TS Red-Blue 3D Glasses with box packing (5pieces in pack) Suitable for Viewing Cyan Anaglyph 3D Content such as Movies, Videos, Images, Magazines, comics Book,3D print and online content.",450.0,2599.0,0.83,3.275,110.5,"Electronics > Home Theater, TV & Video > Accessories > 3D Glasses",3D Glasses
B0B58F36CN,https://www.amazon.in/dp/B0B58F36CN?th=1&psc=1&language=en_IN,"Boat Rockerz 330ANC Bluetooth in Ear Neckband with mic, Crystal Bionic Sound Powered by Dirac Opteo, Active Noise Cancellation, 13mm Drivers, ASAP Charge, 24H Playback & ENx Tech(Funky Grey)",1694.0,4990.0,0.66,3.6,3404.0,"Electronics > Headphones, Earbuds & Accessories > Headphones > In-Ear",In-Ear
B0CV4V8WTR,https://www.amazon.in/dp/B0CV4V8WTR?th=1&psc=1&language=en_IN,"ABOUT SPACE DIY Desk Organizer - 2- Way Usage - Wood Desktop Storage Organizer Engineered Wood Printer Stand for Desk, Desktop Organizer for Home Office (L 40 x B 30 x H 22.5 cm)",1529.0,3949.0,0.61,4.1,99.0,"Office Products > Office Supplies > Desk Accessories & Storage Products > Desk Supplies, Organisers & Dispensers > Desk Supplies Organisers",Desk Supplies Organisers
B09RGVM96S,https://www.amazon.in/dp/B09RGVM96S?th=1&psc=1&language=en_IN,truke Buds BTG1 True Wireless Earbuds with Environmental Noise Cancellation(ENC) & Quad MEMS Mic for Clear Calls | Up to 48hrs of Playtime | 60ms Low Latency | Bluetooth 5.1 | IPX4,799.0,3499.0,0.77,3.6,3830.0,"Electronics > Headphones, Earbuds & Accessories > Headphones > In-Ear",In-Ear
B0CDH7B71T,https://www.amazon.in/dp/B0CDH7B71T?th=1&psc=1&language=en_IN,"EarFun UBOOM Slim Bluetooth Speaker with Mic, Bluetooth 5.2 Portable Speaker, 20W Loud Stereo Sound Wireless Speaker, Powerful Bass, 100% Waterproof, 18H Playtime, Stereo Pairing Voice Assist",2999.0,9999.0,0.7,4.1,1166.0,Electronics > Home Audio > Speakers > Bluetooth Speakers,Bluetooth Speakers
B0DJZTYGSG,https://www.amazon.in/dp/B0DJZTYGSG?th=1&psc=1&language=en_IN,"Google Earbuds Wired Headset USB-C, Comfortable Fit, Inline Controls, Compatible with Type-C Phones - White (Retail)",7123.0,11123.0,0.36,4.4,82.0,"Electronics > Headphones, Earbuds & Accessories > Headphones > In-Ear",In-Ear
B0CHMMVHQL,https://www.amazon.in/dp/B0CHMMVHQL?th=1&psc=1&language=en_IN,"JBL Live 770NC True Adaptive Noise Cancellation Headphones, Wireless Over Ear, Spatial Sound, 65Hrs Playtime, Speed Charge, Multipoint Connect and Personi-Fi 2.0, BT 5.3, Google Fast Pair, Alexa, Blue",8999.0,14999.0,0.4,4.3,1061.0,"Electronics > Headphones, Earbuds & Accessories > Headphones > Over-Ear",Over-Ear
B07KG8CHZ7,https://www.amazon.in/dp/B07KG8CHZ7?th=1&psc=1&language=en_IN,Crysendo Headphone Cushion Ear Muffs (60mm / 6cm) 6Pcs 5mm Thick Replacement Earpads Sponge Cover | High-Density Foam Ear Cushion,299.0,499.0,0.4,4.0,4988.0,"Electronics > Headphones, Earbuds & Accessories > Earpads",Earpads
B0CZ23FJJT,https://www.amazon.in/dp/B0CZ23FJJT?th=1&psc=1&language=en_IN,"Seznik Portable Mini Sealing Machine, Handheld Packet Sealer for Food, Snacks, Chips, Fresh Storage, Plastic Bags Sealing Machine, 1 YEAR Warranty (White)",348.0,1200.0,0.71,3.8,4660.0,Home & Kitchen > Kitchen & Home Appliances > Small Kitchen Appliances > Vacuum Sealers,Vacuum Sealers
B0CJJT9T27,https://www.amazon.in/dp/B0CJJT9T27?th=1&psc=1&language=en_IN,"EarFun Free Pro 3 Noise Cancellation Earbuds, Hi-Res Audio Wireless Certification, Snapdragon Sound, Qualcomm aptX™Adaptive, 6 Mics ENC, Cozy Fit TWS Earbuds Bluetooth Wireless, Multipoint, Navy Blue",8499.0,8999.0,0.06,4.2,1755.0,"Electronics > Headphones, Earbuds & Accessories > Headphones > In-Ear",In-Ear
B0CYQ1B598,https://www.amazon.in/dp/B0CYQ1B598?th=1&psc=1&language=en_IN,"Fosi Audio HT4S Bluetooth Amplifier 4.1/5.0 Ch Stereo for Outdoor Speakers, 4-Channel Power Amplifier for Bass Shaker Sim Racing Cockpit, Support AUX/Optical Input with Remote Control",13999.0,10642.555555555555,0.26555555555555554,4.0,105.0,Electronics > Home Audio > Receivers & Separates > Amplifiers,Amplifiers
B0F74T2V2C,https://www.amazon.in/dp/B0F74T2V2C?th=1&psc=1&language=en_IN,"Mivi Fort Q26 Soundbar [Newly Launched] with 26W Powerful Audio, 2.0 Channel with Dual Full-Range Speakers, Multiple Input Modes, 6H Playtime, 2500mAh Battery, Made in India Soundbar for TV",1599.0,3499.0,0.54,3.8,11.0,Electronics > Home Audio > Speakers > Soundbar Speakers,Soundbar Speakers
B097CM9VG6,https://www.amazon.in/dp/B097CM9VG6?th=1&psc=1&language=en_IN,"PopSockets Phone Grip Slide for Phones and Cases, Sliding Phone Grip with Expanding Kickstand, Square Edges - Deep Periwinkle",745.0,1490.0,0.5,4.4,2833.0,Electronics > Mobiles & Accessories > Mobile Accessories > Grips,Grips
B0DBR696V2,https://www.amazon.in/dp/B0DBR696V2?th=1&psc=1&language=en_IN,"Portronics Snapcase 60W Multifunctional Fast Charging Data Cable Kit, Conversion Set USB A & Type C to Male Micro/Type C/Lightning,Data Transfer,Sim Storage,Sim Eject Pin,Pocket Mirror,Phone Holder",305.0,799.0,0.62,4.2,642.0,Electronics > Telephones & Accessories > Accessories > Cables,Cables
B0F1DG6693,https://www.amazon.in/dp/B0F1DG6693?th=1&psc=1&language=en_IN,CARORS 2025 Upgraded 4K Ultra HD MXQ Box with H3 Quad Core Processor | 2GB RAM 16GB Storage | Dual Band WiFi | 4K | Smart Android 11.X | NOT for CCTV,1849.0,4500.0,0.59,3.3,5.0,Electronics > Home Audio > Media Streaming Devices > Streaming Clients,Streaming Clients
B0F9PSWMW6,https://www.amazon.in/dp/B0F9PSWMW6?th=1&psc=1&language=en_IN,"Gootu Solar Inverter, 10.2 kW, 48V DC, Hybrid Power Inverter",,,,4.3,4.0,Outdoor Living > Solar & Wind Power > Solar & Wind Power Inverters > Hybrid Inverters,Hybrid Inverters
B0CF1M3S6S,https://www.amazon.in/dp/B0CF1M3S6S?th=1&psc=1&language=en_IN,"Portronics Conch Tune C in Ear Type C Wired Earphones with Mic,10mm Driver, 1.2m Nylon Braided Anti Tangle Wire, in line Controls, Metal Alloy Body, Wide Compatibility(Grey)",2618.412331406551,5360.055396825397,0.5959722222222222,3.6,3261.0,"Electronics > Headphones, Earbuds & Accessories > Headphones > In-Ear",In-Ear
B08QVBWR9X,https://www.amazon.in/dp/B08QVBWR9X?th=1&psc=1&language=en_IN,"JBL Tune 510BT, On Ear Wireless Headphones with Mic, up to 40 Hours Playtime, Pure Bass, Quick Charging, Dual Pairing, Bluetooth 5.0 & Voice Assistant Support for Mobile Phones (White)",2299.0,4499.0,0.49,4.0,18243.0,"Electronics > Headphones, Earbuds & Accessories > Headphones > On-Ear",On-Ear
B09Y5MP7C4,https://www.amazon.in/dp/B09Y5MP7C4?th=1&psc=1&language=en_IN,"Noise Buds VS104 Truly Wireless Earbuds with 45H of Playtime, Quad Mic with ENC, Instacharge(10 min=200 min), 13mm Driver,Low Latency, BT v5.2 (Charcoal Black)",1099.0,3499.0,0.69,3.8,26643.0,"Electronics > Headphones, Earbuds & Accessories > Headphones > In-Ear",In-Ear
B0DK3TBCRD,https://www.amazon.in/dp/B0DK3TBCRD?th=1&psc=1&language=en_IN,"JBL New Launch Tune Flex 2 TWS, ANC Earbuds, 48Hr Playtime,Dual Connect, Ambient Aware, Relax Mode, Customized EQ with Headphones App, 6 Mics for Clear Calls, Spatial Sound, Personi-Fi 3.0 (Black)",5999.0,9999.0,0.4,3.9,679.0,"Electronics > Headphones, Earbuds & Accessories > Headphones > In-Ear",In-Ear
B0BZ4W3KPP,https://www.amazon.in/dp/B0BZ4W3KPP?th=1&psc=1&language=en_IN,7SEVEN® Compatible with Blue Star AC Remote Control 226 Model Suitable for WIA418LL FS318DLTU 1.5 Ton Spilt and Window Inverter Air Conditioner – Match Keys Exactly with Existing Bluestar AC Remote,479.0,799.0,0.4,3.1,27.0,"Electronics > Home Theater, TV & Video > Accessories > Remote Controls",Remote Controls
B0DR747T48,https://www.amazon.in/dp/B0DR747T48?th=1&psc=1&language=en_IN,"MARVYS 1 Pc Airtag Shoe Holder for Kids, Waterproof Cute Shoes Clip Tracker Case, Cute Cartoon AirTag Holder for Kids, Hidden Silicone AirTag Tracker Cases (Dinosaur)",729.0,899.0,0.19,3.6,7.0,Electronics > GPS & Accessories > Accessories > Cases,Cases
B07D2FFHBG,https://www.amazon.in/dp/B07D2FFHBG?th=1&psc=1&language=en_IN,"Upix AC Remote No. 122 (No Backlight), Compatible/Replacement for Mitsubishi AC Remote Control (Exactly Same Remote Will Only Work)",399.0,899.0,0.56,3.8,493.0,"Electronics > Home Theater, TV & Video > Accessories > Remote Controls",Remote Controls
B09P1LHNTH,https://www.amazon.in/dp/B09P1LHNTH?th=1&psc=1&language=en_IN,"Zebronics Zeb-Blitz USB Gaming Wired Over Ear Headphones with Dolby Atmos, RGB LED, Windows Software, Simulated 7.1 Surround Sound, 2.4 Meter Braided Cable, Flexible mic, Ear Cushions with mic (White)",2399.0,5999.0,0.6,4.1,789.0,Computers & Accessories > Accessories & Peripherals > PC Gaming Peripherals > Headsets,Headsets
B087CC4QH4,https://www.amazon.in/dp/B087CC4QH4?th=1&psc=1&language=en_IN,"Sonos Five | HiFi Speaker with WiFi, 3.5 mm Line in, Support for Hi-Res Audio Streaming - Black",57499.0,62499.0,0.08,4.4,1014.0,Electronics > Home Audio > Speakers > Bluetooth Speakers,Bluetooth Speakers
B0CRX7G1JZ,https://www.amazon.in/dp/B0CRX7G1JZ?th=1&psc=1&language=en_IN,"2.5 inch Hard Drive Enclosure Type c, PiBOX India 6Gbps USB 3.1 to SATA III Tool-Free External Hard Drive Enclosure for 7mm/9.5mm 2.5"" SSD Laptop HDD with UASP for Samsung WD, Xbox PC TV - Black",449.0,999.0,0.55,4.3,730.0,Computers & Accessories > Accessories & Peripherals > Hard Drive Accessories > Enclosures,Enclosures
B0F4WLLQ88,https://www.amazon.in/dp/B0F4WLLQ88?th=1&psc=1&language=en_IN,"VARNI Fashion Nail Drill Kids Adults with Wireless Mics Portable Karaoke Bluetooth Speaker & Dynamic Lights Birthday Gift for Girls, Boys & Toddlers Ages 4,5,6,7,8,9,10,12+ Year Old",499.0,999.0,0.5,4.1,2941.0,Toys & Games > Electronic Toys > Karaoke Machines,Karaoke Machines
B0CK8L2QMP,https://www.amazon.in/dp/B0CK8L2QMP?th=1&psc=1&language=en_IN,NB NOIZZYBOX Retro XXL 4 Band Radio Wireless Bluetooth Speaker with Remote and Equalizer (Beige),,,,3.7,937.0,Electronics > Home Audio > Radios & Boomboxes > Novelty Radios,Novelty Radios
B0CP3MKGRY,https://www.amazon.in/dp/B0CP3MKGRY?th=1&psc=1&language=en_IN,"boAt Rockerz 235 Pro Wireless Bluetooth Neckband in Ear Earphone, Upto 20 hrs of Playtime, Beast Mode, Low Latency, IPX5 Water & Sweat Resistance, ENx Technology, Bluetooth v5.2(Furious Blue)",899.0,2490.0,0.64,3.8,238.0,"Electronics > Headphones, Earbuds & Accessories > Headphones > In-Ear",In-Ear
B0CV3SNFWF,https://www.amazon.in/dp/B0CV3SNFWF?th=1&psc=1&language=en_IN,"FABTEC 12V Dual Channel 120W Car Amplifier Stereo Power Mono Amp Audio, Bass Sub- Woofer kit, Monoblock, Black Body Encloser,Car Multi Channel Amplifier Class AB, Mosfet Dc Power Supply",1278.0,1999.0,0.36,3.5,63.0,Electronics > Car & Vehicle Electronics > Car Electronics > Car Audio > Car Amplifiers > Mono Amplifiers,Mono Amplifiers
B0BTNT6F4X,https://www.amazon.in/dp/B0BTNT6F4X?th=1&psc=1&language=en_IN,"amazon basics Vertical Laptop Stand with Adjustable Dock and Dual Slots, Compatible with All Laptops Up to 20.3"" (Aluminium, Grey)",699.0,1682.3333333333333,0.5866666666666668,4.6,302.0,Computers & Accessories > Accessories & Peripherals > Laptop Accessories > Notebook Computer Stands,Notebook Computer Stands
B0BB7L62Y6,https://www.amazon.in/dp/B0BB7L62Y6?th=1&psc=1&language=en_IN,"Boult Audio Bassbuds Loop 2 Wired in Ear Earphones with Mic, 10mm Powerful Driver for Extra Bass with Customizable Ear Loop (Teal Blue)",299.0,999.0,0.7,3.8,15745.0,"Electronics > Headphones, Earbuds & Accessories > Headphones > In-Ear",In-Ear
B0DWSWTGWC,https://www.amazon.in/dp/B0DWSWTGWC?th=1&psc=1&language=en_IN,"ZEBRONICS 240W Party Trolley DJ Speaker, 11h Playback, Wireless UHF Mic, Karaoke & Recording, Dual 30.48cm High-Fidelity Drivers, TWS, 6.3mm Mic & Guitar Inputs, Bluetooth, USB, RGB (Glow Box 12B)",1534.0,2799.0,0.5,2.6,8.0,Musical Instruments > Karaoke Equipment > Systems > Portable Systems,Portable Systems
B0DBH7WWF7,https://www.amazon.in/dp/B0DBH7WWF7?th=1&psc=1&language=en_IN,"boAt Rockerz 150 Pro Bluetooth Neckband Earphones w/ 150hrs Playback, Dual EQ Modes, Crystal Bionic Sound by HiFi DSP 5, AI-ENx™ Technology, Dual Pairing,Beast™ Mode,ASAP™ Charge(Green)",999.0,3990.0,0.75,3.5,591.0,"Electronics > Headphones, Earbuds & Accessories > Headphones > In-Ear",In-Ear
B0CJJT1BFV,https://www.amazon.in/dp/B0CJJT1BFV?th=1&psc=1&language=en_IN,Samsung Galaxy Buds FE (Graphite)| Powerful Active Noise Cancellation | Enriched Bass Sound | Ergonomic Design | 30-Hour Battery Life,4999.0,12999.0,0.62,4.0,1509.0,"Electronics > Headphones, Earbuds & Accessories > Headphones > In-Ear",In-Ear
B08D77XZX5,https://www.amazon.in/dp/B08D77XZX5?th=1&psc=1&language=en_IN,"pTron Tangentbeat in Ear Bluetooth 5.0 Wireless Headphones with Mic, Deep Bass, 10mm Drivers, Clear Calls, Dual Pairing, Fast Charging, Magnetic Buds, Voice Assistant & IPX4 Wireless Neckband (Black",549.0,2499.0,0.78,3.8,76279.0,"Electronics > Headphones, Earbuds & Accessories > Headphones > In-Ear",In-Ear
B0DB5QY18X,https://www.amazon.in/dp/B0DB5QY18X?th=1&psc=1&language=en_IN,"Ambrane Type C in Ear Wired Headphones with in-Line Mic for Clear Calling, 1.2M Cable, 10Mm Dynamic Drivers for Boostedbass, Control Buttons for iPhone 15, Samsung&Type C Devices(Stringz 04, Black)",399.0,899.0,0.56,3.8,3135.0,"Electronics > Headphones, Earbuds & Accessories > Headphones > In-Ear",In-Ear
B0FB3RWQBM,https://www.amazon.in/dp/B0FB3RWQBM?th=1&psc=1&language=en_IN,ERROR: Page Not Found/Error,12041.263157894737,15646.588823529411,0.17823529411764708,4.163636363636364,2320.7619047619046,,nan
B0DTHYF4SG,https://www.amazon.in/dp/B0DTHYF4SG?th=1&psc=1&language=en_IN,"Amazon Basics Aero Tag for iOS | Apple Find My Network Tracker | Bluetooth 5.3 | No SIM Needed | Anti-Lost & Loud 80dB Alert | Item Finder- Keys, Wallets, Bags |Lightweight & 1-Year Battery(Black)",699.0,1799.0,0.61,4.6,16.0,Electronics > GPS & Accessories > Item Finders,Item Finders
B0BZ8RPBJ9,https://www.amazon.in/dp/B0BZ8RPBJ9?th=1&psc=1&language=en_IN,"7SEVEN® Compatible with Blue Star Split Ac Remote Suitable Only on 1 1.5 Ton Inverter AC with Part Number BI-5CNHW12QATU BO-5CNHW12QATU and Model of Remote 201, Match Key by Key Functionality",479.0,799.0,0.4,3.4,17.0,"Electronics > Home Theater, TV & Video > Accessories > Remote Controls",Remote Controls
B0BD5BL3Y8,https://www.amazon.in/dp/B0BD5BL3Y8?th=1&psc=1&language=en_IN,Dealfreez Silicone TV Remote Case Cover for LG TV Remote AN-MR19BA & AN-MR600 MR20 Magic Remote Case with Lanyard (B-Black) [Remote NOT Included],569.0,1499.0,0.62,4.2,1546.0,"Electronics > Home Theater, TV & Video > Accessories > Remote Controls",Remote Controls
B0DP9NYVT8,https://www.amazon.in/dp/B0DP9NYVT8?th=1&psc=1&language=en_IN,"TOYOTONE 5.25"" Inch Super SUB WOOFER | Copper Coil | Impedance 4 Ohms | 70 * 15MM Magnet | 40 Watt Nominal Power 60 WATT MAX Power for Car and Home Audio System",474.0,799.0,0.41,4.0,70.0,Electronics > Car & Vehicle Electronics > Car Electronics > Car Audio > Car Speakers > Component Subwoofers,Component Subwoofers
B0DJ8L9JMH,https://www.amazon.in/dp/B0DJ8L9JMH?th=1&psc=1&language=en_IN,"boAt Airdopes Loop OWS Earbuds w/Clip-On Fit, Air Conduction Tech, 50HRS Battery, 4Mics ENx, Dual EQ Modes, 12mm Drivers, 40ms Latency, ASAP Charge, OWS Ear Buds Earphones(Pearl White)",1999.0,7990.0,0.75,2.9,870.0,"Electronics > Headphones, Earbuds & Accessories > Headphones > In-Ear",In-Ear
B0D3J1BK3V,https://www.amazon.in/dp/B0D3J1BK3V?th=1&psc=1&language=en_IN,ZEBRONICS HAA1020 HDMI 2.0 Cable - HDMI ARC Enabled | 18 Gbps | 4K 60Hz | 1080p 240Hz | Strong & Durable | Supports up to 32 Audio Channels | 1 Meter,169.0,400.0,0.58,4.3,2194.0,"Electronics > Home Theater, TV & Video > Accessories > Cables > HDMI Cables",HDMI Cables
B0CH54D24N,https://www.amazon.in/dp/B0CH54D24N?th=1&psc=1&language=en_IN,"WeCool Ai Powered Auto Face Tracking Tripod,360° Rotation Mobile Holder for Smart Video Shoot with Remote,No App Needed,Gimbal Stabilizer with Gesture Control for Vlog,Streaming & Video Recording",2999.0,4999.0,0.4,4.1,304.0,Electronics > Mobiles & Accessories > Mobile Accessories > Photo & Video Accessories > Tripods,Tripods
B0F79BD74W,https://www.amazon.in/dp/B0F79BD74W?th=1&psc=1&language=en_IN,FABTEC 4Inch Coaxial 3way Component Speaker for Car 200w Peak Power Bass woofer 4ohm Black(Set of -2),799.0,999.0,0.2,5.0,2.0,Electronics > Car & Vehicle Electronics > Car Electronics > Car Audio > Car Speakers > Coaxial Speakers,Coaxial Speakers
B00IJQLSRQ,https://www.amazon.in/dp/B00IJQLSRQ?th=1&psc=1&language=en_IN,Sylvania Personal Compact CD Player,3124.0,4732.46,0.34,3.9,1654.0,Health & Personal Care > Health Care > Massage & Relaxation > Electric Massagers > Electric Handheld Massagers,Electric Handheld Massagers
B0DJSF8HTZ,https://www.amazon.in/dp/B0DJSF8HTZ?th=1&psc=1&language=en_IN,"LIRAMARK Silicone Soft Case Cover with Buckle for Airpods 4 (2024), Apple airpods 4th Generation case (Black)",159.0,599.0,0.73,3.7,517.0,"Electronics > Headphones, Earbuds & Accessories > Cases",Cases
B0CCVCPCNR,https://www.amazon.in/dp/B0CCVCPCNR?th=1&psc=1&language=en_IN,Moondrop Space Travel Tws Earphone Bluetooth 5.3 Noise Canceling True Wireless Headphones Stereo Iems - In Ear,6750.0,19599.0,0.66,4.4,1264.0,"Electronics > Headphones, Earbuds & Accessories > Headphones > In-Ear",In-Ear
B0C6YFWQ1F,https://www.amazon.in/dp/B0C6YFWQ1F?th=1&psc=1&language=en_IN,Artikel Single Monitor Desk Mount | Adjustable Heavy Duty Monitor Arm | VESA Mount with C Clamp & Grommet Mounting Base | Computer Monitor Stand for Screen up to 32 inch | Table Mounted | Black,1797.0,2899.0,0.38,4.3,330.0,Computers & Accessories > Accessories & Peripherals > Monitor Accessories > Monitor Arms,Monitor Arms
B0CBWB5ZCR,https://www.amazon.in/dp/B0CBWB5ZCR?th=1&psc=1&language=en_IN,"Beats Studio Pro- Wireless Bluetooth Noise Cancelling Headphones - Spatial Audio, USB-C, Up to 40H Battery Life, 10 min Fast Charge for 4H Battery Life, Apple & Android Compatible - Deep Brown",30999.0,37900.0,0.18,3.4,2.0,,nan
B0D9Y6VNJ2,https://www.amazon.in/dp/B0D9Y6VNJ2?th=1&psc=1&language=en_IN,"Pagaria Pocket FM Radio, 5 Watts with Bluetooth/USB/TF, Type C Charging, Earphone, Rechargeable, Model: WALKIE (White)",1090.0,1990.0,0.45,4.5,144.0,Electronics > Portable Media Players > Radios,Radios
B09N1428JS,https://www.amazon.in/dp/B09N1428JS?th=1&psc=1&language=en_IN,"Pioneer TS-1602IN, Coaxial, Woofer, Black",2956.0,4150.0,0.29,3.9,131.0,Electronics > Car & Vehicle Electronics > Car Electronics > Car Audio > Car Speakers > Coaxial Speakers,Coaxial Speakers
B0CKKZV1BQ,https://www.amazon.in/dp/B0CKKZV1BQ?th=1&psc=1&language=en_IN,"Sonos Era 300 | Spatial Audio Smart Speaker with WiFi, Bluetooth, Amazon Alexa, Dolby Atmos - Black",50999.0,16798.04651162791,0.4441860465116279,4.3,36.0,Electronics > Home Audio > Speakers > Bluetooth Speakers,Bluetooth Speakers
B07G1QPS6H,https://www.amazon.in/dp/B07G1QPS6H?th=1&psc=1&language=en_IN,"Sony HT-S500RF Real 1000w Dolby Audio Soundbar for TV with Rear Speakers & Subwoofer Home Theatre System (Bluetooth Connectivity, HDMI & Optical Connectivity, USB Playback).",36791.0,43990.0,0.16,4.6,954.0,Electronics > Home Audio > Speakers > Soundbar Speakers,Soundbar Speakers
B0D5HGMN72,https://www.amazon.in/dp/B0D5HGMN72?th=1&psc=1&language=en_IN,"boAt Rockerz 460 Wireless Over Ear Headphones W/Up to 30Hrs Playtime, 40Mm Drivers, Signature Sound, Beast Mode, Enx, Dual Pairing, Bt V5.2, Instant Voice Assistant, Adaptive Fit(Bold Blue)",1199.0,2490.0,0.52,3.9,68.0,"Electronics > Headphones, Earbuds & Accessories > Headphones > Over-Ear",Over-Ear
B09SHP39QW,https://www.amazon.in/dp/B09SHP39QW?th=1&psc=1&language=en_IN,"Yamaha Ms101-4 Powered Monitor Speaker,30 Watts Studio Monitor With 4"" Woofer,1"" Tweeter,&2-Band Eq,Auxiliary",12499.0,13100.0,0.05,4.3,9.0,Musical Instruments > Recording & Computer > Studio Monitors,Studio Monitors
B0CWD37GNW,https://www.amazon.in/dp/B0CWD37GNW?th=1&psc=1&language=en_IN,"ZEBRONICS BTM9801RUCF 2.0 Tower Speaker, 120 Watts, Touch Control, HDMI ARC, Coaxial in, Supports Bluetooth, AUX, USB, SD, Karaoke, Dual Wireless Mic, Powerful Bass",14999.0,22999.0,0.35,4.3,5.0,Electronics > Home Audio > Speakers > Tower Speakers,Tower Speakers
B0DH8C24SS,https://www.amazon.in/dp/B0DH8C24SS?th=1&psc=1&language=en_IN,"boAt Stone 193 Pro /190 Pro with 5W Signature Sound, Up to 12hrs of Playtime, TWS Feature, Built-in Mic, Bluetooth v5.3, AUX Port, TF Card Connectivity, IPX6 & Type-C Bluetooth Speaker(Raging Black)",899.0,2990.0,0.7,3.5,525.0,Electronics > Home Audio > Speakers > Bluetooth Speakers,Bluetooth Speakers
B0F4PLNFR7,https://www.amazon.in/dp/B0F4PLNFR7?th=1&psc=1&language=en_IN,VTINVAN Remote Control Compatible with Haier HTR-U31 Model and Suitable for Haier Smart TV Without Voice Command Feature -(Please Match The Image with Your Old Remote)-(Black),399.0,1999.0,0.8,4.7,26.0,"Electronics > Home Theater, TV & Video > Accessories > Remote Controls",Remote Controls
B0CCYWDQQ5,https://www.amazon.in/dp/B0CCYWDQQ5?th=1&psc=1&language=en_IN,"JBL Authentics 200, Smart Home WiFi Speaker and Music Streaming, Voice Assist and Bluetooth Connectivity, Automatic Calibration, Compatible with Google Home & Amazon Alexa, Retro Design in Black",11266.564285714287,16798.04651162791,0.4441860465116279,4.5,388.0,Electronics > Home Audio > Speakers > Bluetooth Speakers,Bluetooth Speakers
B0CTTWWYKK,https://www.amazon.in/dp/B0CTTWWYKK?th=1&psc=1&language=en_IN,"JBL Tune 310 Wired in-Ear Type C Headphones, Hi-Res Audio with Digital-to-Analog Converter, 3-Button EQ Preset Remote with Microphone, Tangle-Free Flat Cable, Compatible with USB-C Devices (White)",1299.0,1999.0,0.35,3.3,234.0,"Electronics > Headphones, Earbuds & Accessories > Headphones > In-Ear",In-Ear
B0D2S6LTQR,https://www.amazon.in/dp/B0D2S6LTQR?th=1&psc=1&language=en_IN,"Nothing Ear | 24 bit Hi-Res Audio with LDAC & LHDC for The Ultimate Sound Experience Bluetooth Headset (Black, True Wireless)",11999.0,14999.0,0.2,5.0,2320.7619047619046,,nan
B09PLKQYDR,https://www.amazon.in/dp/B09PLKQYDR?th=1&psc=1&language=en_IN,PSS PS5 Controller Thumb Grip Cap Non-Slip Rocker Cap Joystick Button Protective Thumb Grips Compatible for PS5 PS4 Xbox Series X Switch Pro Controller Accessories 4PC,299.0,990.0,0.7,4.4,140.0,Video Games > PlayStation 4 > Accessories > Thumb Grips,Thumb Grips
B07G1QPS6H,https://www.amazon.in/dp/B07G1QPS6H?th=1&psc=1&language=en_IN,"Sony HT-S500RF Real 1000w Dolby Audio Soundbar for TV with Rear Speakers & Subwoofer Home Theatre System (Bluetooth Connectivity, HDMI & Optical Connectivity, USB Playback).",36791.0,43990.0,0.16,4.6,954.0,Electronics > Home Audio > Speakers > Soundbar Speakers,Soundbar Speakers
B091L4JGXC,https://www.amazon.in/dp/B091L4JGXC?th=1&psc=1&language=en_IN,"Bang & Olufsen Beolit 20 Powerful Portable Wireless Bluetooth Speaker, Anthracite",47500.0,58000.0,0.18,4.4,76.0,Electronics > Home Audio > Speakers > Bluetooth Speakers,Bluetooth Speakers
B0F48LZNP9,https://www.amazon.in/dp/B0F48LZNP9?th=1&psc=1&language=en_IN,"Trendtronics Android TBox, 4+32GB, Wireless CarPlay & Android Auto, Google Play, YouTube, Netflix, jiohotstar | Designed for Indian Cars(1-Year Warranty)",2699.0,4999.0,0.46,5.0,6.0,Electronics > Car & Vehicle Electronics > Car Electronics > Car Audio > Car Digital Media Receivers,Car Digital Media Receivers
B0BTZ71GNR,https://www.amazon.in/dp/B0BTZ71GNR?th=1&psc=1&language=en_IN,"Boat Rockerz Trinity in Ear Earphones with 150H Playtime, Crystal Bionic Sound Powered by HiFi, Signature Sound, Beast™ Mode, ENx™ Tech, ASAP™ Charge, IPX5, Dual Pairing(Kutch White)",1899.0,2499.0,0.24,3.6,4085.0,"Electronics > Headphones, Earbuds & Accessories > Headphones > In-Ear",In-Ear
B0D2VY1H9J,https://www.amazon.in/dp/B0D2VY1H9J?th=1&psc=1&language=en_IN,"Tribit XSound Plus 2 30W 5.3 Bluetooth Wireless Speakers,Powerful Louder Stereo Sound with Bass-Enhanced XBass Function,24H Playtime,IPX7 Waterproof,Built in Mic,150ft BT Range for Home/Outdoor,Blue",5699.0,7999.0,0.29,4.4,1535.0,Electronics > Home Audio > Speakers > Outdoor Speakers,Outdoor Speakers
B0F7RGCRSX,https://www.amazon.in/dp/B0F7RGCRSX?th=1&psc=1&language=en_IN,"Magneto Pro Magnetic 8 in 1 Type-C Enclosure with M.2 NVME Slot for Storage Expansion Upto 2TB - Compatible with iPhone 15/16 Series,MacBooks,iPads,Android and Windows Laptops",3699.0,9999.0,0.63,4.34,650.6,Computers & Accessories > Accessories & Peripherals > Hard Drive Accessories > Enclosures,Enclosures
B0D3DJSTSC,https://www.amazon.in/dp/B0D3DJSTSC?th=1&psc=1&language=en_IN,"Portronics Decibel 24 | 10W Bluetooth Soundbar Speaker with in Built Mic, HD Sound, Bluetooth 5.3v/USB/TF Card/Aux in, Soundbar for Phone/Laptop/Tablets, Type C Fast Charging (Black)",849.0,1999.0,0.58,3.8,32.0,Electronics > Home Audio > Speakers > Soundbar Speakers,Soundbar Speakers
B0849N8VCF,https://www.amazon.in/dp/B0849N8VCF?th=1&psc=1&language=en_IN,"(Refurbished) Ant Esports H520W Wired Headphones Over Ear Gaming For Pc/Ps4/Xbox One With Mic, Nintendo Switch, Computer And Mobile, World Of Warships Edition (Black)",1833.0,3799.0,0.46799999999999997,3.9,85.0,Computers & Accessories > Accessories & Peripherals > PC Gaming Peripherals > Headsets,Headsets
B0DTQ2WZ3X,https://www.amazon.in/dp/B0DTQ2WZ3X?th=1&psc=1&language=en_IN,"Boult Buds Klarity 4 ANC in-Ear Truly Wireless Earbuds with 35dB Active Noise Cancellation, 60H Playtime, 4 Mics Calling, 45ms Low Latency, 10mm Driver, Type-C Fast Charging, TWS ANC Ear Buds Wireless",1299.0,3999.0,0.68,3.2,325.0,"Electronics > Headphones, Earbuds & Accessories > Headphones > In-Ear",In-Ear
B0C4YM8RH6,https://www.amazon.in/dp/B0C4YM8RH6?th=1&psc=1&language=en_IN,"Airtag Hidden GPS Tracker,Airtag for Kids,Elderly,Pet,Clothing.(Pro,Black&Blue&Grey&Pink)",3901.0,2162.1286842105264,0.6131578947368419,4.1,342.0,Electronics > GPS & Accessories > Accessories > Cases,Cases
B07SRLZBVT,https://www.amazon.in/dp/B07SRLZBVT?th=1&psc=1&language=en_IN,"(Refurbished) Tribit Bluetooth Speaker - 24W Portable Speaker, 360° Full Surround Sound, Enhanced Bass, Wireless Dual Pairing, IPX7 Waterproof, 20-Hour Playtime, 66ft Bluetooth Range Outdoor Speaker (Black)",11266.564285714287,16798.04651162791,0.4441860465116279,3.9,20.0,Electronics > Home Audio > Speakers > Bluetooth Speakers,Bluetooth Speakers
B09RS6GSGN,https://www.amazon.in/dp/B09RS6GSGN?th=1&psc=1&language=en_IN,"New World Storage Bag Carry Case Bag for Switch OLED Console, Travel Carry Case Bag with Game Storage Compatible for Nintendo Switch and New Switch OLED Console",1090.0,1499.0,0.27,4.0,15.0,Video Games > Nintendo Switch > Accessories > Cases & Storage,Cases & Storage
B0CJXXRSHR,https://www.amazon.in/dp/B0CJXXRSHR?th=1&psc=1&language=en_IN,"Sounce Earphone Case Cover Compatible for Fire-Boltt Fire Pods Ninja G201, Soft Silicone Skin Case Cover Shock-Absorbing Protective Case with Keychain [Front LED Visible](Black)",60.0,499.0,0.88,3.9,1933.0,"Electronics > Headphones, Earbuds & Accessories > Cases",Cases
B0CJ8R2NNP,https://www.amazon.in/dp/B0CJ8R2NNP?th=1&psc=1&language=en_IN,"Cmf By Nothing Wireless Earbuds Buds Pro Noise Cancelling/Bluetooth/Up To 39 Hours Of Usage, Dedicated App Compatible, Lightweight, Out-Of-Sound Capture (Dark Gray) - In Ear",2618.412331406551,5360.055396825397,0.5959722222222222,4.1,1376.0,"Electronics > Headphones, Earbuds & Accessories > Headphones > In-Ear",In-Ear
B0CCL92BZN,https://www.amazon.in/dp/B0CCL92BZN?th=1&psc=1&language=en_IN,"FINGERS SizeZero Pods2 World's Tiniest TWS Earbuds with 15-Hour Total Playtime, Quick Charge of 10 mins for 2-Hour Playtime, Built-in Mic with SNC™ Technology for Clear Calls (Sunset Peach)",1349.0,2499.0,0.46,3.5,186.0,"Electronics > Headphones, Earbuds & Accessories > Headphones > In-Ear",In-Ear
B09YL296PM,https://www.amazon.in/dp/B09YL296PM?th=1&psc=1&language=en_IN,"Sony LinkBuds S WF-LS900N Noise Cancellation Bluetooth Earbuds, TWS, Hi-Res Audio, Up to 23Hrs Battery-White",10990.0,24990.0,0.56,3.8,4789.0,"Electronics > Headphones, Earbuds & Accessories > Headphones > In-Ear",In-Ear
B096LZ6PWK,https://www.amazon.in/dp/B096LZ6PWK?th=1&psc=1&language=en_IN,"Sounce Compatible with AirPods 2 & Airpods 1 Case, Protective Silicone Cover Compatible with AirPods Black",209.0,999.0,0.79,4.1,1324.0,"Electronics > Headphones, Earbuds & Accessories > Cases",Cases
B0DGLMTDQ5,https://www.amazon.in/dp/B0DGLMTDQ5?th=1&psc=1&language=en_IN,ZdalaMit Original Bluetooth Voice Command Remote Compatible for Oneplus Led Smart TV with Netflix YouTube Prime Video and Google Assistant Hot Keys (Version-1) by Tu-DOX,495.39864864864865,1239.0067567567567,0.5502027027027028,4.4,11.0,"Electronics > Home Theater, TV & Video > Accessories > Remote Controls",Remote Controls
B0DRDN65QM,https://www.amazon.in/dp/B0DRDN65QM?th=1&psc=1&language=en_IN,RODMED Mini HDMI Male to Standard HDMI Female Adapter Converter Plug (Black) - NOT Compatible with Mobile Phones,109.0,699.0,0.84,3.5,6.0,Computers & Accessories > Accessories & Peripherals > Cables & Accessories > Cables > USB Cables,USB Cables
B0C77G1HV8,https://www.amazon.in/dp/B0C77G1HV8?th=1&psc=1&language=en_IN,"ZEBRONICS Juke BAR 1500 20W Output, Wireless Portable Mini soundbar, Built-in Rechargeable Battery, Bluetooth 5.0, mSD, AUX, LED Indicator and Glossy Finish",999.0,2299.0,0.57,3.7,993.0,Electronics > Home Audio > Speakers > Soundbar Speakers,Soundbar Speakers
B0CYX3XGB2,https://www.amazon.in/dp/B0CYX3XGB2?th=1&psc=1&language=en_IN,"Portronics Power Plate 14 Extension Board with 10 Universal Sockets, 25W Type-C PD, 3 USB Charging Ports, 3 Meter Long Cord, 2500 Watts, 2.1 Amp USB Output, Multi Plug for Home Appliances (White)",1199.0,1999.0,0.4,4.2,28224.0,Home Improvement > Electrical > Power Strips,Power Strips
B08VN7GW9J,https://www.amazon.in/dp/B08VN7GW9J?th=1&psc=1&language=en_IN,"JBL Clip 4, Wireless Ultra Portable Bluetooth Speaker, Pro Sound, Integrated Carabiner, Vibrant Colors with Rugged Fabric Design, Dust & Waterproof, Type C (Without Mic, Black & Orange)",11266.564285714287,16798.04651162791,0.4441860465116279,4.4,14042.0,Electronics > Home Audio > Speakers > Bluetooth Speakers,Bluetooth Speakers
B09B7V2PBY,https://www.amazon.in/dp/B09B7V2PBY?th=1&psc=1&language=en_IN,"Polk Audio Signature Elite ES10 1"" Tweeter & 4"" Woofer, 100w, Auxiliary Dual power port Technology (Pair) Black",24999.0,28000.0,0.11,4.7,610.0,Electronics > Home Audio > Speakers > Bookshelf Speakers,Bookshelf Speakers
B0983HYB11,https://www.amazon.in/dp/B0983HYB11?th=1&psc=1&language=en_IN,"Blaupunkt SBA20 16W Bluetooth Soundbar for TV with Bluetooth/SD Card/Aux, Mini Sound/Audio System for TV Speakers, Mobile, PC, Projectors, Tablets, Laptops",999.0,3499.0,0.71,3.9,11257.0,Electronics > Home Audio > Speakers > Soundbar Speakers,Soundbar Speakers
B0DWST6CCB,https://www.amazon.in/dp/B0DWST6CCB?th=1&psc=1&language=en_IN,Intex 950-S Multimedia 95 W Bluetooth Tower Speaker | Wireless Karaoke Mic | Party Speaker & RGB Lights | LED Display & Bluetooth v5.1 | Fully Remote Control (Black),8380.3,20435.5,0.586,2.4,2.0,Electronics > Home Audio > Speakers > Tower Speakers,Tower Speakers
B0D1VN2VB7,https://www.amazon.in/dp/B0D1VN2VB7?th=1&psc=1&language=en_IN,"Marshall Major V Wireless On-Ear Headphones, Black",14999.0,5149.074626865671,0.5238805970149254,4.4,873.0,"Electronics > Headphones, Earbuds & Accessories > Headphones > On-Ear",On-Ear
B0CXQGMHGT,https://www.amazon.in/dp/B0CXQGMHGT?th=1&psc=1&language=en_IN,"Motorola Moto Buds 065 -True Wireless, Ear Gels, Noise Isolation and 17 Hours Playtime, Touch Control on Both Earbuds, IPX4 Water Resistant, ENC mic for Clear Voice Calls. (Moonless Night)",2618.412331406551,5360.055396825397,0.5959722222222222,3.9,145.0,"Electronics > Headphones, Earbuds & Accessories > Headphones > In-Ear",In-Ear
B0CT5XRN56,https://www.amazon.in/dp/B0CT5XRN56?th=1&psc=1&language=en_IN,"Ultrapods TWS Earbud Transparent Design, 30 Hrs Playtime with Fast 30 Hrs Playtime with Fast Charging Bluetooth 5.313mm HD BASS Drivers (Green)",309.0,599.0,0.48,3.0,31.0,"Electronics > Headphones, Earbuds & Accessories > Headphones > In-Ear",In-Ear
B0D47P7SBP,https://www.amazon.in/dp/B0D47P7SBP?th=1&psc=1&language=en_IN,Jio Original Bluetooth Voice Command Remote for Fiber Set Top Box with Hotkeys (Match with Existing Remote Control) (Pairing Must) (Voice),899.0,1999.0,0.55,3.5,77.0,"Electronics > Home Theater, TV & Video > Accessories > Remote Controls",Remote Controls
B0C296VD7T,https://www.amazon.in/dp/B0C296VD7T?th=1&psc=1&language=en_IN,"Sony SRS-XB100 Wireless Bluetooth Portable Lightweight Super-Compact Travel Speaker, Extra-Durable IP67 Waterproof & Dustproof, 16 Hrs Batt, Versatile Strap, Extra Bass & Hands-Free Calling-Gray",3490.0,5990.0,0.42,3.8,3658.0,Electronics > Home Audio > Speakers > Bluetooth Speakers,Bluetooth Speakers
B0CHBFB5H2,https://www.amazon.in/dp/B0CHBFB5H2?th=1&psc=1&language=en_IN,"KEBILSHOP 2 Core Speaker Cable 20 Meter/ 64 Feet 2 Conductors Audio Speaker Cable For Immersive Sound: Perfect For Car Speakers,Stereos,Subwoofers&Home Theater Systems(20Meter/64 Feet),Multi-Coloured",299.0,799.0,0.63,3.3,77.0,"Electronics > Home Theater, TV & Video > Accessories > Cables > Speaker Cables",Speaker Cables
B0083T231O,https://www.amazon.in/dp/B0083T231O?th=1&psc=1&language=en_IN,Belkin Essential Series F9E400zb1.5MGRY 4-Socket Surge Protector,1449.0,1999.0,0.28,4.5,23050.0,Electronics > Power Accessories > Surge Protectors,Surge Protectors
B0DFGW1N71,https://www.amazon.in/dp/B0DFGW1N71?th=1&psc=1&language=en_IN,ERROR: Page Not Found/Error,12041.263157894737,15646.588823529411,0.17823529411764708,4.163636363636364,2320.7619047619046,,nan
B0DPCH5FR6,https://www.amazon.in/dp/B0DPCH5FR6?th=1&psc=1&language=en_IN,"T TS Red-Blue 3D Glasses with box packing (5pieces in pack) Suitable for Viewing Cyan Anaglyph 3D Content such as Movies, Videos, Images, Magazines, comics Book,3D print and online content.",450.0,2599.0,0.83,3.275,110.5,"Electronics > Home Theater, TV & Video > Accessories > 3D Glasses",3D Glasses
B0DR965KJ3,https://www.amazon.in/dp/B0DR965KJ3?th=1&psc=1&language=en_IN,"TP TROOPS Best Buy Ultra DJ Sound Blast 10 Watts Portable Bluetooth Speaker With Super Deep Bass Wireless Rechargeable Bluetooth, Support TF/USB/Pen Drive/AUX Slot (Army) (Blue)",11266.564285714287,16798.04651162791,0.4441860465116279,3.2,11.0,Electronics > Home Audio > Speakers > Bluetooth Speakers,Bluetooth Speakers
B0DGLKRZPD,https://www.amazon.in/dp/B0DGLKRZPD?th=1&psc=1&language=en_IN,"boAt Airdopes 300 Premium Truly Wireless In-Ear Earbuds with 4 Mics AI-ENx Spatial Audio, 50HRS Playtime, Multipoint Connection, ASAP Charge, Hearables App Support (Gunmetal Black)",2618.412331406551,5360.055396825397,0.5959722222222222,2.2,6.0,"Electronics > Headphones, Earbuds & Accessories > Headphones > In-Ear",In-Ear
B0D6KS7LSX,https://www.amazon.in/dp/B0D6KS7LSX?th=1&psc=1&language=en_IN,"Earphones BT R20 for Xiaomi Redmi Note 7 Pro Earphone Original Like Wired Stereo Deep Bass Head Hands-Free Headset C Earbud Calling inbuilt with Mic,Hands-Free Call/Music (CR4,BLK)",2618.412331406551,5360.055396825397,0.5959722222222222,2.5,3.0,"Electronics > Headphones, Earbuds & Accessories > Headphones > In-Ear",In-Ear
B09BVYBS4J,https://www.amazon.in/dp/B09BVYBS4J?th=1&psc=1&language=en_IN,"SHOKZ OpenRun Bone Conduction Sports Headphones, Bluetooth Wireless Earphones with Mic, 8H Playtime, Open-Ear Waterproof Headset for Running, Workout, Driving, Standard Size(Lunar Grey)",13499.0,20249.0,0.33,4.3,23248.0,"Electronics > Headphones, Earbuds & Accessories > Headphones > In-Ear",In-Ear
B0DGFC6SD8,https://www.amazon.in/dp/B0DGFC6SD8?th=1&psc=1&language=en_IN,"SOUND FIRE SF-1500 (Black) 1500W 12"" (300mm) Double Magnet Subwoofer",3099.0,5299.0,0.42,4.3,8.0,Electronics > Car & Vehicle Electronics > Car Electronics > Car Audio > Car Speakers > Component Subwoofers,Component Subwoofers
B0DXL5BDB3,https://www.amazon.in/dp/B0DXL5BDB3?th=1&psc=1&language=en_IN,"PHILIPS TAT1050BK/94 Truly Wireless Earbuds with ANC, Quad Mic ENC, Up to 50 Hr Playtime, 13mm Neodymium Drivers, Multipoint, IPX5 Water Resistance, Fast Charging, Ultra Low Latency (Deep Black)",1799.0,2899.0,0.38,3.9,30.0,"Electronics > Headphones, Earbuds & Accessories > Headphones > In-Ear",In-Ear
B0CHBFB5H2,https://www.amazon.in/dp/B0CHBFB5H2?th=1&psc=1&language=en_IN,"KEBILSHOP 2 Core Speaker Cable 20 Meter/ 64 Feet 2 Conductors Audio Speaker Cable For Immersive Sound: Perfect For Car Speakers,Stereos,Subwoofers&Home Theater Systems(20Meter/64 Feet),Multi-Coloured",299.0,799.0,0.63,3.3,77.0,"Electronics > Home Theater, TV & Video > Accessories > Cables > Speaker Cables",Speaker Cables
B08WBJHVYV,https://www.amazon.in/dp/B08WBJHVYV?th=1&psc=1&language=en_IN,"Razer BlackShark V2 X Wired Gaming On Ear Headset - Black|7.1 Surround Sound-50mm Drivers-Memory Foam Cushion-for PC,PS4,PS5,Switch,Xbox One,Xbox Series X|S,Mobile-3.5mm Audio Jack-RZ04-03240100-R3M1",3599.0,7999.0,0.55,4.2,1118.0,Computers & Accessories > Accessories & Peripherals > PC Gaming Peripherals > Headsets,Headsets
B0DTDQ5679,https://www.amazon.in/dp/B0DTDQ5679?th=1&psc=1&language=en_IN,"Fleettrack Shield™ Wired (No Hidden SIM Recharge) - IP65 100% Waterproof GPS Tracker for Bike, Car, Scooty, Trucks | Plug & Play | Live Location | Engine ON/Off Alerts | Safe Parking Alarms",2969.0,5999.0,0.51,4.5,1895.0,Electronics > GPS & Accessories > GPS Trackers,GPS Trackers
B0D45QCBF7,https://www.amazon.in/dp/B0D45QCBF7?th=1&psc=1&language=en_IN,"Huawei FreeBuds SE 2, 40-Hour Battery Life, Compact and Comfortable to Grip, 3 Hours of Music Playback on a 10-Minute Charge, IP54 Dust & Splash Resistance, Robust Bluetooth 5.3 Connections",2618.412331406551,5360.055396825397,0.5959722222222222,4.5,8048.0,"Electronics > Headphones, Earbuds & Accessories > Headphones > In-Ear",In-Ear
B0BNJ7Z9SS,https://www.amazon.in/dp/B0BNJ7Z9SS?th=1&psc=1&language=en_IN,Voltas Ac Remote Compatiable with WiFi Function (Match with Your Old Remote),499.0,999.0,0.5,4.2,64.0,"Electronics > Home Theater, TV & Video > Accessories > Remote Controls",Remote Controls
B0DKXV1KP1,https://www.amazon.in/dp/B0DKXV1KP1?th=1&psc=1&language=en_IN,B00X Tablet Go Color 7 ePaper E Ink Tablet 4G 64G Front Light (Black),19332.333333333332,37000.0,0.48333333333333334,4.5,2.0,Computers & Accessories > Tablets,Tablets
B0BK3YYBRK,https://www.amazon.in/dp/B0BK3YYBRK?th=1&psc=1&language=en_IN,"(Refurbished) Tribit StormBox Pro 40W 5.3 Channel Wireless, Bluetooth Tower Subwo",11266.564285714287,16798.04651162791,0.4441860465116279,3.8,6.0,Electronics > Home Audio > Speakers > Bluetooth Speakers,Bluetooth Speakers
B07CH21D47,https://www.amazon.in/dp/B07CH21D47?th=1&psc=1&language=en_IN,"DELL Original 65WHR Laptop Battery (91T8W) COMAPATIBLE INSPIRON-14-3421/37/43/21, INSPIRON-15 3537/21/42 INSPIRON-15R, INSPIRON-15R 5521 15R-5537, Latitude 3440 3540",2057.0,3439.0,0.406,3.5,542.0,Computers & Accessories > Accessories & Peripherals > Laptop Accessories > Laptop Batteries,Laptop Batteries
B09Y5N4M7Z,https://www.amazon.in/dp/B09Y5N4M7Z?th=1&psc=1&language=en_IN,"Noise Buds VS104 Truly Wireless Earbuds with 45H of Playtime, Quad Mic with ENC, Instacharge(10 min=200 min), 13mm Driver,Low Latency, BT v5.2 (Snow White)",1099.0,3499.0,0.69,3.8,26643.0,"Electronics > Headphones, Earbuds & Accessories > Headphones > In-Ear",In-Ear
B0F5P1H5QK,https://www.amazon.in/dp/B0F5P1H5QK?th=1&psc=1&language=en_IN,O General AC Remote Original Suitable (Come with 2 AAA Batteries),499.0,699.0,0.29,3.8,503.0,"Electronics > Home Theater, TV & Video > Accessories > Remote Controls",Remote Controls
B07DFYJRQV,https://www.amazon.in/dp/B07DFYJRQV?th=1&psc=1&language=en_IN,"JBL C200SI, Premium in Ear Wired Earphones with Mic, Signature Sound, One Button Multi-Function Remote, Premium Metallic Finish, Angled Earbuds for Comfort fit (Blue)",798.0,1499.0,0.47,4.0,36804.0,"Electronics > Headphones, Earbuds & Accessories > Headphones > In-Ear",In-Ear
B0DYT9BD65,https://www.amazon.in/dp/B0DYT9BD65?th=1&psc=1&language=en_IN,"Kratos Cube Ear Buds Wireless with 30H Playtime, Noise Isolation & Clear Calls, Bluetooth Earbuds with Voice Assistant, Ear Buds with Bluetooth V 5.3 & with Type C Fast Charging, IPX4 TWS Earphones",699.0,2099.0,0.67,3.8,282.0,"Electronics > Headphones, Earbuds & Accessories > Headphones > In-Ear",In-Ear
B0CKW4X7CW,https://www.amazon.in/dp/B0CKW4X7CW?th=1&psc=1&language=en_IN,"DENON AVR-S770H 7.2 Ch Home Theater Receiver (2023 Model) - 8K UHD HDMI Receiver (75W X 7), Wireless Streaming via Built-in HEOS, Bluetooth & Wi-Fi, Dolby TrueHD, DTS Neural:X & DTS:X Surround Sound",51490.0,104900.0,0.51,4.6,43.0,"Electronics > Home Theater, TV & Video > AV Receivers & Amplifiers",AV Receivers & Amplifiers
B0BWY68HZ8,https://www.amazon.in/dp/B0BWY68HZ8?th=1&psc=1&language=en_IN,ng EarSafe Comm | Open Ear Air Conduction Headphones with Mic & Noise Cancelling Boom Mic | Mute Button | 17+ Hrs Battery | Type-C Fast Charging | Open Ear Headphones for Work & Calls,3799.0,5599.0,0.32,3.8,247.0,"Electronics > Headphones, Earbuds & Accessories > Headphones > Open-Ear Headphones",Open-Ear Headphones
B0CF5QFH77,https://www.amazon.in/dp/B0CF5QFH77?th=1&psc=1&language=en_IN,"boAt Nirvana Ion ANC, ANC(~32dB), 120HRS Battery, App Support, Crystal Bionic Sound by HiFi, 4Mics ENx, Low Latency, v5.3 Bluetooth Earbuds, TWS Ear Buds Wireless Earphones with mic (Quartz White)",1999.0,9990.0,0.8,4.0,17690.0,"Electronics > Headphones, Earbuds & Accessories > Headphones > In-Ear",In-Ear
B08Y6JBY21,https://www.amazon.in/dp/B08Y6JBY21?th=1&psc=1&language=en_IN,DULCET DC-CS6X 6.5 inch 10W Full Range 8 Ohms Wired Line Ceiling Speaker with Dedicated 100V Constant Supply Input & Line Matching Transformer specifically for PA Amplifier with 100V line Output,759.0,1690.0,0.55,3.5,48.0,Electronics > Home Audio > Speakers > Ceiling & In Wall Speakers,Ceiling & In Wall Speakers
B0DRYR8Z1Z,https://www.amazon.in/dp/B0DRYR8Z1Z?th=1&psc=1&language=en_IN,Original 91T8W-XCMRD Laptop Battery 14.6V 40WH Fit with Dell Inspiron 15 3000 Series 15-3537 15-3542 15-3543 15-3541 15-3521 15-3531 i3531 i3542 17 3721 3737 17R-5737 15R 5537 5521 14 3421 5421,2349.0,3999.0,0.41,3.6,8.0,Computers & Accessories > Accessories & Peripherals > Laptop Accessories > Laptop Batteries,Laptop Batteries
B08F71QJ5F,https://www.amazon.in/dp/B08F71QJ5F?th=1&psc=1&language=en_IN,"LG Remote Magic Remote Control, Compatible with Many Models, Netflix and Prime Video Hot Keys, Google/Alexa (Batteries NOT Included) (EBX64329215)",495.39864864864865,1239.0067567567567,0.5502027027027028,4.3,950.0,"Electronics > Home Theater, TV & Video > Accessories > Remote Controls",Remote Controls
B0B58F36CN,https://www.amazon.in/dp/B0B58F36CN?th=1&psc=1&language=en_IN,"Boat Rockerz 330ANC Bluetooth in Ear Neckband with mic, Crystal Bionic Sound Powered by Dirac Opteo, Active Noise Cancellation, 13mm Drivers, ASAP Charge, 24H Playback & ENx Tech(Funky Grey)",1694.0,4990.0,0.66,3.6,3404.0,"Electronics > Headphones, Earbuds & Accessories > Headphones > In-Ear",In-Ear
B0DBH7WWF7,https://www.amazon.in/dp/B0DBH7WWF7?th=1&psc=1&language=en_IN,"boAt Rockerz 150 Pro Bluetooth Neckband Earphones w/ 150hrs Playback, Dual EQ Modes, Crystal Bionic Sound by HiFi DSP 5, AI-ENx™ Technology, Dual Pairing,Beast™ Mode,ASAP™ Charge(Green)",999.0,3990.0,0.75,3.5,591.0,"Electronics > Headphones, Earbuds & Accessories > Headphones > In-Ear",In-Ear
B0CGJ4MLC8,https://www.amazon.in/dp/B0CGJ4MLC8?th=1&psc=1&language=en_IN,Intel® Core™ i5-14600KF New Gaming Desktop Processor 14 cores (6 P-cores + 8 E-cores) - Unlocked,27999.0,35000.0,0.2,4.3,2769.0,Computers & Accessories > Components > Processors,Processors
B0D33X2S32,https://www.amazon.in/dp/B0D33X2S32?th=1&psc=1&language=en_IN,"Drumstone 【Summer Season with 15 Years Warranty】 MP3 Player, Back Clip USB Aluminum Alloy Music Player Support Memory Card 250mAh (Silver) Memory Card not included",689.0,10021.0,0.4147368421052631,3.6,25.0,Electronics > Portable Media Players > MP3/MP4 Players,MP3/MP4 Players
B0DZXKWTWY,https://www.amazon.in/dp/B0DZXKWTWY?th=1&psc=1&language=en_IN,Wireless Bluetooth Speaker for Xiaomi Mi A1 (Mi 5X) Boost Bass DJ Sound Portable Party Home Audio Line in TV Supported USB FM AUX Connectivity IPX6 Cable Waterproof TG113 - (SE.X),999.0,1999.0,0.5,4.098,7215.486301369863,Electronics > Home Audio > Speakers > Bluetooth Speakers,Bluetooth Speakers
B0F5PXSSG6,https://www.amazon.in/dp/B0F5PXSSG6?th=1&psc=1&language=en_IN,"Sony WH-CH720N Noise Cancellation Wireless Bluetooth Over Ear Headphones with Mic, Up to 35Hrs Battery- Pink",9990.0,14990.0,0.33,4.2,10537.0,"Electronics > Headphones, Earbuds & Accessories > Headphones > Over-Ear",Over-Ear
B0DMDYN98B,https://www.amazon.in/dp/B0DMDYN98B?th=1&psc=1&language=en_IN,"M19 Earbud TWS Wireless in Ear Earbuds with Touch Control Gaming Bluetooth Earphone Bluetooth Headset (Multicolor, True Wireless)",350.0,5360.055396825397,0.5959722222222222,1.0,3.0,"Electronics > Headphones, Earbuds & Accessories > Headphones > In-Ear",In-Ear
B07CT393Q7,https://www.amazon.in/dp/B07CT393Q7?th=1&psc=1&language=en_IN,"F&D T300X 2.1 Channel Multi Media Speakers (Black) | | Bluetooth Speakers | Satellite Speaker, Multicolor LED Display, USB,MP3,VMA & FM | Home Theatre | Easy Connect with Laptop, Pc & Mobile",1670.9285714285713,2962.714285714286,0.47500000000000003,4.2,218.0,Computers & Accessories > Accessories & Peripherals > Audio & Video Accessories > PC Speakers,PC Speakers
B0F2ZYDRY6,https://www.amazon.in/dp/B0F2ZYDRY6?th=1&psc=1&language=en_IN,"Cute Kids Headphones, Bluetooth Wireless Headphones for Kids Teens Adults, Over-Ear Bluetooth, Cat Ear Headphones for Girls Women",850.0,1999.0,0.57,4.2,2.0,"Electronics > Headphones, Earbuds & Accessories > Headphones > Over-Ear",Over-Ear
B0CXLKX7PG,https://www.amazon.in/dp/B0CXLKX7PG?th=1&psc=1&language=en_IN,"Hollyland Pyro H Wireless HDMI Video Transmission System, Auto Dual-Band Hopping, 4K30/1080p60 1300ft Los Range 60ms Latency, Smart Channel Scan, Up to 4 Receiver, UVC Live Stream (1TX+1RX)",30990.0,48990.0,0.37,4.5,104.0,"Electronics > Home Theater, TV & Video > Accessories > Cables > HDMI Cables",HDMI Cables
B0D9K1TSMP,https://www.amazon.in/dp/B0D9K1TSMP?th=1&psc=1&language=en_IN,Sounce Earphone Case Cover for Boat Airdopes 800 TWS Soft Silicone Skin Case Cover Shock Absorbing Protective Case with Keychain [Front LED Visible] - Black,209.0,499.0,0.58,3.9,1340.0,"Electronics > Headphones, Earbuds & Accessories > Cases",Cases
B098LH79B3,https://www.amazon.in/dp/B098LH79B3?th=1&psc=1&language=en_IN,"Syga 35mm Foam Ear Pad Replacement Cushions, Headphone Earphone Headset Disposable Sponge Covers, 5Pair",348.57142857142856,1006.2857142857143,0.64,4.0,238.0,"Electronics > Headphones, Earbuds & Accessories > Earpads",Earpads
B0D6W8X6L2,https://www.amazon.in/dp/B0D6W8X6L2?th=1&psc=1&language=en_IN,"Bose New SoundLink Flex Portable Bluetooth Speaker (2nd Gen), Portable Outdoor Speaker with Hi-Fi Audio, Up to 12 Hours Battery Life, Waterproof and Dustproof, Alpine Sage",14999.0,16900.0,0.11,4.7,3403.0,Electronics > Home Audio > Speakers > Bluetooth Speakers,Bluetooth Speakers
B0C3VYB9SV,https://www.amazon.in/dp/B0C3VYB9SV?th=1&psc=1&language=en_IN,7SEVEN® Compatible for IFB AC Remote Original 204 Model Suitable for Split and Window Air Conditioner of 1 1.5 2 Ton IFB ac - Match Exactly with Existing Model of IFB Remote Control,449.0,899.0,0.5,3.6,3.0,"Electronics > Home Theater, TV & Video > Accessories > Remote Controls",Remote Controls
B0CH173P8K,https://www.amazon.in/dp/B0CH173P8K?th=1&psc=1&language=en_IN,Motorola C401I Digital Cordless Landline Phone | Hands-Free Speakerphone | 50 Name & Number Phonebook with Digital Display |12 Hr Talktime / 250 Hr Standby Time (Black),2599.0,3999.0,0.35,3.7,178.0,Electronics > Telephones & Accessories > Landline Phones,Landline Phones
B088KRHPG5,https://www.amazon.in/dp/B088KRHPG5?th=1&psc=1&language=en_IN,"Juarez JRZ10HM Key C Diatonic Blues Harmonica 10 Hole 20 Tones with Case, Mouth Organ for Beginners, Students, Kids & Professionals, Silver",338.0,790.0,0.57,4.2,6060.0,Musical Instruments > Wind Instruments > Harmonicas,Harmonicas
B0CY9DLMSY,https://www.amazon.in/dp/B0CY9DLMSY?th=1&psc=1&language=en_IN,"Erh India 2 Pcs 2 inch Square 4 Ohm 3 Watt Full Rang Audio Speaker for Amplifier Board, Sound System DIY Kit",249.0,499.0,0.5,5.0,,Industrial & Scientific > Industrial Electrical > Semiconductor Products > Signal Components > Amplifiers > Audio,Audio
B085HGJZ71,https://www.amazon.in/dp/B085HGJZ71?th=1&psc=1&language=en_IN,Dulcet DC-F90X 220W Single Din Mp3 Car Stereo with in-Built Smartphone Holder/2.1 Amp Ultra Fast Charging/Dual USB Ports/Bluetooth/Hands-Free Calling/FM/AUX Input/SD Card Slot/Remote Control,2365.0,4690.0,0.5,3.8,1544.0,Electronics > Car & Vehicle Electronics > Car Electronics > Car Audio > Car Stereos,Car Stereos
B0DFHTFTQB,https://www.amazon.in/dp/B0DFHTFTQB?th=1&psc=1&language=en_IN,"GOVO Gosurround 320 | 50W Bluetooth SoundBar, 4000 Mah Battery, 2.0 Channel with 58Mm Drivers, Multicolor Led Lights with TWS, Aux, Bluetooth and USB (Platinum Black)",1699.0,6999.0,0.76,3.6,2346.0,Electronics > Home Audio > Speakers > Soundbar Speakers,Soundbar Speakers
B0BJ2ZB4MZ,https://www.amazon.in/dp/B0BJ2ZB4MZ?th=1&psc=1&language=en_IN,"Lenovo Tab P11 Pro Gen-2(11.2 Inch OLED Display with Precision Pen-3,Wi-Fi 8 Gb Ram,256 Gb ROM,120 Hz Refresh Rate,600 Nits Brightness,Quad Jbl Speakers,8200 Mah Battery,Corning Gorilla Glass),Grey",26999.0,50000.0,0.46,3.7,79.0,Computers & Accessories > Tablets,Tablets
B0BD5BL3Y8,https://www.amazon.in/dp/B0BD5BL3Y8?th=1&psc=1&language=en_IN,Dealfreez Silicone TV Remote Case Cover for LG TV Remote AN-MR19BA & AN-MR600 MR20 Magic Remote Case with Lanyard (B-Black) [Remote NOT Included],569.0,1499.0,0.62,4.2,1546.0,"Electronics > Home Theater, TV & Video > Accessories > Remote Controls",Remote Controls
B0DMFHVKCQ,https://www.amazon.in/dp/B0DMFHVKCQ?th=1&psc=1&language=en_IN,"Nu Republic Epic ANC TWS Earbuds with Upto 64 hrs Playtime, 13mm Neodymium Driver, XBass® Technology, ANC + ENC Quad Mics, Hall Sensor Function, Dual Mode (Game/Music), Fast Charging - (Black/Yellow)",998.0,3999.0,0.75,4.0,158.0,"Electronics > Headphones, Earbuds & Accessories > Headphones > In-Ear",In-Ear
B0F79LF4CG,https://www.amazon.in/dp/B0F79LF4CG?th=1&psc=1&language=en_IN,"H.P Sales® TWS Truly Wireless in Ear Earbuds with 4H Playtime, Built-in App Support, Low Latency Gaming, Mics ANC, Breathing LEDs, 8mm Bass Drivers Ear Buds TWS, (White-Color)",399.0,999.0,0.6,3.7452631578947373,29798.275310834815,"Electronics > Headphones, Earbuds & Accessories > Headphones > In-Ear",In-Ear
B081GSW29W,https://www.amazon.in/dp/B081GSW29W?th=1&psc=1&language=en_IN,"JBL Vibe Beam in-Ear Wireless Earbuds (TWS) with Mic,App for Customized Extra Bass Eq,32 Hours Battery&Quick Charge,Ip54 Water&Dust Resistance,Ambient Aware&Talk-Thru,Google Fastpair (Blue)",2299.0,5999.0,0.62,3.6,28448.0,"Electronics > Headphones, Earbuds & Accessories > Headphones > In-Ear",In-Ear
B0D1H3PFDW,https://www.amazon.in/dp/B0D1H3PFDW?th=1&psc=1&language=en_IN,Kobo Libra Colour SleepCover Case | Garden Green Basic | Sleep/Wake Technology | Built-in 2-Way Stand | Vegan Leather | Compatible with 7” Kobo Libra Colour eReader,2999.0,,,4.6,784.0,Electronics > eBook Readers & Accessories > Covers,Covers
B0F4928Z5P,https://www.amazon.in/dp/B0F4928Z5P?th=1&psc=1&language=en_IN,BLACKSHEEP Videocon D2h Remote Control Compatible with Videocon SD/HD DTH Replacement of Original D2h DTH Set Top Box-White,299.0,1999.0,0.85,3.8813253012048192,2095.7256097560976,"Electronics > Home Theater, TV & Video > Accessories > Remote Controls",Remote Controls
B0BP7KHC6S,https://www.amazon.in/dp/B0BP7KHC6S?th=1&psc=1&language=en_IN,Marshall Acton III Wired Connectivity Stereo Home Speakers with Bluetooth 5.2 & RCA or 3.5mm Input – Cream,27999.0,31999.0,0.13,4.5,1099.0,Electronics > Home Audio > Speakers > Bluetooth Speakers,Bluetooth Speakers
B08SCHWG3Y,https://www.amazon.in/dp/B08SCHWG3Y?th=1&psc=1&language=en_IN,"Bose SoundLink Revolve+(Series II) Portable and Long-Lasting Bluetooth Speaker with 360° Wireless Surround Sound, 17 Hours of Battery Life, Water and Dust Resistant (Triple Black)",22099.0,29400.0,0.25,4.5,803.0,Electronics > Home Audio > Speakers > Bluetooth Speakers,Bluetooth Speakers
B07R7L3HY7,https://www.amazon.in/dp/B07R7L3HY7?th=1&psc=1&language=en_IN,"HUION Inspiroy H640P 6*4 inch Graphics Drawing Tablet with Battery-Free Stylus 8192 Pressure Sensitivity 6 Customized Hot Keys, Digital Pen Tablet for Linux, Mac, Windows PC and Android, Black",2470.0,6999.0,0.65,4.2,1864.0,"Computers & Accessories > Accessories & Peripherals > Keyboards, Mice & Input Devices > Graphic Tablets",Graphic Tablets
B0CY1Y48Q5,https://www.amazon.in/dp/B0CY1Y48Q5?th=1&psc=1&language=en_IN,"Noise 3 Wireless On-Ear Headphones with 70H Playtime, 40mm Driver, Low Latency(up to 45ms),Dual Pairing, BT v5.3 (Dark Brown)",1699.0,5499.0,0.69,3.9,1967.0,"Electronics > Headphones, Earbuds & Accessories > Headphones > On-Ear",On-Ear
B0BVZT8FFC,https://www.amazon.in/dp/B0BVZT8FFC?th=1&psc=1&language=en_IN,Caldipree Silicone Remote Cover Case Pouch Sleeve Compatible for TCL Smart LED TV Remote Cover with Loop (Black),399.0,999.0,0.6,4.3,99.0,"Electronics > Home Theater, TV & Video > Accessories > Remote Controls",Remote Controls
B0CQ814YP4,https://www.amazon.in/dp/B0CQ814YP4?th=1&psc=1&language=en_IN,"boAt Aavante Bar 5400D with 550W Dolby Audio, 5.1 Channel with Wireless subwoofer & Satellites, 3 Dynamic LED Modes, Decor Enhancing Design, LED Display(Premium Black)",13999.0,54990.0,0.75,3.9,24330.0,Electronics > Home Audio > Speakers > Soundbar Speakers,Soundbar Speakers
B0DY4X25Y5,https://www.amazon.in/dp/B0DY4X25Y5?th=1&psc=1&language=en_IN,NEWTECH'S Prestige Mini invertor CFL UPS can (NP-150) with 12V 7.2 AH EXIDE Battery,4178.5,6499.666666666667,0.29333333333333333,3.8499999999999996,501.0,Home & Kitchen > Kitchen & Home Appliances > Inverters & Sets > Inverters,Inverters
B06Y5FDXD4,https://www.amazon.in/dp/B06Y5FDXD4?th=1&psc=1&language=en_IN,"Nillkin Short Version Type C Wireless Charging Receiver with Cable, Charging Adapter, Black",2799.0,4999.0,0.44,3.9,4252.0,Electronics > Mobiles & Accessories > Mobile Accessories > Chargers > Induction Chargers,Induction Chargers
B0F2HTQXQL,https://www.amazon.in/dp/B0F2HTQXQL?th=1&psc=1&language=en_IN,"Spaiko 10 Inch Subwoofer 250w RMS Woofer with 1000w Peak Power & 4 Layer Copper Coil, 4 Ohm, 120x25mm Magnet for Car, Home Theater & DIY Bass Audio Projects",1399.0,1999.0,0.3,4.0,295.11538461538464,Electronics > Car & Vehicle Electronics > Car Electronics > Car Audio > Car Speakers > Component Subwoofers,Component Subwoofers
B0F79K5G9N,https://www.amazon.in/dp/B0F79K5G9N?th=1&psc=1&language=en_IN,"Audiocular M01 Portable Mp3 Music Player with Bluetooth 5.0, Hi-Fi Audio, 1.77-inch Colour Screen, 32gb Storage (up to 128gb), Type-C Port, SD Card Slot, Video Playback, E-Book, Alarm (Black)",1652.0,2499.0,0.34,4.8,5.0,Electronics > Portable Media Players > MP3/MP4 Players,MP3/MP4 Players
B0DKJLNN79,https://www.amazon.in/dp/B0DKJLNN79?th=1&psc=1&language=en_IN,"boAt Nirvana Lucid w/ 32 dB ANC, Multi-Point Connectivity, in-Ear Detection, 60HRS Playback, Hearables App, 4 Mics ENx, IPX5 Truly Wireless in Ear Earbuds, TWS Ear Buds(Zinc White)",1699.0,6990.0,0.76,3.5,265.0,"Electronics > Headphones, Earbuds & Accessories > Headphones > In-Ear",In-Ear
B0DKJ41YRB,https://www.amazon.in/dp/B0DKJ41YRB?th=1&psc=1&language=en_IN,Wireless Bluetooth Speaker for Xiaomi Mi 8 Ultra Boost Bass DJ Sound Portable Home Speaker Audio Line in TV Supported USB FM AUX Cable Waterproof TG113 Speaker - (SE.F),999.0,1599.0,0.38,4.098,7215.486301369863,Electronics > Home Audio > Speakers > Bluetooth Speakers,Bluetooth Speakers
B0B8YMQRFV,https://www.amazon.in/dp/B0B8YMQRFV?th=1&psc=1&language=en_IN,"Samsung Galaxy Buds2 Pro, with Innovative AI Features, Bluetooth Truly Wireless in Ear Earbuds with Noise Cancellation (Graphite)",9999.0,19999.0,0.5,4.3,9497.0,"Electronics > Headphones, Earbuds & Accessories > Headphones > In-Ear",In-Ear
B07YNTJ8ZM,https://www.amazon.in/dp/B07YNTJ8ZM?th=1&psc=1&language=en_IN,"Zebronics ZEB-COUNTY 3W Wireless Bluetooth Portable Speaker With Supporting Carry Handle, USB, SD Card, AUX, FM & Call Function. (Green)",549.0,999.0,0.45,3.8,18650.0,Electronics > Home Audio > Speakers > Bluetooth Speakers,Bluetooth Speakers
B0D3V5MP89,https://www.amazon.in/dp/B0D3V5MP89?th=1&psc=1&language=en_IN,amazon basics TWS in-Ear Earbuds (P80) with Fast Charging up to 80 Hours of Playtime | Dual 12mm Driver | IPX4 Water-Resistance | Bluetooth 5.3 | Quad Mic with ENC | Touch Control (Black),659.0,2999.0,0.78,3.2,4953.0,"Electronics > Headphones, Earbuds & Accessories > Headphones > In-Ear",In-Ear
B07S8PSW59,https://www.amazon.in/dp/B07S8PSW59?th=1&psc=1&language=en_IN,boAt Bassheads 102 in Ear Wired Earphones with Mic(Charcoal Black),499.0,1290.0,0.61,4.1,87242.0,"Electronics > Headphones, Earbuds & Accessories > Headphones > In-Ear",In-Ear
B0DCFTMCN8,https://www.amazon.in/dp/B0DCFTMCN8?th=1&psc=1&language=en_IN,"Portronics Muffs M3 Over Ear Headphones with ANC Enabled, Upto 40 Hours Playtime, in-Built Mic, 40mm Driver, Powerful Bass, Soft Ear Cushion, BT 5.3V, AUX in, Foldable Design, Type C Fast Charging",1499.0,2999.0,0.5,3.8,67.0,"Electronics > Headphones, Earbuds & Accessories > Headphones > Over-Ear",Over-Ear
B09V5PPRBM,https://www.amazon.in/dp/B09V5PPRBM?th=1&psc=1&language=en_IN,Cotbolt Silicon Case Compatible with Fire TV Stick 2021 Remote Control 3rd Generation Alexa Voice Firetvstick Cover (Black) (Remote Not Included),301.0,998.0,0.7,4.4,747.0,"Electronics > Home Theater, TV & Video > Accessories > Remote Controls",Remote Controls
B09N936H85,https://www.amazon.in/dp/B09N936H85?th=1&psc=1&language=en_IN,"JBL BASSPRO8-8"" (20cm) Compact Powered Subwoofer System with 100W RMS Class D Amplifier, Remote Bass Controller Included. Oversized Protection Bars. Bass EQ Control with posibility of 9dB Boost.",15800.0,18990.0,0.17,4.5,958.0,Electronics > Car & Vehicle Electronics > Car Electronics > Car Audio > Car Speakers > Component Subwoofers,Component Subwoofers
B0CFHPG7JW,https://www.amazon.in/dp/B0CFHPG7JW?th=1&psc=1&language=en_IN,"OIVO INDIA Controller Stand 3 Tier,Headphone Holder, Multi Adjustable Game Controller Headset Hanger for All Universal Gaming PC Accessories, Compatible for Xbox PS4 PS5 Nintendo Switch (White)",1349.0,1999.0,0.33,4.6,36.0,Video Games > PlayStation 4 > Accessories > Headsets,Headsets
B0CJM2NST8,https://www.amazon.in/dp/B0CJM2NST8?th=1&psc=1&language=en_IN,"ZEBRONICS Juke bar 9550 pro 5.2 Soundbar (625 Watts), Dolby Audio, Dual Wireless Subwoofer & Satellite, BT v5.3, HDMI ARC, Optical, Powerful Bass, RGB LED Lights, Wall Mountable, Silver",18077.130952380954,25923.78947368421,0.5797368421052632,4.0,10444.0,Electronics > Home Audio > Speakers > Soundbar Speakers,Soundbar Speakers
B0CQK72H5Z,https://www.amazon.in/dp/B0CQK72H5Z?th=1&psc=1&language=en_IN,BlueRigger High Speed Micro HDMI to HDMI Female Adapter (NOT Micro-USB) with Ethernet (20CM),538.0,899.0,0.4,4.3,12152.0,"Electronics > Home Theater, TV & Video > Accessories > Cables > HDMI Cables",HDMI Cables
B0B9T219C2,https://www.amazon.in/dp/B0B9T219C2?th=1&psc=1&language=en_IN,"Sounce AirPods 3 Case Cover with Keychain Neck, Protective Silicone Case Skin Compatible with AirPods 3rd Generation (2021 Released), Shockproof, Supports Wireless Charging [Blue]-(Case Cover Only)",209.0,999.0,0.79,3.8,1860.0,"Electronics > Headphones, Earbuds & Accessories > Cases",Cases
B0D3PQTM8Z,https://www.amazon.in/dp/B0D3PQTM8Z?th=1&psc=1&language=en_IN,"EDYELL Motorcycle Bluetooth Headsets, LED Emergency Light, HD Calling HiFi Stereo Sound, Wireless Dual Earphone On Ear Helmet Bluetooth V5.4, IP67 Waterproof, Compatible with All Helmets(C8)",2183.0,5999.0,0.64,4.4,346.0,Electronics > Car & Vehicle Electronics > Car & Vehicle Electronics Accessories > Audio & Video Accessories > Motorcycle Bluetooth Headsets,Motorcycle Bluetooth Headsets
B0DZ6H54MC,https://www.amazon.in/dp/B0DZ6H54MC?th=1&psc=1&language=en_IN,"VOOK Wireless Mic with Noise Reduction for Video Recording, Support Type C Android & iPhone, Dual Channel Mic Wireless | Mics for YouTube Wireless | Charging Case Included (VOOKLM1)",2099.0,6999.0,0.7,4.2,526.0,Musical Instruments > Microphones > Wireless,Wireless
B0D9Y6VNJ2,https://www.amazon.in/dp/B0D9Y6VNJ2?th=1&psc=1&language=en_IN,"Pagaria Pocket FM Radio, 5 Watts with Bluetooth/USB/TF, Type C Charging, Earphone, Rechargeable, Model: WALKIE (White)",1090.0,1990.0,0.45,4.5,144.0,Electronics > Portable Media Players > Radios,Radios
B0F4Z35J1H,https://www.amazon.in/dp/B0F4Z35J1H?th=1&psc=1&language=en_IN,"(Refurbished) realme Buds T200 Lite Bluetooth in Ear Earbuds,4 Mic, AI ENC for Calls,48 Hours Total Playback with Fast Charging and Ultra Low Latency Gaming TWS,Google Fast Pair,with mic (Storm Grey)",2618.412331406551,5360.055396825397,0.5959722222222222,3.7452631578947373,29798.275310834815,"Electronics > Headphones, Earbuds & Accessories > Headphones > In-Ear",In-Ear
B09BVXT8TJ,https://www.amazon.in/dp/B09BVXT8TJ?th=1&psc=1&language=en_IN,"SHOKZ OpenRun Pro Bone Conduction Sports Headphones, Open-Ear Sports Earphones with Mic, Bluetooth Wireless Bone Conduction Headset, IP55 Waterproof, Ideal Sports Headphones Gift (Swift Black)",15999.0,26999.0,0.41,4.5,16069.0,"Electronics > Headphones, Earbuds & Accessories > Headphones > Open-Ear Headphones",Open-Ear Headphones
B08HHZW786,https://www.amazon.in/dp/B08HHZW786?th=1&psc=1&language=en_IN,4D Furnishers Double SubWoofer Amplifier 600 Watts HSWA-302 (New Version 20.06.2024),8000.0,10000.0,0.2,3.8,110.0,Electronics > Home Audio > Receivers & Separates > Amplifiers,Amplifiers
B075MYT1BM,https://www.amazon.in/dp/B075MYT1BM?th=1&psc=1&language=en_IN,"Amkette Pocket FM Radio Portable Multimedia Speaker with Powerful Torch | USB, AUX, and SD Card Input | 12 Hours Playback | External FM Antenna (Black)",899.0,1499.0,0.4,3.9,4882.0,Electronics > Portable Media Players > Radios > AM/FM Radios,AM/FM Radios
B07ZNT7PRL,https://www.amazon.in/dp/B07ZNT7PRL?th=1&psc=1&language=en_IN,"Anker Conference Microphone, PowerConf Bluetooth Speakerphone with 6 Mics, Enhanced Voice Pickup, 24H Call Time, USB C, Computer Conference Speaker Compatible with Leading Platforms, for Home Office",7978.0,19998.0,0.6,4.4,5212.0,Electronics > Home Audio > Speakers > Bluetooth Speakers,Bluetooth Speakers
B07KG4XWT4,https://www.amazon.in/dp/B07KG4XWT4?th=1&psc=1&language=en_IN,Crysendo Headphone Cushion (55mm / 5.5cm) 6Pcs 5mm Thick Replacement Earpads for Headphone Sponge Cover | High-Density Foam Ear Cushion for Headphones for Enhanced Comfort & Long Life,292.0,849.0,0.66,4.1,1991.0,"Electronics > Headphones, Earbuds & Accessories > Earpads",Earpads
B0DFC3Q819,https://www.amazon.in/dp/B0DFC3Q819?th=1&psc=1&language=en_IN,"OBAGE Newly Launched Classic-5 100W 2.1 Home Theatre System with HDMI ARC, Optical in, Bluetooth V5.3, USD,FM, AUX",4899.0,9000.0,0.46,4.1,1505.0,"Electronics > Home Theater, TV & Video > Home Theater Systems",Home Theater Systems
B0DCVPD66R,https://www.amazon.in/dp/B0DCVPD66R?th=1&psc=1&language=en_IN,"soundcore by Anker R50i VI True Wireless Earbuds, 10mm Drivers with Big Bass, Bluetooth 5.3, 30H Long Playtime, Water-Resistant, 2 Mics for AI Clear Calls, 22 Preset EQs, Customization (Blue)",1099.0,2249.0,0.51,4.2,44838.0,"Electronics > Headphones, Earbuds & Accessories > Headphones > In-Ear",In-Ear
B0F6LZ5R89,https://www.amazon.in/dp/B0F6LZ5R89?th=1&psc=1&language=en_IN,"Cocoonkart Cable Management Kit, Adjustable Quad Entry Flexible Spine Wire Organizer Cord Snake for Home Office (White)",899.0,1499.0,0.4,3.0,6.0,Home Improvement > Electrical > Cord Management > Cable Straps,Cable Straps
B0BSN1QFXX,https://www.amazon.in/dp/B0BSN1QFXX?th=1&psc=1&language=en_IN,"MSI GeForce RTX 3050 Ventus 2X E 6G OC PCI_E Graphic Card - Nvidia Geforce RTX 3050 Gpu, 6Gb GDDR6 96-Bit Memory, 14 Gbps, PCI Express Gen 4 x16Interface, Up to 1492 Mhz, Dual Fan",18939.0,33999.0,0.44,4.3,50.0,Computers & Accessories > Components > Graphics Cards,Graphics Cards
B0D737V4YL,https://www.amazon.in/dp/B0D737V4YL?th=1&psc=1&language=en_IN,"boAt Airdopes 191 ANC, 32dB ANC, Ambient Mode, 60HRS Battery, 4Mics ENx, in-Ear Detection, IWP Tech, Fast Charge, v5.3 Bluetooth Earbuds, TWS Ear Buds Wireless Earphones with mic (Pellucid Green)",1615.0,6990.0,0.77,3.2,279.0,"Electronics > Headphones, Earbuds & Accessories > Headphones > In-Ear",In-Ear
B0DW3WGKHD,https://www.amazon.in/dp/B0DW3WGKHD?th=1&psc=1&language=en_IN,"boAt Aavante Bar Quake, Wired Subwoofer, 200W RMS Signature Sound, 2.1CH, Multiple Ports, Bass & Treble Controls, 4 EQ Modes, Bluetooth Sound bar, Home Theatre Soundbar Speaker (Midnight Black)",6999.0,22990.0,0.7,3.6,13.0,Electronics > Home Audio > Speakers > Soundbar Speakers,Soundbar Speakers
B0DR5SGQYR,https://www.amazon.in/dp/B0DR5SGQYR?th=1&psc=1&language=en_IN,M.G.R.J® Portable Carrying Headphone Case Cover for Noise Airwave Max 4 Wireless Over-Ear Headphones (Hard|EVA|Black),299.0,999.0,0.7,4.0,7.0,"Electronics > Headphones, Earbuds & Accessories > Cases",Cases
B0CKHVHVQ1,https://www.amazon.in/dp/B0CKHVHVQ1?th=1&psc=1&language=en_IN,"Audio Array AM-W45 Wireless Conference Microphone with Speaker | Bluetooth, USB & 4 Mics | 360° Pickup Upto 4M | Noise Reduction & Enhanced Voice | Portable Speakerphone for Video Calls/Zoom Meeting",4999.0,9999.0,0.5,3.8,129.0,Computers & Accessories > Accessories & Peripherals > Audio & Video Accessories > PC Speakers,PC Speakers
B0894MND8N,https://www.amazon.in/dp/B0894MND8N?th=1&psc=1&language=en_IN,"JBL Bar 9.1, Truly Wireless Soundbar with 9.1 (5.1.4) Channel, True Dolby Atmos® DTS:X 3D Sound, 10” Down-Firing Wireless Subwoofer, HDMI ARC, Bluetooth, Built-in Chromecast & AirPlay 2 (820W)",69999.0,105999.0,0.34,4.2,1670.0,Electronics > Home Audio > Speakers > Soundbar Speakers,Soundbar Speakers
B0BQ7G5DJX,https://www.amazon.in/dp/B0BQ7G5DJX?th=1&psc=1&language=en_IN,"Destinio Universal Travel Adapter- 6-in-1 Fast (35W) Charging with PD/QC 3.0, 2 Type C & 3 USB Ports Universal Charger, International Travel Adapter, All in One Plug, Socket Adaptor",1793.0,5999.0,0.7,4.4,572.0,Electronics > Power Accessories > International Power Adapters,International Power Adapters
B0DT4WBV11,https://www.amazon.in/dp/B0DT4WBV11?th=1&psc=1&language=en_IN,"Beats Powerbeats Pro 2 Wireless Bluetooth Earbuds – Noise Cancelling, Heart-Rate Monitor, IPX4, Up to 45 Hours Battery & Wireless Charging Case, Works with Apple & Android - Hyper Purple",2618.412331406551,5360.055396825397,0.5959722222222222,4.0,13.0,"Electronics > Headphones, Earbuds & Accessories > Headphones > In-Ear",In-Ear
B0CZN14CYG,https://www.amazon.in/dp/B0CZN14CYG?th=1&psc=1&language=en_IN,"RAYNEO Air 2 AR Smart Glasses - 201"" Micro OLED, XR 120Hz 600nits Brightness, VR 1080P Video Display - Black",16544.428571428572,20952.571428571428,0.37999999999999995,3.7,137.0,Electronics > Mobiles & Accessories > Mobile Accessories > Virtual Reality (VR) Headsets,Virtual Reality (VR) Headsets
B088FLHXJX,https://www.amazon.in/dp/B088FLHXJX?th=1&psc=1&language=en_IN,"ZEBRONICS Duke Wireless Headphone with Up to 60h Backup, Supports Bluetooth, Dual Pairing, Gaming Mode, Environmental Noise Cancellation (ENC), LED Lights, Deep Bass, Voice Assistant Support (Blue)",1199.0,2499.0,0.52,3.7,15027.0,"Electronics > Headphones, Earbuds & Accessories > Headphones > Over-Ear",Over-Ear
B0C7WN82QH,https://www.amazon.in/dp/B0C7WN82QH?th=1&psc=1&language=en_IN,"SKYCELL Caddy for SSD & HDD for Optical Bay 2nd Hard Drive Caddy, Caddy 9.5mm for Laptop",212.0,648.5,0.52,4.3,55.0,Computers & Accessories > Accessories & Peripherals > Hard Drive Accessories > Caddies,Caddies
B0BNJLTHSS,https://www.amazon.in/dp/B0BNJLTHSS?th=1&psc=1&language=en_IN,Ledger STAX - Next-Gen Secure Touchscreen Crypto Wallet with Curved E Ink Display,45499.0,59999.0,0.24,4.3,138.0,Electronics > Computers & Accessories,Computers & Accessories
